mean_r,mean_g,mean_b,std_r,std_g,std_b,mean_lbp,std_lbp,SRE_deg0,LRE_deg0,RP_deg0,LGLRE_deg0,SRLGLE_deg0,SRHGLE_deg0,LRHGLE_deg0,LRE_deg45,GLN_deg45,LGLRE_deg45,LRHGLE_deg45,SRE_deg90,LRE_deg90,RLN_deg90,LGLRE_deg90,LRHGLE_deg90,LRE_deg135,RLN_deg135,LGLRE_deg135,LRHGLE_deg135,coarseness_tamura,contrast_tamura,directionality_tamura,label
47.47073007669599,43.05801026118702,41.18571922207282,97.8659157142516,89.6411305068024,85.73075732940198,223.6087528075539,68.94211069937145,0.8155711456529848,628.3696017274472,0.4676840215439856,0.148212130933954,0.0939522337687475,29777.543019790985,71078.89671305183,339.62433959858924,3379.0403393719635,0.1527554214157828,58294.1354088469,0.8112028892848252,684.7058246925303,40178.97512674028,0.147068595136209,73272.53021090197,310.087376851655,44530.47905592175,0.1522578120859412,58832.13900347296,7.331193708074488,66.444129676876,471.0761904761905,0
22.59013806534629,20.561959867151227,19.90928811142604,71.07519928751762,65.52824275486988,63.42862120647208,235.9054713175329,55.83417743564548,0.8201615763772758,1565.686373117696,0.2608912810114503,0.1862737695786746,0.1221956166301895,25902.40014441053,43708.77169471669,722.1792133927135,2360.33471052208,0.1892992656916321,38328.14618769115,0.8132254282752102,1242.3398197577635,21615.00843809196,0.1860464043633741,45096.409362263934,791.6019010493152,23530.43235521854,0.1890574194719227,37879.27960377006,5.174468344085273,38.196586970994005,449.2782494729044,0
12.506681825354118,11.75401253423854,11.67699453397151,53.599118543610814,51.256950605417536,50.924133985183616,239.07903286495147,52.108692681622415,0.770889459828652,1803.8981961235847,0.2317510673624288,0.2653353482733651,0.1656934703516056,18841.721436753523,29026.70655024628,1130.9715407551737,4071.7369291175855,0.2739850366856384,26015.91665928616,0.771858034289224,1670.0234507470327,17372.356624116197,0.265421611620198,30312.978052916147,939.720092881077,18367.84080888837,0.2754905423345423,25342.28214096761,5.475682039787508,25.01700555501507,457.9144625773776,1
12.135971503311628,11.346315467245503,11.279377933619042,52.940708468085,50.41285335225831,50.208228708848125,238.79577373332592,52.39873841572639,0.7517344720311417,1356.7554376657824,0.2315497248427672,0.2825432188943113,0.1744519361573266,16401.76623556702,42603.44940760389,726.8751497102903,4154.186482374648,0.2869046446740843,30795.08464700741,0.7461187236925917,1916.5445101716923,14340.609219448854,0.279700942936712,37659.6004905497,823.058504910758,15601.143961888603,0.2840843541025543,30801.84383463308,5.34355114005306,24.394778851574834,560.5732899022802,0
45.73353904234089,37.623260159398,43.98500082622567,95.21314153920572,79.97002201384622,92.32667245992155,215.332565367162,75.36502775028728,0.8238005871788893,408.8733308050061,0.6480106581125827,0.1838595902482501,0.1199404377885146,22036.04293491533,40367.92332182279,167.0415596304565,6197.406385741376,0.1883811628878974,33949.9154141484,0.8303422763382291,402.6466553667863,65739.16744846072,0.1840856356894576,38755.93092948086,161.29826724580823,69670.4708701135,0.1879845456575328,33815.53161459063,7.174838885993569,61.343704387162674,508.71398188953935,1
30.02953432367346,25.753301133750035,24.9600008117542,80.07587939642734,70.02878990692449,67.84872141799872,223.52496144167543,70.00748198760182,0.7997021351386397,354.2619669043455,0.3741643846649484,0.2191653557084682,0.1377182364114188,20049.952313452,29374.041409928697,162.85252344352412,3375.0898937890206,0.2259367623879403,25911.897644454395,0.7986887083417407,394.5915893364802,22246.38604301883,0.2187515819420577,29276.72255001877,190.35267924910187,23208.2984364722,0.2236344112353936,26776.062667611197,7.603647482209054,45.20906045688213,501.9583005982958,0
55.72894950444292,48.608627392344495,51.614383971291865,102.31890159826408,91.06508751017668,96.6237700680698,201.74901386990203,85.03243475333838,0.8436188070805364,133.60940120310036,0.7700516550164473,0.1946082513896291,0.1309776336598692,23637.293887309854,32113.253510433267,67.18642217155336,8225.741818940878,0.2010483441116806,30237.26969395292,0.8339827950636016,124.56875213675214,76519.06502564103,0.1933645328174343,34178.42194871795,68.63690298417106,82438.48126922114,0.2002861245470027,30621.2103126236,7.294094611528822,73.04887685142836,250.85017850547837,1
52.91481443230523,46.531396386759816,52.50968965084798,98.09046252902156,87.73021976843486,97.60156129017707,212.83696157336027,77.6001465585796,0.8248401503298842,259.80443364035773,0.6213399847571538,0.1718032060424458,0.1107990094290111,23184.59255613866,141747.55575503467,123.85753646005966,5062.504101756712,0.1749251413078414,55289.311868163735,0.8178433607816658,304.793255506559,56430.62052227616,0.1710130957242739,74870.14380921703,114.85592719046087,61320.73947966501,0.1751950152572619,55107.498894781085,7.888279469153198,70.39459002412204,564.3913786875376,1
22.806566582708403,19.502568694746305,19.164928040870787,71.22712947850525,61.88880160557596,60.81865473127376,234.5406388914655,57.90071689241065,0.8104271900104071,1270.770335441003,0.3387473861524163,0.2018421454569098,0.1333314998847944,21325.044774636688,38590.27885542814,649.6661720163438,3541.035696135629,0.203329505085365,33898.60703758665,0.8013374845405302,1632.6665934210816,27313.31439934958,0.200345696559744,42620.45278955811,618.2814913934676,29998.71729213552,0.2043561527618098,34001.53980901405,5.075537463699349,36.88746959326728,466.5026908511063,1
66.0463279596157,63.07738967594855,63.70003774925612,109.28328338698674,105.86736232331272,106.79335097761812,195.16792127429645,87.74467960304548,0.806625426970751,45.57176441474883,0.9459269662921348,0.2224825935197954,0.1466739622463171,24276.276339104264,62941.28554967829,28.299486678797024,11498.90856373615,0.229208338710736,53461.68964777586,0.7979345979983498,69.31454072264533,74440.2373584966,0.2199145676540787,70836.54098609315,29.43618305571808,81829.87466208459,0.2280578720745157,50738.23036017153,7.960892510843659,87.70166603246238,545.8852713178295,1
8.794679581344106,7.480113845023871,7.489281123760558,43.86132359032586,39.00202918609986,39.23539250972444,232.14798475945648,61.11334818036027,0.7373134035991955,565.5398621091474,0.2873325892857143,0.3353623761910351,0.2076291914528913,8301.338774928267,9813.698120994368,271.32913681108954,7798.346771133284,0.3380605719652583,8794.627268465814,0.7317791739175356,615.7520525858862,20013.43785191616,0.3331568956374911,9985.87540617636,291.6864473125014,22058.22911400899,0.3374773594570146,8856.782808061378,7.576891296364304,17.556279954922676,562.4368986983587,0
42.789212298422825,39.99427166400851,41.1881003012582,93.02548112169512,88.56559140051259,90.69132688072612,222.01754385964912,71.45867381425576,0.8484680807803948,697.122034637115,0.4706991792929293,0.1704649719891874,0.1194824165435795,26474.143344557266,175225.05879591595,294.15167486343177,3330.092674174583,0.1711734787319142,129471.00530253272,0.8494903623875097,601.1821376817629,40931.70986225161,0.1695864453193511,144399.24876326264,282.829087540528,42283.63832233952,0.1734059572573453,105816.20434109024,5.533590288853447,63.03426948649478,444.51675814225615,0
29.25076757874642,26.909831371301305,27.564814667515112,78.91582302916856,73.54316576500054,75.1971239076609,225.61090916321984,67.72120067471272,0.7625266007660009,386.44089424598496,0.41435546875,0.2360661382990119,0.1453832659725273,20337.173784011284,42595.75928419919,234.54326138787803,6296.297276948174,0.2452392084634509,35831.01529363784,0.7669798597039583,486.1263989690023,32278.172997354675,0.2364377995211418,41988.11407108458,208.6309640637413,34805.14925931118,0.2449530696690789,34461.75589201988,8.48444559338212,46.68147395037864,452.7575732147352,0
16.50213836968822,15.594326296484176,15.40202520778866,61.40706821213925,58.93028571750762,58.1870620055686,236.8509813868186,55.05444968718981,0.7517429874189991,1340.335368970434,0.2776275693116635,0.2607060993692778,0.1584452848951961,19177.56950231435,50885.51639719136,584.0211710384124,4861.40126731506,0.2672567318387193,39711.47927104824,0.7444624509809146,1304.494553615414,18805.75417373693,0.2613984397930778,57046.51283595161,572.258961300957,20787.21487440648,0.2680787452189861,41466.53273304303,6.6724353221212,30.99290762978157,556.8443218851844,0
39.77862305217864,31.463416468229106,30.85480636671262,89.26513191500817,72.62801244178263,71.15772652715818,213.41805990725652,77.41806896353687,0.8314882169533718,240.04300060826492,0.6231203589108911,0.2070863192500541,0.1388853029003144,17710.24508161151,28315.189666943905,114.63989008255652,6067.331410567709,0.2115824631995586,25498.167268764733,0.8262064482189841,275.60234960400635,51072.92205640556,0.2057080546677669,29006.98324400989,129.54481581971777,54463.42814658594,0.2116009362661207,25625.500195495315,7.674549860049296,52.59348453376878,255.3588886297074,0
58.9517865100651,47.02157645945938,51.608742129595456,103.38990608456648,84.95967959969646,93.05754949396535,199.90693853224303,85.59639066468469,0.8583727707572516,144.2171349009901,1.0165056360708535,0.1741269142374115,0.1202570727054445,21237.397194506902,29628.79535891089,75.58187862196466,9407.909162015145,0.1805826175612411,27379.516810656427,0.8596536831750365,149.00457312362883,113062.46085344374,0.1753262432196529,29998.348805734942,78.62005314690303,118376.56240005232,0.1802737366144676,27690.708411359406,7.495487589161465,71.52599119056528,613.5825192233225,1
21.11584146615994,18.34349440081924,17.47348279195413,68.08434291754165,60.65643018023819,57.74327065892276,226.1801139699229,67.19868509640204,0.7785105767448915,640.8994508294174,0.430329067047817,0.2721519829698161,0.1689269815961879,15522.878596257486,22366.96225631735,227.02453483491885,6615.706945998881,0.2772569781088885,19990.15848838836,0.7722986035035249,424.7734406208983,29172.23920942,0.2723722916862503,22927.88021457513,277.8903991711009,31856.872293345976,0.2773790650783245,20250.427392304584,7.611645942856134,34.75738557439235,554.8336594911937,0
23.40401026414648,21.90024255331736,22.354002129736447,72.3850950358965,68.59804767026283,70.02149365155853,233.90235749992604,58.72260245567001,0.7691700727597194,871.2506613008976,0.2440357962570621,0.2157915858849504,0.1294218607187129,24048.992677984512,71262.07772829011,502.442193376198,4454.220348578592,0.2269583985992113,53769.69574184156,0.7789285404396387,1034.2410356832029,26011.582027850305,0.2194003402370821,69649.63507397738,555.9041040392173,27716.062067009683,0.2264102624173523,52306.54012883361,6.511987162421984,40.29598942699552,650.7633998882284,0
69.75259716621864,53.006632924507166,55.02544662858423,110.31451101918104,85.17332088254453,88.59192969695947,206.5245400705645,81.12190766194576,0.8564577881456248,269.1661823942068,0.74920654296875,0.1244450015086817,0.0853007632411976,24503.341786254743,41291.86303688617,137.17786223609198,4593.051325859935,0.1278924053543334,37726.73999721055,0.85361341186524,346.9274747474748,74785.89990817264,0.1242332614226154,43068.116776859504,125.69697761291502,80743.43804150014,0.1272156950944776,37494.73584807084,7.172704553091398,78.12424384366055,477.1275507033208,0
7.561683735788781,6.486650479435458,6.432609523432748,40.70746110512922,36.5261314207935,36.11218605929502,234.9348323830341,57.78765587133666,0.7252698946605847,664.2160717975969,0.2401386683303085,0.3375123117848618,0.2094838248888642,8006.460787025978,9735.099695923009,327.5624359181911,6611.525174032702,0.3376474584243616,8588.427445901463,0.7257826438584362,897.6455530529007,16034.467340354297,0.3352537921310792,9954.472210385342,375.3751319457601,17756.367634720005,0.3386103661899966,8737.202154437437,6.748863844286089,15.718586715227808,556.4383313727265,0
53.62858150929328,46.23938528518933,45.433568993982,101.8645813347361,89.23028211631524,87.71642567869412,214.83639891889013,76.08017088846513,0.8166749075122062,339.7176722105197,0.6550760654657294,0.1643760195226008,0.1076930665902438,24923.467412281065,57307.29863447249,162.9504199777456,5504.896192136126,0.1685355030472574,47495.8155741337,0.822040742960956,323.2306918238993,60424.6671278826,0.1624820504745443,62503.30388888889,188.44545176834612,64875.95397077228,0.1678803989054526,47403.23457069936,7.731160462267668,70.18219602505307,473.1151266956744,1
60.71205275001056,49.66820098574471,57.356430566531735,105.83057014904136,88.13883396208679,100.642101969883,208.1181083836562,80.17173016279972,0.8350377673450666,256.36551389001374,0.7754094654340836,0.1599113604569299,0.106151793289751,24000.19615966236,49502.89234631894,120.45691211110773,6544.5301936431215,0.163920256610212,40880.07712074398,0.834567856668041,204.8961832554681,80983.13302833863,0.158862204457293,48562.16804345366,129.28336873749032,86403.79537419765,0.1637205867512151,41862.57164548808,7.920398400125481,75.22981336737676,587.5547732375392,0
11.944430349726716,11.000595655027494,11.710508898975805,52.37570677113701,49.10640670428005,51.578277890524696,239.51606889743152,51.40024314331706,0.7644081488907305,2405.1414621035656,0.2803959003215434,0.2620734178416198,0.1625672779994224,17744.68864920445,28259.83947769217,1098.1235235112283,5656.838768449712,0.2675518053246876,24091.1271264509,0.7616240237553816,2290.874436692211,23602.5059819284,0.2596223027060691,31156.912570056043,1056.1379736154274,26058.1909691494,0.2675502042747716,24398.85873345819,4.643925146018211,23.986543572792755,560.9243406830956,0
77.3492769273116,54.83907345063415,53.78839695949522,113.01807681671556,81.10810687876939,79.50948058196889,206.64747930297065,79.61881294730782,0.8249472790063378,254.7280494172805,0.6774521315028902,0.1176177768981283,0.0782189256530602,21481.747848365336,49504.49098423491,92.14949078438887,3578.882761264388,0.1186593418861587,40122.58438060111,0.830707458860736,247.37151021480653,59038.72193391578,0.1174804565179344,46249.14279927303,128.67873569752658,64878.87416924206,0.1182113042446241,39546.08865207909,9.135734400474284,79.4039486801622,598.580330052542,0
66.97480454868514,62.88469705046197,63.91496979388771,110.62811869630508,104.89129556122374,106.4464281182417,214.17144633972995,75.89483512619323,0.7957705933364273,289.66277470599795,0.5798990885416667,0.1610431486035969,0.1008826349404213,29142.643261468053,427442.8370428584,109.94631646380525,4316.798206278027,0.1689100377332947,240839.2048942985,0.8099832068293153,248.7311277299084,45347.45290738633,0.1636837627986245,316536.58857638325,121.89793195463642,47762.34458870016,0.1678988898012002,224218.9783958537,8.065391791044776,87.93325035925793,511.1170348970815,1
67.88143019419051,64.03631944068805,62.88625114945638,110.70464215499614,105.67746109294588,103.7478512487848,207.27849637583168,80.97691424264626,0.81507549375239,155.7932006559993,0.7925261353417267,0.1784814141525289,0.1159764232755744,28106.72142876943,127465.94335357477,116.39668437832094,6850.2350605738575,0.1819621642519905,106605.5894410202,0.805187979002107,318.66731821001,64462.06982164001,0.1734631712057553,229500.0499370384,90.05015152415473,73939.1405566921,0.1827580203681929,103465.97378674569,8.384053659328176,88.52618263505026,237.20876044937015,1
38.866356245658174,34.83201592159366,33.95315991062879,89.53836703934554,81.56800634076858,79.53077070874394,218.45830908169205,73.87542188724943,0.8079811194050003,284.968714796099,0.5035820798755186,0.2071044494268564,0.1324180848444335,23145.348191076777,37144.973719785,200.04670951664616,4862.147346188327,0.2145417507104463,33490.97976022246,0.8074935537416507,449.7717158154995,37230.804594501664,0.2069061370243433,38335.19160676567,208.83382649732172,40698.80200603936,0.2152466478310087,33087.47817180316,8.031922983045757,56.6180809834081,477.01699570815447,1
74.40193627562384,65.43799019236499,64.99855562120914,114.63097598516636,101.61844758362491,100.95531664356476,216.1390189334828,73.69507239096741,0.8014706407374741,314.9733584281148,0.536200236636971,0.1076164676846646,0.0698516441636998,31399.68912895711,110780.76437947204,168.22621557973804,2367.8857147254844,0.1087156768403202,95562.17825424433,0.7825610311198303,589.7072472709201,33204.55542988364,0.1067547136475522,138048.23249875757,160.62625660769396,40445.93066886669,0.1096073759250425,86460.28901213066,7.905721457105485,90.37360832768518,224.91933144118573,0
8.127025462962964,7.207480244252873,7.4330000798212,41.926886522209,38.920068881930746,40.03293165848453,236.52571240421457,56.327792873778336,0.7781467665566196,1416.5412978369384,0.2529801993534483,0.3041118628740379,0.2017266074258411,10395.20828582434,11752.87547420965,554.0362180474284,4768.504896827841,0.3057340333487031,10735.13908222975,0.7855712565560565,1270.7444853550933,17387.36859388994,0.3009479654048512,11631.292533253723,612.6473905592771,17606.400716622527,0.3047564570101473,10896.291384950928,5.370794420498084,17.071234023270048,605.3269716531013,0
66.92326906718198,60.79959483313911,60.65478209988543,109.8683002558484,101.36551206581446,101.06612924941048,198.9331966386885,85.75246660363592,0.8071631760160147,70.65425496431034,0.661649599811676,0.2038198070960567,0.1319389948194766,24354.524760662327,116691.704153788,41.59975580230422,6895.894347971281,0.2098994898150666,69345.44929245283,0.8093600596486176,67.3040246233166,55142.62673896617,0.2016249001674918,96508.06301391171,38.02821539458691,59267.68160197372,0.2098839980294506,87427.36170902287,8.370127794741682,85.45456791490784,592.4415138470724,1
8.62866810017708,8.062389324563622,7.854820931661306,44.78936792845141,42.69690642517492,41.45290114819765,242.16746322865092,47.34949551169096,0.7460857956641584,2283.298174620629,0.1656876749067164,0.2825364187845579,0.1785203335327225,15931.032922015833,23513.137233340665,1055.7183619338505,3521.486838403729,0.2869245778329666,20335.662058433467,0.7493940350274679,2323.490503789568,11713.52697280428,0.2793558968325295,23316.17445385644,1043.093435860467,12478.99142937242,0.2867934808539901,20372.3456686291,5.062940443063135,18.79088387536893,455.83154484713504,0
42.274951726901776,33.46326690469251,34.93999107403089,92.80904115262376,74.64513594883198,78.03390746684279,217.06262295977848,74.15921020069645,0.7813368273822858,191.75653712853037,0.4535330158390411,0.217313039643587,0.1379303414230866,17905.789410540987,38320.300995501806,107.87739198916783,5718.446564516352,0.2206099387598711,32807.07839507026,0.7782587472645899,268.2922892553208,37136.3001623155,0.2138580990545175,40318.62794860515,112.32528326854684,42063.60168720536,0.2178630785756068,31779.83118297356,8.501288800641213,55.899451050162114,450.7139883017746,1
40.68576277963098,31.703645051408596,32.4828958147958,90.14285379235976,71.98880475422914,73.79698697681876,210.65929215680893,78.90538072400048,0.8173012690521635,259.15333030970584,0.6565052177858439,0.2273343780705413,0.1497072869094811,16174.25400305515,25691.850470821995,103.33330246723048,8045.50661563471,0.2322213117829921,23480.553192583902,0.8096722367375553,173.3009893580728,55690.07671651975,0.226747741217393,27341.1825965422,116.11721976780026,61213.0114661461,0.2311048888965626,23066.35620055481,8.351385464480446,53.24916871601494,474.1661937576004,0
24.66583318762021,20.826709214897708,23.644806784402867,73.1966197523679,63.29361362218321,70.88114785320293,228.0133414932681,65.29775835200314,0.7949657939510852,651.9926475593982,0.4765689887873754,0.2234402001066981,0.1406455817376929,18882.491652811543,31137.99778065219,346.2898449049134,6800.456089799804,0.232351092387235,26557.04551376813,0.8013068687178614,722.8734240368927,44531.89704831381,0.225834854968701,30562.653591510363,405.7536295534112,47643.98224436274,0.231354980508067,26498.392543887167,7.091158127877834,39.15500715519459,613.6424661390723,0
31.216650392895332,26.901109716216425,28.701380170797105,81.45565379877895,71.57610977094205,76.1535892881504,223.3976844748221,69.68190520494188,0.8022661173195823,408.52715722926354,0.4262671019900497,0.2167842170804123,0.1374232088087526,20629.189915617342,32561.75743898362,235.9761640324648,5763.340452797949,0.2251100734078548,29276.44999288053,0.8051675427669108,687.1697208010081,39953.14334947697,0.2179692285712489,32650.75839191097,245.8336930591844,42271.35487901852,0.2248868928995702,28838.76219754629,7.386075851273229,47.222324838853936,593.3956673560024,1
78.62849852693603,62.45414036195286,61.237978745791246,115.98824567426314,93.22049891261308,91.3604765719745,211.81048505892252,76.47488289030213,0.795612222700754,341.6943054451356,0.4745871803977273,0.1175931473602208,0.0768440549204419,25454.34176668678,84542.85120578653,184.69645083176917,2559.0009743376654,0.118789962952321,63198.31365075726,0.7977697280348831,339.69072323418646,38556.41747751903,0.1169984337475386,78566.81740066098,260.9648298774201,43375.22001374728,0.1175486211180721,63110.93163592622,7.061542508417508,87.23200868362626,566.6146685925212,0
55.64645776295287,44.70783767519896,52.93563517967234,103.04239639326684,84.02572955274785,98.56284217877187,218.07288914394115,72.74022451309753,0.7894217693557832,346.95241735398645,0.5118972429701231,0.1635992364539685,0.1047278883620022,22489.427908155038,76292.96881915108,152.08659751188725,4038.7347715581714,0.1647358709757446,52543.34837226837,0.7930889455438113,299.9431120656511,44226.031539593525,0.1624241816309621,69890.8031393761,248.62764134080948,49357.041771748976,0.1646807433583085,53320.94099067114,8.296789131587023,70.06184463714936,586.1976177990861,1
42.92574690934066,37.27431318681319,41.00340831043956,94.3885416556897,82.6505938273503,90.51691560407872,233.1242902930403,58.41037128674403,0.7742355214350397,1512.634828540287,0.3733160556891026,0.1206350631265836,0.0784130639061038,28197.667610554265,213907.32070093064,617.5904881328278,2328.767914066867,0.1181216239213392,136737.1108458854,0.7793972832847943,1711.983231504848,34031.2965201222,0.1174959625977322,195485.1457696905,582.3282662842479,38727.39338818024,0.118651969720844,135215.48690467206,5.205872252747253,60.90154490975953,600.0856710511,0
86.870535295222,80.763130104196,78.98114380925561,119.93996037106947,111.99712263531906,109.5439928897426,217.96268656716416,71.44563265588319,0.7164144555594003,417.3830875206018,0.4360075176886792,0.0960204994908438,0.0607640621794585,31435.864938984883,186844.2780289904,153.70556226204846,2054.218608970192,0.0942102319826093,125118.48869904356,0.7147362945273714,441.43795435333897,22378.668131868133,0.0957689321058156,182915.8150887574,180.2686274509804,26952.76240573152,0.0947409009333166,130161.82628205128,7.751983009480897,103.90964055088332,488.4586832555729,0
40.63475695108811,32.974255042748815,33.66051197873133,90.60214808251726,75.0897943301609,76.63070579959712,223.3592008136877,69.34711561083218,0.8442988641620042,566.122851474257,0.3985079534068136,0.1545864201505734,0.1058557577464165,23681.698803044143,40539.13100359479,382.19880896114944,2572.7573683713017,0.1588176145975407,36676.05709424331,0.8441008106393869,772.7763315022689,33715.489809728526,0.152943920327585,40216.12773664517,340.8571320783189,35585.78496246275,0.1573476511374854,36192.347681744446,6.722485171347721,54.70759673446845,459.4076913665838,0
34.71457209745947,25.59016387756872,30.71608427989248,79.53508323220937,59.88172276021265,71.1925147501649,222.08087401369983,70.46102179505725,0.8090418604371409,394.4065620918482,0.4916330475165069,0.1865234963932478,0.1201835893440301,15070.692495661911,33240.995052705184,212.18022999215376,4992.000049038838,0.1910186076831558,26308.93463122793,0.8111259426187163,517.7342497891185,46735.711962252215,0.1898568831971198,33850.63061471953,233.21700804052227,50633.71081167474,0.1899293830502791,26551.590597260813,7.584344056186595,45.08409567802848,608.0138036809816,0
83.35995115995117,71.28706785278214,82.8338984824699,118.42591091566716,101.93657114990948,117.7438295015557,217.80708878423164,71.32268988499979,0.7218041981841642,368.8353847101584,0.5032552083333334,0.1209769490407514,0.0746704543641528,26258.9550185867,217748.01032464733,189.5702826948481,3750.406118890357,0.1188110989078583,119814.32598150594,0.7384902355749459,323.81087988316904,42874.53825860627,0.118691700251207,176453.17930961383,170.2394461616632,50381.10168522674,0.1185938882165304,120715.6167591142,8.127664399092971,97.39868851424816,501.9081167631482,1
12.56030196348855,11.153566661424245,10.931767865568178,53.113057422449,48.63974086160946,47.48475875875417,232.7329187787577,60.48881174296045,0.7475042569066355,647.8864510739332,0.3346207038606403,0.3069246183262543,0.1910790908982329,12445.605971762405,16643.780486732474,407.4941928459088,7420.429850385127,0.3110622354474862,14959.69941928459,0.7416740312425621,886.6650453589123,22569.882021582245,0.3036815145843969,17641.177589756353,370.1808572987612,25086.41561407409,0.3099532715548658,14857.19971302116,7.231985224436137,23.882536761850368,257.46361940298505,0
60.0073609686704,52.23250460405156,54.80070521939546,106.28283669890637,93.70214568025244,98.29433912360982,216.55416239344515,74.44690191086937,0.847621361790766,584.0282333888164,0.6499403536676647,0.1242827540462523,0.0833061207352939,31050.94971448928,59133.133267353456,360.2383586668045,4184.110019646366,0.1281392553092381,52977.113337124734,0.8368343816699003,671.615314577911,71533.38703981313,0.1239518302858073,65461.79865358263,304.88433309325376,80117.85394587921,0.1279971537545028,52037.68099427239,5.659906705925167,77.27967131488334,448.5133638333736,1
44.23647193585338,34.027403295444536,36.28272446911623,91.33020760598929,72.81940247263435,77.97782656728899,197.9811824830381,86.81184198095788,0.8304144789287079,73.71275106145924,0.8869925213675214,0.2340175433082298,0.1584409955500286,14203.952461021989,19011.22901924177,40.809610206762414,12205.08421449877,0.2394082048550229,17992.487085513567,0.8202156551594643,96.65087470888172,81449.48697414948,0.2325474127702272,20352.73207833306,38.78052584993543,88809.09628973983,0.2397041926952982,18032.390077919816,7.612705965283284,55.80570382822678,244.89847079468544,0
35.636965083516245,29.7611653356995,28.75758495617927,81.86024322179895,69.9917644401808,67.52693692248259,212.8281184327278,77.48127219361602,0.8204856811079503,244.5106500183621,0.4265350877192982,0.2213023824516163,0.1455422877910749,15983.746761309389,22493.529494124126,107.20598164819944,3786.5074878808864,0.2275982927912254,20693.64164213989,0.8216406385399412,226.10121734372865,27790.342907946928,0.2225250356710339,22239.10456845849,96.74805909804512,29589.32577044668,0.2260795623152698,19931.33011462612,6.788742041439002,49.18939133614349,466.9389571638093,1
41.556615480068245,36.374344656429344,41.10587870327284,91.92460390822389,81.75742280518224,91.1336174120984,219.40162866449512,72.90722271752836,0.8308712062880592,402.3849527665317,0.3308035714285714,0.1730599049248728,0.1135773845556026,25695.40274783783,44755.73917566352,184.33429015353013,2037.2939456982592,0.1785536479752926,37587.6854870566,0.8374687756507714,324.19198441413863,23740.77645421653,0.1732284547770226,42061.20993598664,195.9629258517034,24980.907499208945,0.179312686903414,37428.16730830081,6.905390103924306,59.49185455099104,503.0105852026545,1
20.68377929127256,18.846979303040555,18.85143643076742,67.6434113997846,62.9372357193306,63.08704579596522,227.2750621497183,66.22688038399036,0.7742708624637744,415.5518104455198,0.2703251299076212,0.2706279764013687,0.1672839302763134,17495.551657576358,25185.959085599865,209.2560505719446,4092.398615291993,0.2796879942057166,21766.75099337748,0.7706323354130047,362.7992334426869,17031.553545327573,0.2734148792139813,24297.61503231884,206.07242289145665,18041.985290995664,0.2797712170998567,21981.998604919176,7.237360438946176,35.68979305921355,577.7483443708611,0
35.7312454150443,32.192511709271486,33.055894136899724,87.01787325784038,79.37343329691821,81.51057602959055,224.87513120027089,68.37003498120825,0.7833094993151718,499.2393725526976,0.5048413825757576,0.2022734153209882,0.1280725312326426,23652.842110942034,50493.03501840606,317.0660904931368,6903.229017926217,0.2086964314674419,43385.51713047899,0.7829642387401374,602.7612171347024,47213.1323803304,0.1997453922537933,54726.849829475366,320.2679251932948,52221.6265832544,0.2088477830340487,42934.60121814217,8.174865978217934,53.90921110365693,465.3176699147012,0
35.36149250855133,31.70376860818037,35.037770390711565,81.04299707208561,73.75639579169506,80.41361546019999,218.4143722599605,73.99073725909423,0.798481854606587,293.6849806161157,0.4611495578623606,0.2103179857418825,0.13419472863756,18535.08310445891,36507.80586935679,134.54276214042685,4078.041099597897,0.2172163908892467,30150.229237550266,0.7906833736668201,286.89243822250506,27499.658860960863,0.2135982345810503,42031.94985682469,181.0606589147287,30818.268178294573,0.2176107832322165,30526.9592248062,8.348731753143518,52.08692941536431,570.3604855898434,1
40.57085748456754,36.19309529751339,39.511646741407965,91.4053876175556,82.4448356580162,89.30154156041847,223.8186244273156,68.99179672221159,0.8019822039931791,604.9911901916181,0.4283991807610993,0.1763893457320299,0.1128997702901008,25594.66797682913,63150.22462119752,260.3826304606187,3252.15356358267,0.1814380825001489,50161.9704685418,0.7986526159089358,603.4935418215977,30445.859563975107,0.175237385176735,65838.34510156953,356.3826418228433,33506.22485826743,0.1801063603476594,50408.4494276532,7.223611784703617,59.12963776468011,580.5412765957448,1
70.10182678840768,60.37973699095023,61.78084262551175,111.05233149817823,97.35124997172731,99.6515196547506,202.4518826761474,83.722318930458,0.8543354070952188,269.63454887641353,0.8895232371794872,0.1487300202875564,0.100421823504694,28253.1922684178,43089.86858783599,100.68913241016162,5566.011641904644,0.1538262043986515,40197.87018383181,0.8489736963211874,173.4892877917694,82922.68555674808,0.1465253661188027,44951.32624101854,93.59823444081576,89849.08456997463,0.1538976191934872,40018.52748795681,7.398513251454428,85.0247804056194,458.4423641534086,0
40.16205381235063,33.474378742322614,33.61095263793591,90.5512665192254,76.72509838217096,77.13692160592342,221.03974892709377,71.52404656279205,0.8088266669447015,373.0706927511577,0.3791929472477064,0.187116156203113,0.1205679452135761,22333.707526755374,39009.0477979397,182.1944091769685,2944.9263615101904,0.1918936922429785,34865.6880498942,0.8005340292079206,384.64649303452455,24727.74950938825,0.1848682891165066,41815.78672319806,173.96206336131087,27422.66021773493,0.1915269263700193,34594.17300799252,8.388507696656644,55.34944651105433,248.37072723101628,0
13.432841478696742,12.137709899749373,12.238079573934836,55.398793799095216,51.13883259830385,51.6847957161168,237.9845426065163,53.74604775739481,0.7730896602040572,1797.926777429897,0.2998697916666666,0.2624553816568756,0.1665578622970847,17379.04019669987,31304.413236739263,807.9190221865698,5444.74752485698,0.2671399951889305,26076.554263156784,0.7730804019450803,1405.7436063600803,24078.03756335779,0.2590256074562589,31630.097854514315,673.724958705688,25545.25390707721,0.2673966511634346,26624.15340307484,6.208342731829574,25.72060159837755,531.4893444286585,0
47.51293528831242,38.04667747544527,45.70737581653273,98.35735070586202,79.36109502295517,94.92897725115132,233.1403085201372,57.21937139238195,0.7208276198714084,1802.8555506018724,0.2025830924855491,0.1037194624783575,0.0654371625210453,25087.96254331917,172274.81754346855,601.3176995039869,986.2264079864382,0.098436631427775,99391.34830790482,0.7484516820730843,1029.386159097962,15053.689355539464,0.0987756856256937,131864.40202061998,701.1201226571545,17418.323195344034,0.0967042067440531,96424.96320285366,4.647845293481836,62.912456808876456,505.4260666277031,0
67.21012490723604,57.666568314512304,58.466381445419024,110.29735857241936,95.91973067355522,97.2341272392556,206.81258102876356,80.68201656156073,0.8102197399649066,214.91720863608532,0.5850386570069204,0.1658483523291005,0.1074957594656313,25613.96173775348,52925.90652327099,68.47747263004162,4973.631732680335,0.1690159789350734,46307.87795798697,0.8044548650431623,165.22612957973817,50910.24670947221,0.1612612799665854,55923.093060517225,73.86391860961747,56946.22742654387,0.1680660412324918,45615.29830363694,8.518874672532032,82.70136110405608,477.12053370966703,0
52.19493812653766,42.98826791025594,45.22449785187089,100.61093911750788,84.1919178267233,88.68748465539386,212.0444681085448,77.87251044764085,0.8333669095870728,273.490535322687,0.6023810295643154,0.17237924127334,0.1128615254791095,23691.24425571351,39052.035463950815,127.13903450035076,4695.219654358778,0.1805780593531557,35632.014667431926,0.8288134769749514,371.8853573644875,47773.407603270105,0.1747628003928183,39783.16364028816,138.4506130356096,51412.71841146032,0.1798421706181382,35145.597512171495,7.540906253442515,67.22223799960878,464.0823713746682,0
58.40745348720809,52.27201224133739,51.90363879474309,105.56046935027824,95.46536750584688,94.72389496639876,214.4013471191385,75.82521480415228,0.7846980795263366,230.38313586705647,0.6213532561188811,0.1804993251044677,0.1154239843464209,25271.160074794923,76488.24655441496,108.34018802613522,5859.733773016816,0.1828653448011247,59597.11968744239,0.7755114317742485,327.4133505218758,49442.64057853016,0.1783797150958274,82743.23695310469,113.4420229341915,57757.05896490621,0.1827732735772584,58250.06038047131,8.419019119939366,76.87599920284434,454.7556574047551,1
18.7465219075796,16.55630547337278,16.584856649760496,65.05942796995288,58.478718915152406,58.61693437386615,235.1718397788109,56.96471405009359,0.7917758931363111,1247.1705013453409,0.2605740613553113,0.232520348431074,0.1451582297527058,20063.051163754597,32698.21259129098,853.7825335502237,3658.822997153314,0.239852097413952,28893.5451148841,0.7893299176800979,1778.6852439291183,21291.791839859987,0.2312009981064121,35200.69221723911,718.037455848347,22558.200365918736,0.2392214211019431,28874.753767184204,4.479712595097211,32.58748765194308,588.220194721695,1
3.1536357181639727,2.620236951649056,2.6301076167007755,26.301595164799583,23.110245169863635,23.187090808331508,246.53985159197535,38.31368530070117,0.7310042850519213,3200.32297415045,0.0978402955385052,0.315903471727972,0.2031118860118686,7606.788743750842,8823.917804240487,1570.8441681775016,1979.132608132608,0.3103814992208126,7604.286195286195,0.7287652751437725,3506.236808738906,5062.278845216034,0.3137890874534958,8646.125524236808,1474.9631411633302,5467.855228112381,0.3091693258833684,7528.891399604777,4.827277283548428,7.96666548413742,458.6839775745057,0
70.49334408602151,57.29770967741936,56.67261827956989,111.18985226189209,92.08438166943724,91.07893338283758,199.60662903225807,84.15028610619724,0.8374339021127601,129.8750441486317,0.6466497605846774,0.1641079074777147,0.1095616493665518,23394.065637242555,40694.70095848202,58.4071637766724,4403.678722514062,0.1684369985205297,36695.343487053135,0.8336624882909873,130.84860239869386,53159.37291464627,0.1644868045828093,42024.22095235757,68.19440070396443,57776.319261763616,0.1674835942519172,36148.933505464986,8.138655913978495,81.86034435502587,463.9252231830521,0
38.32945030428828,31.61101462372272,31.66950010119409,88.81521928652295,74.33038294214398,74.55741618645378,223.4825499028066,69.34754855011154,0.8149139866105336,495.4163344027595,0.3836734403460838,0.183617301915773,0.1222885617590726,21870.43073517662,42073.61250301356,256.4435629345523,3521.785372773604,0.1873327144099258,36012.74202700573,0.8085377548066124,474.4214393653192,32380.441820929354,0.1825971950332081,44542.53299962221,226.74027980129543,35418.75625340097,0.186107052284221,36082.61501869438,7.551065361968908,53.05503150878322,459.9471539253885,1
52.24825583739968,47.62175083903519,49.48681964216102,100.44002550335344,92.85878522775124,96.39869944461924,212.9749611288104,78.39897366638951,0.8579628927972617,423.3892526834537,0.5328110612338858,0.1529785240537089,0.1039529554101489,29975.902650044303,41562.01697157902,169.78544066261162,3707.433881195807,0.1595979082239062,38536.7266338812,0.8538168032890264,350.3675981596341,50816.09015892835,0.152891908928706,42698.76398257352,168.0988545527332,53605.13768611904,0.1603662368869668,38554.08591500187,6.714683227809815,71.81281737424888,470.9731022917831,1
31.273829311629505,28.415703886873715,28.354039581098675,79.7796438995075,75.13264622158023,75.06216341833245,213.1334859042488,79.30940906188114,0.8397950725328077,331.7314998921975,0.6381941046966731,0.238455466588052,0.1698682385806276,17616.91895476864,23650.80310471217,148.60588939652868,7804.951708343506,0.2421603589492464,22217.535939734244,0.8395943059613846,232.30206581791975,55294.87434542397,0.2387706965947939,24120.33077107855,127.40160289076252,56450.95684703048,0.2446192253636085,22093.518020939497,5.67652645972701,48.19985292002944,280.5073848827107,0
60.64451019066404,46.8400641025641,51.31470249835635,99.73067359737816,80.5911000974691,87.85827852102551,184.51703648915188,91.84018187195343,0.8697513964223613,39.0090777951012,0.7446723090277778,0.1794238135862182,0.1282735311337316,16355.084885289903,20344.99232103047,25.09398202422821,4356.400882040975,0.1841731936848158,18736.82066097248,0.8823225341382244,51.82320188278514,51630.65667872108,0.1796591348200409,19521.34774123185,29.609822379111336,52542.84879811733,0.1846996743748557,18939.793270577688,7.176947731755424,70.11961821470452,674.6829621582473,1
65.00706367924528,45.58628537735849,43.2134787735849,107.70556091051117,77.08308390108417,73.02175120134646,206.7543691037736,80.76444020158888,0.8442755504282219,185.02825982164376,0.6115860849056604,0.1434059199645387,0.097454300795914,19569.756227243462,34690.6027054712,97.21494411798594,2961.1583419748818,0.1459586817662591,30975.75795022468,0.8384156430297686,222.98444039059984,43078.69073934972,0.1424386664779943,36042.33124338908,90.07586516073984,46725.88116964815,0.1452150241384747,31299.652344936298,8.758183962264152,69.78908148078811,483.8459003530796,0
56.013387622384165,51.946510657583325,54.23981900452489,103.19904427297767,97.15703166163831,100.88325745647649,205.7726082483868,82.48842673110049,0.8330684136507576,164.4294236054303,0.7352738429930796,0.1924800781235041,0.1270910298257984,26829.765098837976,42739.78064652518,81.64571509023872,7458.297660216644,0.1994060091545402,38974.16542153938,0.8235719099361852,160.23247459229498,67314.04092649491,0.1881319044719961,45132.30424013236,90.88790279978868,73864.82669484064,0.198586625473425,38721.57306744145,8.275654813717097,76.55274805441105,239.35247020749404,1
51.4832551538332,45.06314498087609,47.208967790045946,99.08795779070428,88.6637225348622,92.8205356920664,201.481436578384,84.40483984558082,0.8299521578590837,86.84795844087088,0.7616431451612903,0.2163232248913637,0.1416122456127197,21567.884394357723,28711.85777468952,49.07301946199522,7329.308137692032,0.2225505268991502,27034.97991462925,0.8203400952560023,120.17000419315724,55690.39373746303,0.2142028350361096,30645.31344416868,44.38538842765164,60743.85545154185,0.2223070149980325,27115.696765926805,8.515835558442184,68.84250703352629,248.5124697639503,1
71.16800653729041,58.92888414113608,60.35143870605476,111.0189161107932,93.94063182056546,96.27760798207692,193.51396706703005,87.24795070450563,0.8469041320597075,79.49791720665013,0.8225816276803118,0.1771581841575144,0.1200887670120882,23082.68912291751,34975.73100492465,35.763794746639824,6466.058955562879,0.1816411151382338,32459.98634553892,0.8493673923380878,90.06574740763392,73383.30763670735,0.1761503719719998,35039.12080101563,48.31786617001463,77487.38605826792,0.1813053303904735,31958.66209924172,8.429699019862955,83.66001385531136,465.24149825653336,0
51.65223350949604,47.562778903120666,49.87483817907675,95.52376699422948,89.40103137492986,93.3218745643088,208.1884318981404,80.9211335380384,0.8223954631008359,133.45660445732923,0.750589337524178,0.198235471519016,0.1308193479060706,21284.990595112708,57487.62835457309,93.25249851336058,7117.185340776122,0.2013660100465023,45979.46498244807,0.8162948415500005,310.52510148289286,60275.22065280424,0.1941771197543757,61787.32996437744,89.20284677056294,66548.6586174197,0.2010265193465432,45388.75433672736,7.486764952253309,70.37915550327754,460.3570771212958,1
40.487051609488965,28.3326488115782,28.36734658659488,90.96173882305592,64.88953734859756,64.96277338670626,222.199661765721,69.63023039235534,0.8149711445173616,407.6656035484212,0.4212788297266515,0.1834834067924923,0.1203544677711163,17280.76616596636,32358.99482521913,255.9071936949616,2933.4468615545456,0.1862986975752635,29384.76456632756,0.8062348163036991,459.8958188757807,27986.221027064537,0.1846963316810709,35539.64074427481,236.92245273214212,31435.13894551705,0.1865201198882743,28500.896470400126,7.640706610524378,49.7095259534724,406.44535500772486,0
24.97382327687144,20.020853173054405,22.176551401139644,72.28070949917517,59.77377849841894,65.94492198510073,220.96415970650224,71.67306016887744,0.7892368903754942,303.4938635661527,0.4994249326750449,0.2550478809350118,0.1623044595865979,14122.865068014478,20178.15460443171,174.35921196075378,8054.674998702175,0.2599402655372388,17742.85604526813,0.7935338593505146,298.2831548198637,42305.76745027125,0.2553410769927077,19947.638948393374,159.40389632302362,45095.66990278661,0.2604389256134756,17619.957428582555,8.03502068534853,37.65560249546005,510.4811729882288,0
72.30487574369268,58.86156740263364,58.40161654710579,108.50552250482448,90.54156273583362,89.89599478956791,187.11274425972763,89.90837466459726,0.8604962868644358,51.46082486117748,0.9914235305649034,0.1771243668591223,0.1226269075685855,20580.236555931348,28628.63762790621,34.498860088809806,7087.031440895406,0.1807779571223527,26611.854440887462,0.8601370249380832,98.91433214223534,84247.1092217515,0.1784635187204574,29200.860392813614,34.34343900769071,89186.63318631276,0.1814119091728779,26750.93291721733,7.745335325514622,82.24719533638087,547.1431061104062,1
28.569628017113526,25.40767796005168,25.58159340797458,78.65323549338379,71.13747592301904,71.58697922157717,226.51026861799733,66.41976930879085,0.7983606008847636,575.2456913392664,0.4008038697104677,0.2266710891051342,0.1435704640360955,21120.371005969177,37195.52537443022,323.1065597191608,4192.577067515716,0.2308261459131504,32689.205445342475,0.8025201588583667,618.677566107478,27552.228188359837,0.2234855038502081,36861.23326261455,283.8214628175048,29088.1889829644,0.2307563352623319,32466.647026420484,6.987868702458938,44.92225518537838,607.0245580506449,1
30.01986920742201,26.80595276587016,29.65025675257535,78.1087959316331,70.58366408913673,77.35044428477048,229.7033143159117,63.27078396762407,0.80023809552295,908.4106106318036,0.3700591530536294,0.1845261243830005,0.1164196825573825,22402.367578121564,73104.08119409304,456.1631168915308,3802.4346058534848,0.1891104101327727,42218.60870410263,0.8030202842119412,953.0979482511116,34454.34042925668,0.1856870387174013,51492.21147718917,439.01143329765495,37465.05980993156,0.1885783129258597,42262.78664331355,6.311044358918197,46.59859088790403,503.26882857035,0
76.03643288301237,62.77929182236275,72.1140174379611,114.18956836492735,95.73362117785682,109.08187492354166,205.46762719172176,80.19013366271234,0.8216580201060628,213.82435080842723,0.8677721088435374,0.1368013790043102,0.0871760095939259,27120.353822911213,65500.17992099461,87.31873376554812,5494.287943741685,0.1411376595330308,50546.16818364201,0.8291488816729908,161.18931269303764,86683.53717858074,0.1386887346486677,61716.46588025156,87.24729375710544,93270.33608253246,0.1412830595923389,51479.296172069735,8.683580650570088,88.63001360480581,630.7218079096046,1
22.82038609627296,18.86979713585658,19.350111856823265,70.75895648516226,59.90327933884912,61.49921521574596,229.14279246374164,64.06124149434567,0.7809576973385992,776.1566850113305,0.3693797831632653,0.2445614336847867,0.1565899488310503,16253.105151643447,29011.83349519801,297.1799635209079,5921.324799027224,0.2485287980753815,25996.209214348444,0.7746071497944855,615.7562135850726,30296.85127959289,0.2405493704945308,30581.43281215429,320.9851112043643,33723.748501888374,0.2475405091155689,25115.019890893836,7.25482810573894,36.08375310985451,560.9475491131033,1
55.806720135165065,52.84505467900872,53.79478501851823,103.89651525492296,99.29638845467896,101.000602536035,215.02769750634877,76.53029203793274,0.8047141713099921,223.48217731122665,0.4885448619631902,0.1763099286171765,0.1138152846541299,29309.365486488667,147263.48615062624,139.96640707801484,4200.168978388093,0.1840292131944838,76088.90942045681,0.7933899565258364,270.8473651518458,34979.8142092098,0.1762685013393969,100034.3745362365,128.44638912489378,39107.46333513555,0.1847014933971886,81788.79153471846,8.321470332194938,77.63822157235442,526.7522717116043,1
32.7928399086634,23.75108187304729,24.26532896056096,81.95708559947064,61.20901301406297,62.535118424589456,216.962941400969,74.67262122253746,0.8169100471656615,346.052982346182,0.6458468264248705,0.2252452053327013,0.1476584391065369,14182.703975263175,21038.70155646088,160.29758323009457,8184.506636776591,0.2278866490361163,18530.042731008987,0.8210750284573054,275.5594514261876,60640.43630390572,0.2241162259200295,20646.62900349377,173.42561433598485,63843.73383209628,0.2287822780086923,18915.57940286444,7.426241809137542,42.995280437370205,588.1262786941413,0
11.317282009578024,10.129925002258968,11.12023493268275,51.09481484250532,46.67336734036216,50.45098186746665,240.5759067497967,49.49116318106584,0.7685285210822663,2101.142050594217,0.2376289729601518,0.248658726210736,0.158490291263756,17236.12516024529,28011.403880345613,1005.5933012985528,3781.682684056976,0.2538304066932069,23617.22535896116,0.7696276958545026,1923.0602896914972,17612.78354652621,0.2487470318865414,27551.457957110608,1066.785114828466,19063.768018145733,0.254667080603247,23441.117805500424,5.597292852624921,22.66641760816242,474.89048612721234,1
64.04929400624644,60.37077620076485,62.967470402670166,105.16954030765932,100.04868995217902,103.90450284826846,204.2568755264218,82.66489503156207,0.8328504868375849,275.6799019836329,0.8915451652735562,0.162344101968795,0.1047161033978333,28369.276316144795,57652.148635961086,146.3560504343373,8164.342829843439,0.1710218172366842,47260.00126148293,0.8471287819350325,260.42670973994507,104772.3377354224,0.1653346566581726,57650.5778064933,148.30000062276972,109065.85924781876,0.1704624776394777,47871.38162704813,7.058030646249784,84.05684480019256,497.042213159925,1
44.08336612882067,39.24952036599764,40.42710383051292,93.43801998343002,85.2110539508618,87.77887307235453,202.873606191788,84.38916256353482,0.8170291788389439,95.56199180031116,0.7560887192234849,0.2403298059271658,0.1581980644667859,19449.38070070406,26625.919010949227,54.72037011075284,10017.82566475069,0.2472085827329877,25080.100014019343,0.8105098480272438,108.50303875660056,61714.63505031384,0.2373131548295458,27877.765637142573,67.8500140594245,65784.79848158215,0.2466942334965809,25176.72592557878,7.759322117276663,62.01080692616392,552.0427062431378,0
35.02796029806619,29.350134250460076,32.684107159018915,81.51660071239168,69.12282813020754,76.4678651580898,231.12050864331613,60.99705302815389,0.7830523322875758,1103.1170022371364,0.3989926360419522,0.1619917599201822,0.1021612011525992,19390.726160992617,149228.46305528923,658.8173107633344,3442.4480706135128,0.1618019277763514,110614.07999187017,0.7839914404048207,901.3095241872788,36089.819495787655,0.1617705109490297,270142.3941043012,432.913863012106,40685.951706898806,0.1613729458692132,101604.78710633784,5.772745648173289,49.70672833484932,502.5295298566694,0
47.58545891970199,42.146764624724064,43.27452831815673,96.66218221289444,87.22520206903381,89.71328269289664,205.58732581401765,82.72345673370508,0.8073997122478666,113.15754694349334,0.6996612548828125,0.2270475291895448,0.1498317207982996,20723.771068780447,33055.711741870764,55.774224496322354,8461.746918101448,0.2333632353287578,29474.561962924374,0.8082037549613632,173.34463289296664,55384.23786418473,0.2244593190398486,33452.19508833065,59.31461105292086,58903.21628796914,0.2326743751371198,29817.862600723864,8.051928118101545,65.55137963972274,562.3336090432865,1
78.40789496871972,70.75750726936295,72.82569389373514,115.01779366860563,105.0079793794646,108.1070395975383,199.35217640320727,85.15882077515435,0.841369947230401,142.36971743309329,0.808642074742268,0.1498247652998995,0.1002741151989901,30145.308686285414,53065.94451250486,74.98249618752578,4848.137930042297,0.1539838067116614,48003.38780775539,0.8269839407875741,131.84603274885296,61909.76175779106,0.1462221257541893,59543.335794848426,91.40680196317604,69763.54404179913,0.153645557624533,48185.9252667672,8.440259053661116,95.09066164670972,240.2536191417157,1
14.67089934248268,12.026958945618755,11.11458011561714,57.044892439629216,48.24498528912962,44.27662660387126,232.89744494947263,59.67900506634059,0.7784293729171742,935.6178860149588,0.3676692955407969,0.2770772442968886,0.1748294372434185,12839.319298656632,17486.041771667034,405.8908819968334,6342.786681568408,0.2788579083237495,15500.385880599795,0.7756014253863455,838.1827189452612,27727.97134653105,0.2751131741482514,17619.285988716558,428.66096164960754,30000.585062550104,0.2788798501376068,15585.759457091188,7.16872600503067,25.24533447597162,482.5221674876847,0
29.848181464553143,22.38447923757658,22.50864047456968,78.78619046559274,60.770068596915245,60.94287023188952,220.61291938150345,71.76292517793813,0.8054251024254534,271.34109532914505,0.4049778761061947,0.2324315829174806,0.1545323533720858,13781.892023001255,23840.851287216607,145.8937531218278,5361.235212606545,0.2345476076665195,20709.87198491855,0.8035768846213586,477.5264560865551,34634.61241876753,0.2305492560663823,24405.20565534784,145.6160131774433,37547.13749111815,0.234850700517857,20822.73201020606,7.9318827190508605,40.99694080097494,570.4875881891821,0
26.714109292991665,22.14921113670728,22.43972102817425,75.36719097022905,64.33590841558939,65.16882313551802,218.03816467570712,73.57719304247638,0.7893500803452855,249.44557208758368,0.5639877462476548,0.2690018463950471,0.1713678718017229,14454.155484195928,20209.53507894224,150.19119158306827,9125.213653046245,0.2726850606358324,18643.40452654759,0.7858404673615711,254.52368335182405,44104.25479344776,0.2686177930172753,20459.46274228284,112.12733711219347,48068.662343940734,0.2738873757426519,17992.90255133489,7.143748862026108,40.39081640511181,410.7733198329325,1
25.686051219759086,19.527988662820125,21.27146550180258,70.26781350686407,55.47904611193193,60.547983384810166,221.28071589307544,72.43315814891137,0.8261543828867236,540.4012139264338,0.5206431413857678,0.222474521744654,0.1508683291763703,12742.687122147348,17688.88449433782,249.4387831479897,6159.929560521813,0.2263715674687671,16048.091704982891,0.8320666451441283,613.1827896591915,46366.58313791022,0.2199889540569034,17182.183941134343,271.7218450452388,47676.41309170106,0.2257420217847673,16283.20128255112,6.586142322097379,36.33740632400384,599.0411168600558,1
67.57066169258792,57.9341591354911,63.66611934286114,110.81175553412396,96.00565922863868,104.84704646568476,218.51430923357157,71.94977863825247,0.7679222202135713,306.09273048054786,0.4758794398907104,0.1471351278563962,0.0934629625231498,25654.36720192592,131658.76865225323,158.3633167061902,3413.8389075149234,0.1491113561523072,90661.4318832284,0.7622932230693148,372.59232735007424,35259.52138517804,0.1477536892342201,143290.2456502777,187.81180332353145,41438.40767284415,0.1480919170500571,92617.97886890516,9.0161701345103,83.79541194783138,480.98339563592106,0
24.117703349282294,20.61791484640455,23.39864087095208,72.60425200126643,63.22161342650712,70.78435080045256,231.80928160321756,60.80474616399656,0.8080554602973277,890.7404016814572,0.3334641646730462,0.2011621786212216,0.1311415190502067,21008.59903201415,40557.06497898178,449.56450774508784,4117.838028901133,0.2061414895189711,32274.34714280764,0.8199405077092592,990.5159786339692,34398.454395271576,0.2015490619886747,35769.541125938435,448.1768549892816,35787.052728027105,0.2057039498628817,31438.16874697462,6.7739893211289095,38.93043517708019,487.3015179113539,0
47.40535309601228,38.285379981138185,37.86792505947103,96.55113875822494,79.69838994525169,78.82134998153074,213.5310199456667,77.00167606469003,0.8090033395196246,192.15795685319668,0.6153881386097152,0.1897768323756488,0.1236812744642353,20298.80699819076,37467.18142284505,135.02001944405865,6428.343981270213,0.1940298774080595,31439.41259102002,0.8191482014597525,349.0879062784157,59440.70750068726,0.1885097039808237,35824.68212480704,135.1261052944971,63611.66888304471,0.1932128423450998,31406.449977670814,8.479533521951494,61.13184802563164,297.28283537738395,1
76.80931972628039,65.76845910386034,65.17936211019818,115.3889347661564,99.7565806447818,98.86918234680768,212.190183032226,76.26521009588984,0.8247253509216369,406.6108286879594,0.6212897885687733,0.1057387292438628,0.0685426623273484,31530.340063045245,78635.54468323808,152.23607441595317,2866.315083811132,0.1068371143563504,63979.22092373132,0.8166239256980883,368.7575793631907,52394.33342058922,0.1041179308726315,82930.76225548523,141.85741769052512,60215.68881990293,0.1074666877937907,63055.87443706003,7.803439648300302,90.4436654321991,474.23342304869095,1
7.355811408680559,6.9464610827586855,6.670781174828077,41.50957953894808,39.965459494254034,38.113331316136765,244.3629477298669,43.40135712614781,0.7554113726189455,2349.458538184202,0.1413197875494071,0.2807768164743736,0.1834544358256861,17087.4488663335,22271.193051458537,1388.0053760714104,2749.782167672566,0.2812062057634571,20707.716082568342,0.7414808472631232,3262.0661205043284,8802.130788449247,0.2686186956175185,24381.278600894777,1167.2292382299454,9826.854314002829,0.2816248110981389,20424.9234188725,5.028262284566114,16.786434589426218,213.51298778318116,0
53.85609714960364,41.29493450272671,50.1346657671333,100.66388761554391,78.45634968970954,94.4333649856052,216.57481587676392,74.4559070014635,0.8126215541004183,394.083542684453,0.6964940599173554,0.1558553175976085,0.0994846413133271,22070.76202622229,55549.79082810342,180.7078975343781,5354.582335996708,0.1587617691178909,42561.074568773365,0.8122239618590643,382.8863049334827,66647.09457770536,0.1562614734643149,56151.54912652638,182.9663502426872,74431.82795412568,0.15849176769238,42712.5458012972,7.720408163265306,66.1502004543764,559.1241016736604,1
46.27123878536922,43.43439153439154,44.857919254658384,96.53975574675565,91.72229686394726,94.36430074681766,221.2038043478261,71.83816241493604,0.8142547998830169,498.880511168292,0.561032123447205,0.1750657679785537,0.1129976078732899,27974.957948229905,146717.17736285596,292.2272630651969,5988.660886904942,0.1835249997434627,108614.4519247315,0.8233822042725358,566.6742582710779,59671.30578441836,0.1759085947431934,214198.85279615797,286.64511620841563,62214.00393943997,0.1822979904911841,111492.41935287864,6.734020588911894,67.20064291850437,633.3962440120397,1
58.33787245836037,46.20305402336145,43.58694638221934,104.55295250668894,84.43244517265146,79.46814007659542,208.62910988535583,79.56376089603013,0.8242594773306253,189.72765546402275,0.7765511775362319,0.1711194302925819,0.1108210563073222,21533.080011121685,40541.19663556171,96.43508963913516,6320.382725337483,0.1771867256990644,34509.071275295166,0.8253311158719321,214.31990247426404,70725.29833845042,0.1732196242015467,39215.00742279213,104.38798302434668,75204.71369907733,0.1753232769729695,34786.35523444614,8.499428807051698,69.93329788198764,583.4270158984331,0
20.09094827586207,18.187118226600987,19.63979064039409,66.43830879374754,61.258317781689925,65.29098822430184,230.51247947454843,62.799060922925456,0.7870099197799808,846.8481917577797,0.3317522321428571,0.2474891471870197,0.155390025851931,18827.122507233875,28160.539676198485,468.3486013986014,5212.121794871795,0.2542199158650657,24562.736305361304,0.7915372215827448,928.8467489023624,27981.80894835877,0.2483742778467246,28532.0343926406,653.2098107482543,29964.32822437905,0.2540329688977728,24649.791045066424,6.123866995073891,34.984907287743425,502.4222140492828,1
41.32901743854785,32.60244417825274,32.146112329910224,91.73204771794748,73.7698748902746,72.74520320636442,219.11149993046115,72.43322828603443,0.7957028596184621,374.8677044595384,0.4436218368237347,0.2012811346561661,0.1294659206590351,18586.345521318643,37690.121630758826,169.73798569606282,4897.287368677531,0.2058678994403994,32605.228031703715,0.7918445310450457,326.59014084507044,37767.6243925089,0.202101171805995,39258.64137130475,172.43708845243864,42319.2105128132,0.2042171448321646,31497.15129272256,7.367263803460792,54.37368291856642,453.4278481012658,0
43.20809102904999,38.79380209403948,38.559456000636565,89.24087212638624,81.59081740512977,81.21530660256487,212.5368114635068,79.01381708743362,0.8335356784395361,264.0816924805785,0.6335120344690967,0.1934374320057593,0.1271922296609036,22031.19805113624,30286.768671520007,127.80866452636629,7080.364570648363,0.200528569820116,27241.570888224654,0.8397006803050288,271.7569598051157,68208.28800974421,0.1921148105802452,30069.672457978075,120.08763988781206,71221.2049558931,0.2012148218699161,27653.708440939343,8.440693194703234,60.26737788888717,570.6995559231226,1
54.70849349843861,47.12927758025083,47.50061662063047,102.4356512758815,89.4962486819972,90.33125695582804,212.61393418386112,77.85067679777323,0.8229193957728798,262.0869033572884,0.5817566892971247,0.1684231395763303,0.1129068872124809,25136.549794623013,46465.893939718975,167.25611420712872,5362.221630386815,0.1738914655005183,42191.27405400413,0.8125727896449968,277.65356847616425,56040.25833011849,0.1694166365440913,52848.89829705153,145.36039626160604,63075.01948693906,0.1743420496799356,41448.57841148833,7.020481901643601,71.3612237425085,443.1963452179958,1
24.47312621165469,22.56872933059642,21.41365534838636,73.6740163066832,68.91705733097638,65.3839160436619,231.97590589006728,61.46982158543183,0.8008090905394069,1015.5334865900384,0.3444362331081081,0.2144690995442436,0.1393469104210928,23447.97960141861,38640.63590038314,455.09180345788775,4476.448523383556,0.2198478504633684,35594.425586183024,0.7910909430741067,932.6255605381166,29191.04376201153,0.209877127100638,43696.75056053812,459.2688925378581,32231.144353220214,0.2194317127421758,35598.453895274586,7.151670657999772,40.84449401329094,228.411040904556,0
30.039972727700192,25.91968777918841,25.873611698876196,79.69936827590021,70.35301424515369,70.28029038548668,221.9364320308459,71.28473247643375,0.8070057692846571,374.2529301370348,0.4326133578431372,0.2283613839990682,0.148360855240013,19252.256432826623,28459.644523919123,194.36578846888125,5222.919551106463,0.2357197640895104,25146.01447615253,0.8143125701171543,543.3521111855797,35239.74062577164,0.2285414893434685,27507.93848107517,195.7351377316924,37197.16428417618,0.2364212765153084,25179.354590780345,7.463549160671463,45.388060095358334,288.3931013975616,0
25.76855750355378,19.786955933121234,18.854240844784403,74.60953597851386,58.77619513568907,55.95485437208704,228.14613145603465,64.9781218648756,0.8108331700810768,512.8370106324135,0.321815664556962,0.2134658528424629,0.139300861411166,16640.618133208947,25301.50709851884,345.4362529492296,2671.188109871545,0.2168148711481723,23371.46742011593,0.8032864860871699,834.4976513820098,18887.444479948877,0.2098654902059661,27488.89004633328,342.0111592223417,21028.18380750341,0.2174968101656727,23078.13042341112,6.042902592567522,37.254857808667694,241.6083231334149,0
79.79356153765893,67.01784942389959,68.17623977105039,115.76045242771804,98.73731647192864,100.3766427956287,199.9549218202686,84.04920888362818,0.8129669276665784,121.24209762669707,0.7213666267942583,0.1555883981930011,0.1007001638067222,25967.03599343306,57070.4746260407,118.20348283413796,5747.032874437235,0.1591750524346406,47790.554990189776,0.8155266906056728,125.65110501077211,71574.93248314685,0.1524531521625525,57015.084578497466,63.11055981190968,79178.0165308687,0.1602799389456639,47483.86347237424,7.769932477753432,91.3105774249728,462.13391496048223,1
79.06989811912226,58.58312304075235,56.59744122257053,114.23765370888556,86.7011338413107,83.74322648248734,196.3516653605016,85.66563944838785,0.85684964674795,93.43555831779574,0.8127357219827587,0.1388078412897975,0.096336348836209,21826.34393029736,36592.92970374974,61.05411205335418,5261.131901620251,0.1417706476535443,33290.711282718126,0.854777032516282,193.9421887829482,82218.05938636325,0.1384047189363713,37518.88555054712,63.20859981817892,88207.47865197212,0.1415857117635371,33197.80991722356,8.383103448275863,82.7438424848742,483.20555754818497,0
50.05816901649735,45.55528669076457,44.86459064978671,99.69809380559762,91.61855817040362,90.19334303802675,221.01679286656503,70.77524423041349,0.8101446085119816,535.9829860999647,0.4523553671003718,0.1527099135662268,0.0960259529897057,29532.85892323615,65623.5433212417,193.5148735382902,3242.9814190674365,0.1580218976825851,50451.50543653469,0.8067234064503616,367.91624589750063,38573.520260035344,0.1550438739668085,61967.06620802828,185.2063837611238,42376.78574685592,0.1594134823032653,51107.113304405386,8.512064653178696,69.36794347871772,597.6387951709281,1
58.35468704427464,45.76128254486768,45.27662602811643,104.16104672850288,83.27155103446842,82.35797043596321,207.2462929475588,80.4595018963287,0.8341649993532496,204.9211500630517,0.7001935465641953,0.1735692712805722,0.1157609128342071,21020.38771832335,36561.99333165195,103.3275966912155,5427.266594596682,0.1765403605882511,32860.107593409455,0.8300419693034358,269.36175086803775,62895.24557763031,0.173613677979787,38438.15977030386,98.68910466145734,69066.52182532045,0.1765241589249634,32570.02670426113,7.915362927531159,69.78297103339071,449.53091537132985,1
13.285335255806654,12.243084981167607,12.02473222693032,54.90264819071973,51.72136020816086,50.76804316168458,236.09419628844947,56.38893917789937,0.7698298873420155,1253.554587670136,0.2584166445974576,0.2807434200429222,0.1802082491541995,16417.865733134568,23024.45482786229,685.4852734503484,4281.501091409264,0.2845845427558708,21302.055138594027,0.7548010981617648,1244.0896138482024,15908.0862183755,0.2740112759050248,27468.73721704394,689.7325418369478,17840.909972257854,0.2828564292008516,21227.700146168303,6.183007689893283,25.702493140145343,234.75276913052923,0
21.952349813928763,19.87692716640085,20.086491228070177,69.28801149939703,64.11625691811972,64.97515829533248,225.781807549176,68.03211780772924,0.7796644946514832,496.7752130762101,0.3490609217171717,0.2693702076135154,0.1686969490093137,17389.60281454545,23962.869735265525,269.070176909533,5679.510228892429,0.2779548827306922,21674.4829588329,0.7707674399064666,535.9425772213907,24389.680999682496,0.2689728558720491,24703.500136072937,285.9838584575394,26502.66731652097,0.2780860165695746,21666.412280150096,6.724635832004253,37.13984571593448,563.1810737033666,0
56.27127378243169,47.92518693561457,55.27944508872466,104.66568051178594,89.76459651241899,102.91801437129966,228.630874339478,63.01397893989815,0.7597256052254436,919.84477779953,0.3198897795591182,0.1015152173310242,0.064256962677128,29575.56372199913,182068.5278729444,377.66925769255545,1665.5338944836917,0.1010280160582214,104798.73992398704,0.7583155424216151,970.2455114124724,22349.45110304651,0.1021761920038241,149191.48068474836,450.6608284381479,25765.465402557016,0.1004799482349931,104291.11932014512,6.355602245653535,73.85283377367452,619.0401579986834,0
81.59090847041158,70.58002320660705,81.45457101904307,117.00754579769476,102.43333054705116,116.80529984566024,207.59617227493004,78.91832488519519,0.7946196082750494,173.76166185650044,0.8222809556514914,0.1316106030917462,0.0852284614772558,27501.51025507325,121504.95861765515,115.43224423116192,5610.492492001906,0.1336555958191362,80497.77264992172,0.798113257709685,263.0122116788857,80894.04367289727,0.1325573222751446,106226.85618252936,97.59180379896416,92429.7716502468,0.1332840442036859,78441.18653818883,7.561826496484882,96.26596196871776,466.62670483246336,1
10.974278322440089,9.29976851851852,9.394253812636164,49.6516501419216,43.15769388348677,43.6786752520536,238.81742919389976,51.716434770942016,0.7522672231021494,1231.9494376004284,0.1191661560457516,0.2622741610246448,0.1587940838922041,14245.033292885695,20335.06588109266,446.196059859822,1367.3305550293617,0.2684586886115652,17709.552756203826,0.748922469126218,826.7927688693699,5122.972219385149,0.2664366400563247,18874.461852721888,437.6630710064722,5339.23768877216,0.2660912842932353,17204.5337210393,6.125149782135076,20.94670469956896,440.8809083707421,0
29.485611598440546,21.99028386939571,22.707468323586745,77.22857416926435,59.32127550447561,61.41349950790127,217.6941337719298,74.668068398057,0.8215518045402844,277.08630480585936,0.4506202980324074,0.2285377754017467,0.1533784047502568,13628.24547128488,18678.75495133942,126.04918938484693,4576.971614181479,0.2327457735386827,17281.441599512298,0.8175082716005754,291.06864075506854,30924.27332752719,0.2299545346355414,19372.21122880927,151.76266722647378,32990.81530181874,0.2321732672137413,17352.462165308498,7.892616959064328,40.35381163892486,251.1314056435082,0
43.058467474278125,37.16222618652506,38.70292897444408,93.57079418264358,82.04710423145531,85.37652091363427,219.835168436774,72.40746604266984,0.8174462957464603,439.1184031274063,0.5034291507633588,0.1818828129032388,0.1171370432502882,24628.981756887853,43463.93121779305,223.26483892321272,4552.965660856135,0.1899612665432262,37594.1333434466,0.8179784096307929,412.7367631706636,42648.6313537516,0.1831576448186334,43211.564938024734,303.4290170303427,44935.28925124977,0.1893362295457678,38243.92863409133,8.091217225356788,60.089386253823776,581.5275076550355,1
73.97299246148803,63.70896427400852,73.40745329400197,113.32442803606536,99.0662178434522,112.7415629041373,197.88658800393316,84.39306825550044,0.8078223937899585,78.86722752132066,0.9582273230088496,0.1817292083374633,0.1169174798633509,24142.848407043333,60655.03215053608,49.075610117244814,8574.558413762468,0.1854797819498294,47477.95968447549,0.8111575422237288,87.71875472812813,85367.55519931988,0.1813935452144867,59584.08877713495,44.61543731905719,94088.12248695196,0.1851834474695054,46739.505000906815,8.056624057686005,89.64934479808603,475.90122441349655,1
39.391240839770255,29.67514606852842,31.01223014458309,89.19438526093934,68.84848092109269,71.98930891181844,215.3347506932066,75.78258358816244,0.8098311091543926,261.791087521002,0.5014552696078431,0.2142302026916467,0.1394783986370267,16517.363810339135,27207.906655720177,110.96774077537222,4306.0891534201255,0.2187620954006303,24207.010699129685,0.8053338136810977,326.4298960490912,31305.74693664221,0.2163448792636656,28878.38268259161,145.5867392129571,33906.66746805011,0.2188489663799782,24649.86827786916,8.45941027926322,50.9782242677333,471.3927525991722,0
17.13936276476094,16.511899986629228,15.818082788671024,62.71713462250612,60.962893122893824,58.42103805592502,242.50068033631425,46.04414363052504,0.7965302674266154,2932.4059145070587,0.1792996953971119,0.1764818391337761,0.1143648305683086,28380.43717362979,81366.26170907232,1750.7549424609028,1783.489524933609,0.1790782846320386,71862.35338595456,0.799784221163026,3292.6082216120176,14834.567598126312,0.1745136555593837,95228.59735906962,1652.1593690107622,15854.730502727409,0.1802155536323729,68358.01676986585,3.7833109176281834,32.28986222549732,527.6762563461114,0
29.610201759708737,27.80202518203884,27.093332827669904,79.43829689349558,75.83582162854057,73.87677121455462,222.37126061893204,70.6902618022579,0.7997140286984271,379.9464353293936,0.3256883343446602,0.2405989997260925,0.155417085681997,21390.595789046183,34395.84015021397,217.7165887207703,3479.512627235213,0.2479731359614705,30544.926409903717,0.7933737639120004,504.97127656394775,19674.58017754132,0.236542973154964,35223.74352153511,232.1577407802291,21620.24557806392,0.247598106273232,29949.432160529264,6.708055218446602,47.555555483123655,404.34480756951297,0
40.98886827458256,38.38064847476252,39.49641682658237,91.75085189743866,86.56232619206232,89.03209310145115,226.56163854539085,66.68390631944199,0.8046362669583559,593.6713742248163,0.4172005449907235,0.1629960781337809,0.1065259802116445,29072.46422456074,78853.2254764014,320.4247849569914,3430.528572381143,0.1676688557055595,65029.40319730613,0.7891277290455798,606.81603081438,31690.1907190022,0.1578768380014766,97756.80885913428,337.73142310104646,36412.2021589146,0.1675954257501577,62912.63960320866,7.503097454354352,61.22371641757152,387.57105038080886,0
87.5659122893766,69.84232627134762,83.76686318512039,119.10163013562016,96.1934293310189,114.57552522178932,206.52427827013045,79.08495839087988,0.7944233772282558,183.4243367212916,0.4485299448955916,0.1221708845136366,0.0781834705645515,26743.80123519592,97060.05651760998,110.04650514659431,1854.206867080376,0.123108815115628,69986.36481364498,0.7958566664299446,225.53349214105384,28982.490593696555,0.1229280711816026,99530.17226565682,150.49143797618166,33876.22538649308,0.1228542635530027,69877.06962423256,8.368095546004335,95.6576382986048,486.5257359691535,1
22.87135911196734,21.47252992981973,21.4406105224531,70.84682346223909,67.7178804621811,67.74155739294626,225.89706894179167,68.04764227258119,0.7834402039903232,524.5581545170722,0.3055202277131782,0.265549230110562,0.1694152286196363,19074.64617290643,27929.802145795133,233.8631166285528,4985.368927054651,0.2721690874781464,25789.950039669577,0.7786110448532984,428.64980870094,22302.48655839056,0.2590688517090362,28964.992094661364,239.29277956462963,24035.800261035754,0.2734603645467315,25874.74574651564,7.282853997523049,39.316102668239054,452.4766505636071,0
71.20631457746265,64.09142350695392,67.45263309396115,113.06264232726647,102.5618258651306,107.83849625079266,216.7192793079417,73.379828126844,0.7966421377056144,371.38317923866606,0.5290303864421416,0.1153806305978484,0.0741347019661764,31997.022392844065,125480.01674424535,163.15763813651137,3052.3679636346506,0.1179064227003951,90329.53651844176,0.7859002860845499,418.1723014309081,44643.09110930799,0.1151208354113725,120121.50443697436,149.0876375556076,52535.26546476235,0.1162976899543445,88818.65044486069,7.845407993212738,89.61067017960863,558.4961121080065,1
62.29813172374148,59.15779338096412,57.739726533628975,107.90687210053798,103.38729668754948,100.93694069843852,215.88135829843148,75.1279985190563,0.8331026846658455,451.7429294334274,0.5957149621212121,0.1434041057829276,0.0938935594614575,33139.034768050646,288222.6134403688,199.39230788529568,3719.159286484859,0.1495005059357314,182986.12887929956,0.8288778661209667,364.6978298947706,48241.35852866063,0.1435538718461169,217079.71934375376,171.02480825442825,53376.97594123966,0.1495430011462002,170716.0969595523,6.744768826476143,83.81055622878156,475.61929926544417,1
93.45864835825604,72.57238755212082,90.041346713062,120.80986822992308,94.93483994208933,116.87310820207084,204.4685007935178,80.5516434509705,0.7767304690615934,136.51717227385456,0.6809327237991266,0.1359153042489375,0.087372055343976,23575.104089757948,119065.3812595506,60.84212222350098,3659.6298078029695,0.1348464045916644,84008.56210150765,0.7662174312579499,124.53731997576038,42277.45328072822,0.1387540486711337,140435.56614964092,70.46921253501797,51759.19718948837,0.1352414469461664,80490.39144143634,8.869207566512562,98.09954866237484,589.8250291618064,0
31.16269898007816,25.08647292917739,28.97113895243542,80.50180146078024,66.79940043174177,76.05367429997914,215.8144629920885,75.46221558665624,0.7928404452434306,174.94621219858684,0.6742099859775641,0.2469420932324867,0.1558458717250972,15185.811976960696,24016.55058913102,110.8014140766478,11163.613615686549,0.2520997014335744,20738.21449428564,0.797372463590783,304.76537661877546,63687.57784573501,0.2464210450289486,23896.877229458216,119.2944266273728,68832.14676258992,0.2520939972397952,20597.78236109907,8.644445238776093,45.03140867546084,501.9456138765922,1
49.92508742941479,46.48953654389117,46.94070440836756,97.36935066524003,93.26541162459864,93.88929176278496,201.7662025154004,85.73699080481805,0.8393536593139522,209.3853350047711,0.8155364990234375,0.2176178474036824,0.1527184118540381,20930.565761731552,56563.1677081969,81.23528619528619,8661.835573512906,0.2205869898453701,42955.63068013468,0.8447173931602551,138.08560051856654,72641.96581164922,0.2165608113944782,51267.92790999167,79.3486602357985,75121.49580207217,0.2231270804024815,42831.6989371204,6.531274063141684,69.80972169430751,437.6079155987363,1
35.64319439453827,30.83300754581387,32.17098454904779,86.56515417010269,76.12371101740266,79.40320083542836,222.27768595041323,70.7934419848502,0.8055283448283922,461.0971652267818,0.5032608695652174,0.2102398017119999,0.1381715301912936,21285.31327151789,38404.68590712743,234.1974490641047,6105.491685885756,0.2147468546999777,34075.19035180489,0.7966670137557936,413.0611235522827,43127.024757168176,0.2069740489292225,40966.70627996758,225.27357719423725,47135.03640032696,0.2152716963060863,34347.94819658731,8.068595041322315,52.29461496381309,475.7817793784181,0
74.0915157804337,61.29566395906391,70.97683702497675,113.67062376139542,95.20176938197162,109.33958232415998,207.88743245902813,79.4496666350232,0.8018334016831887,327.5329860051977,0.8993043363764045,0.1451450484606135,0.0942777832704083,25559.845622483816,76151.49317341598,143.86632590635952,7755.526406065076,0.148824173506896,61818.89584512558,0.7897499383980516,272.25663173202287,92627.030262762,0.1486786470877332,88701.67238742353,190.98728296121277,109159.77579048408,0.147611807674104,60043.72317863492,8.008992789665784,87.59648006962779,455.1575056252009,0
