mean_l,mean_a,mean_b,std_a,std_b,skew_a,skew_b,mean_lbp,std_lbp,SRE_deg0,LRE_deg0,GLN_deg0,RLN_deg0,LGLRE_deg0,HGL_deg0,SRLGLE_deg0,SRHGLE_deg0,LRHGLE_deg0,SRE_deg45,LRE_deg45,GLN_deg45,RLN_deg45,SRLGLE_deg45,LRHGLE_deg45,SRE_deg90,LRE_deg90,GLN_deg90,RLN_deg90,RP_deg90,SRHGLE_deg90,LRHGLE_deg90,SRE_deg135,LRE_deg135,RLN_deg135,SRLGLE_deg135,coarseness_tamura,directionality_tamura,label
17.163558669828763,1.170071622816429,1.450785571955742,3.038861033108581,3.532707872913412,2.574362015983879,2.613834474805681,222.82466888427732,70.24817607402281,0.8398931075168015,727.7036219216733,2138.7274204925325,43354.85227098476,0.1188724996521554,33108.90548041832,0.0820794857011522,29224.05977618029,71241.4770294722,0.8395697976696823,355.0044779157338,2419.4842546014947,45809.71257014917,0.0872060864525606,57738.830871448925,0.8415240375791087,642.1993920599343,2118.842979520403,43519.98222235868,0.4969635009765625,29260.51008650718,69385.78892505143,0.8403599412429869,321.6125570941782,46012.96401073008,0.0877823680378928,7.274803161621094,495.6953291266848,0
15.264417398704552,4.150987723796258,0.1663074246568733,8.352219734898812,1.0758039833787474,1.9201790962108445,1.302753029077876,193.86959075927732,89.81907630432067,0.8588802173504209,66.51015653148644,7563.668273349614,87336.46960246607,0.1901670046134204,15244.590103687096,0.1349013686731209,14527.74149695184,18691.76690820289,0.8520978000278177,42.93414719489911,8267.591827689437,88415.6691963765,0.139880752317408,17897.31302826484,0.8497435604260516,101.93044193893506,7268.35445642334,82914.80992510905,0.9270477294921876,14358.82697687882,20403.64202123282,0.8510779959285794,39.70193884291098,88256.49384932198,0.1405189325720227,7.561878204345703,227.03827306793076,0
21.596110380955,5.529857032972067,-0.760943071501622,9.344530318961713,2.210083752748984,1.4412902188002048,-2.1066052175967367,192.40332794189453,90.0911222560768,0.882689170212006,94.04474839847008,4863.075708686824,94419.67580627392,0.1393119171564578,22124.40911022618,0.0992395429144391,21004.145409381985,27463.66816457589,0.8811483397026653,53.13332877534432,5423.7548789474085,97556.76103982925,0.1071102552043089,25897.84540060925,0.8824288538912949,108.66239748871884,4963.468793407887,94589.3563978811,0.9721755981445312,20797.23095511364,27716.60753384344,0.8798906935339228,54.988370854072485,97056.52971977412,0.1067476422773733,7.6912841796875,609.350776823502,1
18.03465343880087,2.163273985628846,0.1003651499186604,4.502909736936688,1.003172479186006,2.034733649261131,0.4638375971806533,199.1408424377441,87.39780096775758,0.8504675967982448,97.19014220336308,6747.5169469236025,78063.98083498448,0.1884398614210281,21631.50831126931,0.1335872026529775,20258.342330654425,29907.65012887728,0.8443917455351639,52.44626154380085,7481.119352954621,79641.74760659234,0.1407359214505148,27713.49452754006,0.8501232746074514,171.81564949983462,6483.856815926624,76449.73663320311,0.8534469604492188,20225.06841093361,31587.931657473877,0.8434611327117263,55.15536286969949,79244.53886617006,0.1400975824771304,8.101982116699219,250.54439252336445,1
4.003614147381886,0.5315680173132359,-0.3109478260218913,2.6758686273669325,1.6084341220848524,6.638066977470275,-6.918263671345362,239.457332611084,51.804851957416695,0.789960314039389,2023.737340966921,2509.5884223918574,18402.667430025445,0.2206887202429397,17455.112595419847,0.1437127012181559,16225.824997526692,25147.66828880407,0.7729981401280696,954.8993173557138,3089.317976299536,18972.387038624074,0.1564588150456593,21861.31177044239,0.7932248107477508,1804.653297141945,2470.643621267763,18510.258310713714,0.2389144897460937,16431.70202564109,25084.283793709084,0.7759438237524492,972.5688649092456,19279.15107175322,0.1579281681174928,5.6544189453125,478.1593775964952,1
26.23072942049609,5.507048756377748,2.78363186725569,8.539799820297082,4.331747892459292,1.070084004544711,1.122543410066283,214.03932571411133,75.8152602581815,0.8021739829935629,381.302151183752,2343.282105516164,49970.53596923447,0.0907940225286503,32124.954320394183,0.0602937642636199,26155.343979328565,91865.97374113688,0.8144744798180192,241.8388256979724,2626.5681337949018,55204.44225149485,0.0638984027834061,72766.76746616913,0.7790270496913796,580.1816524830888,2168.5913845995865,43965.22044232226,0.5943832397460938,24848.92524693182,115553.04556715058,0.8132599821604847,342.4394927536232,54618.79923007247,0.0640156318712765,6.8817291259765625,231.5725931824214,0
16.00591667677387,3.920475169382203,-2.0707237601416866,8.658924179209848,4.929450896628836,2.2682389792485216,-2.592346559779267,211.2635307312012,79.38177647552922,0.8461153018353064,335.98224062259624,3798.0206325505633,59848.15897470703,0.1556343229522103,23266.716426858515,0.1045922866658934,21424.44295097214,36212.37137459844,0.8467709648797754,139.35124183987395,4406.697734995551,63349.19650762684,0.1126268932164024,31428.68733719945,0.8461511866355174,371.3246154719337,3762.888393211873,59609.276179124805,0.6721115112304688,21457.179167165603,37029.95792042681,0.8453265978544485,138.59415179531285,62908.94521608256,0.1131169264643288,7.292865753173828,492.9860199451853,1
24.12964878858802,1.0153914792142789,0.0493393324840496,2.2447318433382857,1.2152366861559816,2.753024393989063,0.0116302610537176,189.77375030517575,91.27034328183814,0.8513891246453545,42.924718764061794,7992.128783560822,91505.35792710364,0.1887000031545351,24443.029923503826,0.1379916907422121,22436.790791410804,51957.43897555122,0.841638783915539,28.3001419265621,8627.706998071255,91945.8929728156,0.1431579947124923,43978.03658793988,0.8474916227427868,64.60392591054828,7550.454555240314,88342.60908510753,0.9922714233398438,22356.19757110576,56240.401041065976,0.840079122255201,27.99827999621016,91436.75194047038,0.1428712263262514,8.05111312866211,538.3396595984627,1
11.289742935031306,1.646334838462065,-1.021210614068614,4.638196600103661,2.919987626801164,3.0006265804390417,-3.020421858942936,227.2513732910156,66.38062176377913,0.8244917398315933,829.2820857802585,2475.438537481137,35210.50335448446,0.1588456087864329,23836.39561098889,0.1061203413984888,21242.829735564028,65403.22459591644,0.8237718702758902,412.37163748574494,2950.5935801972228,38152.66713624472,0.1146127401030355,39292.13057623935,0.8307357113921958,730.4522403366694,2497.658945432684,36797.97924107932,0.4400678535856573,21852.61071946799,44481.184319411535,0.823457320398382,399.2227696226289,38157.95535893826,0.1151005974096464,6.5037841796875,531.3243295538098,0
12.08908979990515,2.618488848352227,0.6910595459329398,6.4999535542445335,2.1489546890193285,2.623807930031785,3.2503746426551072,209.61394119262692,80.49825187089375,0.8388772332863632,210.621604931584,5784.4331928539705,61340.9175108068,0.1988119491481667,16926.433832053128,0.1338173976492902,16010.072063946134,21765.724125976405,0.8309166221421452,123.76842604330932,6763.085423044021,63193.302588046135,0.1449190083852848,20083.324242705337,0.8367256171097487,200.48524879856905,5911.173911169536,61337.51574251665,0.7080535888671875,15847.283922291024,21845.462211494945,0.834558716712052,89.95239557739558,64315.52467239968,0.1450931019124857,7.203285217285156,431.6074374388369,1
3.073990638482955,0.4596010536287699,0.1553845461797397,2.2134382824180343,0.8440318006498163,6.353873006358745,6.634627841716795,230.53796005249023,63.73502255471507,0.7671738193554656,746.1247965050384,5944.504317184248,26642.11051579533,0.2842453746471972,8527.197044944052,0.1811750345229587,8286.148902975425,9573.856739547056,0.7560441981970855,314.67637376074646,7353.210282747334,28336.405835543766,0.1985504712661938,8578.768779276483,0.7712482343061396,589.2838217745687,6146.71219383937,27475.175272536053,0.3772201538085937,8260.779292969673,9237.247901624092,0.7563509015788515,336.5202872936487,28380.01838829767,0.1993864133169815,7.52301025390625,514.9799786888004,0
19.194426133758608,1.92665369994966,-0.3457571199867774,4.311089266289745,1.3769639826104094,2.339194576305732,-2.2360615839442186,212.64784622192383,78.73852697506572,0.8754202020440982,555.6320857622069,2782.525234872565,62172.02562779296,0.1237505176424303,31479.96895342427,0.0868835350083838,29377.115679337658,43212.346931115775,0.8737406034295806,190.74341640601352,3209.3280305833023,64962.09911546094,0.0964883654262978,39042.2819202009,0.8777981326559477,334.3280576204955,2913.02719169451,63545.42036139982,0.6599197387695312,29271.48609680979,42043.97122443553,0.875140384799617,195.0686150646795,65387.9706510437,0.0957403129179924,6.624458312988281,506.8967173738992,1
5.225367612775258,0.38531123476717,0.2928071061279341,1.9555019332294208,1.4775584795305226,6.548412221450213,6.189939336826988,235.1488151550293,58.331296504283856,0.8183378085459054,1377.3001308674288,3227.5837675004323,25583.01960542236,0.2253620377031576,18177.08466875725,0.1542510565171812,17337.883640553886,23011.040963974418,0.8008594901856586,828.5413003619952,3758.4373560246345,25703.1441399088,0.1627308046302148,21433.53265008697,0.810765039254635,1527.4016343207354,2986.9339121552603,24220.043360572014,0.29876708984375,17414.455262072235,25566.396986721145,0.8010345661933499,828.9414644479488,25687.80113917198,0.1632306734709212,5.739490509033203,226.5111734746908,0
10.78658782737283,3.4535045196880607,1.0920862808855454,8.408966580595463,3.39426480894834,2.427013261241668,3.25966966354005,211.77140426635745,79.26313818204152,0.8299712571126903,264.7703904269111,5420.965512098301,56559.99567467101,0.1976465074837749,14687.4885212423,0.1274319263152236,13855.324054943872,19045.356179942864,0.8294811253901904,130.38336402036174,6416.369132459656,59901.79792050255,0.1402912358043639,17142.326286147516,0.8297231125271883,233.24558465110368,5326.182123756829,56152.38927841244,0.6604995727539062,13977.717461271328,19312.775322560152,0.8277999733933875,146.20182648401826,59407.45138073494,0.1406678692020803,7.582828521728516,566.0215827338128,0
20.288091741839025,4.164574918848329,3.089492269035683,7.660990234541563,5.920940305999154,1.5227086409067705,1.8814238970339088,203.6783447265625,83.39982425358649,0.8459022747128687,152.97568263086367,4070.897660790532,70070.8506645591,0.1444660190492257,23342.922411882068,0.0953462682863414,21146.12069059772,38077.74577120662,0.8488227719809073,81.77517231319062,4705.481929907735,74741.23217606943,0.104592299298654,32369.623126435945,0.8487034196446042,173.83203517949013,4066.6884813995152,71043.35081769321,0.7963485717773438,21380.17360925058,36661.93829218521,0.8466925788158528,87.1804450636067,73917.39601129157,0.1030576651544462,8.687908172607422,583.4117958212112,0
26.971312222938487,3.699118137062028,1.7148308353177546,6.370561481573654,3.842820525722707,1.4843713289951757,2.1446922286963908,211.47335052490237,77.42192471072956,0.8346608696517378,388.7655725052211,2190.747502951058,57669.59815672387,0.086249936570569,36484.04492418051,0.0567310060583378,31446.62087708404,76515.2166076455,0.8440888173161792,164.48051725247154,2449.286054341532,62644.78261242521,0.0608374321904232,64181.70631125217,0.822530608752597,414.3478840932497,2128.971374403145,54165.63266548076,0.65191650390625,30520.204255675464,87476.65181162812,0.8442047999403808,150.19266074676366,62795.087193752006,0.0614747063832113,7.752666473388672,469.6872448979592,1
7.342715510318058,0.83002180285485,0.8052325652615958,3.0132530259449366,3.243244167527179,4.336906828159722,4.624682427008859,225.38177490234372,69.07716919382368,0.8130122206344043,732.270477342608,4707.415578742208,36962.52786598787,0.2283977037636328,16438.929465530855,0.152799536273465,15471.800756631055,22550.321521582067,0.8020173274428007,270.61563901167045,5496.58609724298,38013.840048335296,0.161648137123346,20282.506153210164,0.810977811088408,491.9664543813643,4585.037904846236,36291.26870551374,0.4480438232421875,15409.468692081164,23360.181725300547,0.8035794035416257,330.9690514853377,38131.83271245264,0.1620955164393894,7.456279754638672,548.4001884718077,0
19.029615740423967,3.7909112629647312,0.1346486407614223,7.0826612769584205,2.1639047298511707,1.578312663838804,0.0439558282477785,209.8625526428223,80.26391724820368,0.8561916229962987,285.78851557592924,3526.086315000716,63007.37056055714,0.133429590721244,26594.23325876869,0.0913970684045773,24288.769566643725,41235.75787061014,0.8521948059571559,134.69656685868625,3972.401067713279,65191.8067354561,0.0989188874773683,36724.89338693001,0.8529917418090424,370.4848760266457,3502.042927921437,62087.88422872724,0.6883316040039062,24142.447192648997,41955.53238159631,0.8527125223286081,160.27198161346098,65303.62166322271,0.0984302267794885,7.568408966064453,483.08276743428473,0
2.732307359971378,0.0881642452422358,0.2003996568599268,0.6522466288868367,1.3242416657688532,8.567464360444063,8.091163099245517,243.2898178100586,46.0141613508444,0.7961350858102201,2159.0214144473894,2237.8262021961377,14198.966595144935,0.2357990561349885,16982.239808153477,0.1643567659649608,16453.781418831266,19406.242669022675,0.769833094236888,1480.000796749263,2659.8331607043265,13995.96358855868,0.172240798774188,18450.542984622734,0.7981078382026711,3567.494888434528,1945.747444217264,13496.795981865054,0.1716461181640625,16843.650473524434,21597.01040092453,0.7692885803065228,1210.0577597195663,13990.64611217336,0.1696610244036167,4.923503875732422,195.208652546192,0
31.821679325985063,1.8911787415908208,-0.8792750209684493,3.389880492518996,1.829369304101833,1.844039176532317,-2.045270858568159,197.88865280151367,85.94219848853837,0.8445476510683443,204.76543922731688,4239.259083313649,76937.13518455334,0.1279122120779933,34330.15956711547,0.0919414601913722,29957.71391574692,105853.92788465745,0.8495940071547501,75.97495142143336,4770.978102904916,83562.47954801522,0.0987104100022981,70645.32385983247,0.8541347598287117,105.31375365429136,4407.580428206905,81687.87520489379,0.9029693603515624,30522.824588510823,81122.22421717897,0.8479153530191772,70.54381489657428,83053.96829368,0.0968409118667995,8.197029113769531,632.5804368180687,1
19.07516454564773,1.70326100401721,-0.6353051113476533,3.808020986559742,1.8414604160009271,2.3941448817265023,-2.9470107067266014,206.79969024658203,82.63424547174328,0.8451935722856773,145.37281896937407,4886.555740838655,66400.54449505836,0.1652353746523052,23051.57013869118,0.1160997000153782,20882.958534860903,57762.9519461504,0.841289653961166,100.52306671739493,5413.331548089399,68533.66358395036,0.1212354665138729,47338.02633966461,0.8418215685897479,330.94288737215527,4684.732900441882,64480.8450303923,0.7384037990196078,20842.950539381505,59973.45995062548,0.8395357343934634,97.59544393322196,68128.86632672,0.1214355496886242,7.561603546142578,462.8149259954138,1
21.25763455807677,3.0095153241512174,-0.2503980631034643,5.949742732239187,1.6296502501084027,1.8208163873174976,-2.5038009395462857,212.8987846374512,78.302879514711,0.8706088987851665,414.9610993019015,2404.4058612398508,61973.55606277079,0.1062700694749471,33008.139120233245,0.0728816238691087,30260.07337420113,49999.25044429732,0.8678097985695616,274.0419722212835,2659.0779065706915,63526.08605093891,0.0797422274807893,46475.8287091796,0.860717473067065,572.9073464780614,2300.038569610221,58447.48740363601,0.6353607177734375,29656.729538307423,56766.87593361992,0.8689710168230524,236.33936372109736,63939.0521510629,0.0790071303997626,5.903362274169922,240.61661938697844,1
10.322184896161811,1.2910194614094492,0.9400403060453824,3.813524943279495,2.7861547116281087,3.112783002836525,3.100544852677719,226.97333526611328,67.31945146072873,0.8320865760033339,647.6669515060885,2745.596809798476,36711.78120771915,0.1661159327342262,24098.27609841202,0.1097924954154479,22283.557484857305,35032.47091077405,0.8272780021047385,308.9002997002997,3367.5652014652014,38886.73306693307,0.1227434069582605,30356.037562437563,0.8338591614889703,773.0844541033543,2725.225199066569,36885.94675525946,0.4282913208007812,22434.41298212234,34910.74863280902,0.8224775290980634,368.29404543696506,37968.270687944576,0.1202568116387074,6.870853424072266,500.2963760867893,0
24.29402012047085,7.974543935720768,3.8017224444860567,11.694717978894651,6.141993463436744,0.9053632270738098,1.4232616983684496,207.3061790466309,79.71097803817726,0.8269556678631207,304.4998898458892,2860.0037242580333,61120.92303899456,0.0981057731819577,25140.777782440386,0.0660124469835862,21287.421190410867,55812.90081933677,0.8439691307758653,106.49492031486292,3218.2456667571446,69222.48429562993,0.0689079494059165,42430.30798984063,0.834816630629381,248.47295255981055,2922.313280803462,64083.1404221442,0.74749755859375,21752.043651657124,48979.279976729,0.8464337046441852,142.50151372996606,69811.35460938029,0.0689638628705078,8.970455169677734,623.58938387347,0
22.38898532880688,2.0284279416793454,-0.1353324663819456,4.226901246354252,1.3477042927778562,2.004939740977391,-1.268395855595908,216.4703140258789,75.19774191955547,0.8506303154221299,552.4667563585111,2209.7522070600294,53331.286655134856,0.1026014593214678,36855.55749887885,0.0712645814205483,32588.30487113012,79179.07418796848,0.8512124710041213,244.8387349169285,2443.862574422045,56050.798990183015,0.0742129837266973,63953.27071897502,0.8438978443215795,533.7451075487279,2126.8568114194336,51241.7713884993,0.5820541381835938,32213.513021509807,82494.90939953599,0.8490328475708946,232.12209715785085,55565.2320066701,0.0750206906138005,6.923366546630859,539.0415812944437,1
4.064587103644486,0.4250396655222353,0.3813240819924753,2.158740762508485,2.0067028308253527,5.859655702047268,5.832464436432729,241.0022087097168,49.24884541978031,0.773133848552845,2177.494642857143,2239.3547857142858,15671.626428571428,0.2160254980178227,18649.571107142856,0.1360083308495756,17110.583551051765,32754.728285714285,0.7568266060152568,1244.802144982507,2899.289180263545,16395.841055488345,0.1505037783860433,26687.25370303764,0.7692231601756057,2154.349129523948,2221.209058730044,15310.61684605938,0.2112274169921875,16874.074525412307,33709.681788629634,0.753075965950444,942.3176439824804,16232.371183892266,0.1505216998822382,6.338016510009766,472.07655502392345,0
21.155255711047083,6.092609430525204,-0.6067709837315238,9.377753403581362,1.80836837216769,1.20359396720056,-1.5829271613992877,187.14276123046875,91.2923837404244,0.8821745832083532,77.67195797989204,5880.606716233322,101885.84277379273,0.1412749979027004,18644.695390592035,0.1009451121047999,17678.11138287919,23175.731467066304,0.888151620481134,46.71706320898549,6417.477039710181,107806.63315289609,0.1077893407119817,21486.1497209517,0.8938452751665076,88.96673346121756,6073.9219644729055,107145.1496673346,1.0698776245117188,17759.127932468487,22067.443675078976,0.8866417014944629,54.37643941995669,107093.43270558388,0.1082689467948499,7.386821746826172,667.3194548449904,1
11.76688844732795,4.272077246423632,-1.3510512490767297,9.75919801583778,3.210246148297863,2.135298539236114,-2.2545837669785063,218.4703025817871,74.25124470616248,0.8286798910165363,302.6712467986504,3331.09620987303,47735.501077279565,0.1584630175523437,16312.273005677738,0.1029801964013373,14828.386567481244,28860.06394568885,0.8275725158198004,187.4328812691914,3931.563587512794,50481.12761003071,0.1136502984289164,24423.009659672465,0.8190450121679329,492.34100932283815,3263.856640428739,45152.69164852342,0.55978125,14403.264710115487,33556.1738820968,0.8263573373340313,203.52846320485048,50214.58701754836,0.1149901819147813,7.78326416015625,550.6733063985718,0
28.394195967797533,2.8861008881882086,-0.0870368993509577,4.671933002614018,1.7825023305185304,1.415230736399247,-0.4170350297409481,198.6163330078125,86.06473753455897,0.8587447762333597,161.2044812079778,3967.717793492159,80198.18129234837,0.1260333782532172,32558.246031538936,0.088959471814607,29312.34995876513,54760.34538005897,0.8588638218115252,83.13130687383322,4318.878496144927,83442.15722501738,0.0932128187688327,48109.44466861444,0.8495114224016864,144.0582376712084,3810.457801380396,76194.49624503808,0.853363037109375,28873.225056414893,60260.98131459428,0.859421521784247,97.07425129663712,83625.21997657687,0.0941682822750709,8.53243637084961,250.13809634268924,1
14.141612924498595,3.058827520132644,-1.5663855910061917,7.045186409170592,3.777709958307848,2.321729545334905,-2.489648710316481,215.5924453735352,76.56213323211183,0.8398643019055113,407.6406617619599,3912.301241114887,53548.54426062168,0.1652787976958082,23596.86981364604,0.1101111086339834,22017.55418588705,32938.361242857674,0.8332047077284565,175.8824943758704,4556.825765060169,55112.44115791604,0.1200632672831571,30209.74883648959,0.8333650482312185,451.5193038015423,3648.088531005806,50904.52023069298,0.5926437377929688,21911.39950476309,36524.484313649766,0.8341444587109039,165.24525335302667,55239.47811896991,0.1188996674628437,7.407875061035156,454.9362997166544,1
3.2130321838571616,0.1543092084609048,0.1880696654127328,0.9923415343647144,1.2289789256514183,8.252169160045291,8.282611163968431,241.1944580078125,49.53150474154913,0.802001932881083,2775.110443003586,2485.6289709131743,16694.815264244575,0.2329774605332326,16563.66986633825,0.1579434118644579,15765.003180317424,21666.464845872422,0.7793029334451975,1091.411737057678,3065.223662123145,16998.50426374807,0.1712105598007904,18864.43721882764,0.8073206813786297,2146.3100411873315,2583.2461298111066,17315.66254793353,0.214874267578125,15657.515114738846,20494.72031671637,0.7822443995482378,1120.5133186461046,17245.796114560384,0.1741477809056557,4.84942626953125,489.1286821705427,0
24.01690139794028,1.6662947328412054,-0.7641437864629115,3.540332971217259,3.546575513903078,2.0769336989917253,-1.8460058474211791,198.81128692626956,86.85884223609615,0.8755588398080829,188.40151662110924,4315.313164623931,82722.44449343091,0.1428506745736383,28651.38637686271,0.1040951464249773,26714.02741780846,44304.57538135967,0.8734036419658873,108.5963960439822,4742.9031915165015,85466.00172629324,0.1089549924178301,39129.17051185019,0.8782336000050829,207.76749041591003,4387.150854014791,83749.09069137037,0.8696823120117188,26626.79472522143,46169.63133931626,0.8736072681377607,112.002754727248,85547.55822337097,0.1084121611378981,7.296066284179687,485.440844851685,1
14.01553602262349,3.4272064996982703,0.868081003997162,7.557461189514929,2.0571328296144444,2.175117120315634,2.6062336878925265,207.9127426147461,81.51272582121445,0.8363955493403127,289.53423108337347,5514.898846049132,62961.35732685501,0.188032190374627,17626.342907704875,0.1272585201173216,16205.740935557606,27184.66961611761,0.8349539585023958,104.38317199705818,6313.990180683377,66144.10330159613,0.1361013423598007,23816.58676379972,0.8349631454604185,161.3196431189394,5518.782478480323,62710.981318198,0.7285614013671875,16218.260255962428,26977.10305359499,0.8361097547202677,115.5785041067048,66382.64870045388,0.1362204588140309,8.37725830078125,579.3124187859662,0
23.714147157042785,6.556032620875382,1.3278790507656486,10.055371085120315,2.8090265739611846,1.0425283148063182,1.966513684281018,203.88143157958984,83.06079450353512,0.8679415470174575,271.1145457004308,3123.17779795599,73924.78819960974,0.0992101930240097,27010.27203879369,0.0685587374592396,24488.8987968706,42117.87412337474,0.8731206990610016,127.68598255458636,3416.0239087356704,78258.9724058744,0.0742748668582098,37487.82324018001,0.8693597856808024,294.1823636083031,3136.568388764565,74258.59454819045,0.79095458984375,24434.00376324429,41890.90607878695,0.874307427077295,115.28832396407374,78774.65670663601,0.0744047265437308,7.320106506347656,503.33810148546274,0
12.738488112611668,1.2932554964951175,0.0104125524813592,3.395862446584733,1.1894083017271129,2.8137035263909653,-2.496375836673573,221.8805274963379,72.08892695652014,0.8257398822217936,440.5736401798208,3552.6065973979576,43177.04784304385,0.1692035509326911,24783.748295572957,0.1174705915776297,22318.401895317947,44656.62682723511,0.8186673335906798,258.4494483224499,4095.1146419725287,44885.27524769196,0.1250964645335725,37663.37149572169,0.8321508006667787,428.9132923722464,3408.340926120186,43604.39931065488,0.5091094970703125,22629.78505754242,44144.983860332686,0.8192691708276099,274.1580682426531,44916.4726550393,0.125202297330686,8.409358978271484,484.9767796492688,0
4.75225560794031,0.2440964830440796,0.2471090160380797,1.2716273817272905,1.3131692603681615,6.417126168875731,6.489661055290882,239.17185592651367,52.43813750864658,0.8279587696894782,2585.897645211931,2128.812433281005,20639.52332810047,0.2047398739287452,20970.8843956044,0.1408407573306558,19791.316622528408,30190.114505494505,0.8034704401817083,998.4638046891048,2645.6395727574168,20738.92059626163,0.1502806204111986,27273.169723290004,0.8267678625688573,1856.160584838432,2257.768644796658,21051.64166359504,0.248382568359375,19528.51959392579,28824.71559773928,0.8072631811534222,968.6047205404932,21034.50524991957,0.150716942672807,4.555168151855469,493.3868194842406,0
20.98935573236007,1.832366613241388,-0.6350722928319181,4.262247695594219,2.6051272488194,2.6724488896212195,-1.7195096732148922,201.4382362365723,85.84931412808673,0.8694751740928947,162.54138735465787,4817.428525324801,77982.85206222165,0.1590690188235396,27493.41806898968,0.1150169123169756,25815.944562401677,38679.41808743119,0.8615497870845734,72.74259632546864,5394.624554891531,79467.9734044915,0.1209869427468259,35048.070178398586,0.8678521980617265,127.2879658816985,4715.724624513258,77289.04995364361,0.822906494140625,25947.60325801099,38652.701307250136,0.8617936688212385,80.63974712848366,79323.69630487045,0.1209195310413846,8.372303009033203,563.6969002651306,1
19.222850907329647,2.307957800705692,0.659962354964412,4.986050761070947,2.09357476124942,2.1967249079934037,2.9719436058638427,215.39268493652344,75.9295228389806,0.8710484110966651,644.8046658856957,2356.8948929488297,57864.31746466937,0.1137366277215363,31844.60493257895,0.0799290208719929,29291.072859863554,49408.08959148576,0.8698862547280075,252.0097824012216,2670.2855983966406,60347.38389959916,0.0861038987741837,43970.39662865051,0.8713151878960217,580.13307084652,2345.1272645717563,57907.617707892045,0.6123199462890625,29243.678603956003,49026.0594208677,0.8730528341197639,254.60840073049832,61227.81471906648,0.085539005623416,5.798915863037109,464.0412741552847,0
32.22761517470657,1.7458073759420982,1.6205468165734689,2.954923622382277,2.456564543027136,1.601701635509349,1.1894182540670009,220.79597091674805,69.42074513306318,0.7075438664641123,602.8703918103711,1991.6889281579429,30380.565748583267,0.0790059318268846,42496.749116446284,0.0537018373264858,29272.00629239528,253593.1921881665,0.7443608771711934,217.7392652423137,2448.294267847837,39398.87563835331,0.0527873139079402,153293.7084940073,0.7130209272486633,592.3212847799081,2019.32873841917,31405.952449373624,0.5097427368164062,29884.727842424127,235269.64560789068,0.7355237359516341,255.0409397132493,37693.8107950091,0.0536232209614708,7.513938903808594,509.2723535457349,0
14.451183432950003,3.000890843857416,0.7272387950736173,7.168518412015235,1.9705287534958849,2.2544577262148566,2.876456989694352,222.6849021911621,70.46669268207023,0.8584552528516035,736.7246592166912,2163.9404254673923,46059.2698063714,0.1204247334334503,26576.65653288047,0.0832554992798556,24125.229977411087,44331.24402965838,0.8604747267995698,462.23123374747183,2437.460762785322,48660.52880670327,0.090160085094592,38117.47314360012,0.8670339062489864,814.380738913292,2163.2062398459598,47423.26626150791,0.507171630859375,24358.806748142862,42712.896218184,0.8638063974203499,421.7070433101538,49155.23712381337,0.0896774114922149,6.536327362060547,497.0146879208293,0
15.302668140086384,2.508775904071334,-1.0835722059864925,6.071525547689893,2.6186538898047718,2.351568112212532,-2.2658836589855507,231.31433868408203,61.078644565256965,0.8021567750114944,1335.2024328520083,1280.761010569296,28291.117346830277,0.0990431603219463,34283.53875762925,0.0668190100360629,28021.51762611937,188204.80452119172,0.818836045218753,524.0007259944213,1520.6211455427765,32964.75384968094,0.0698841300612372,115720.51383210425,0.8144810937005432,1274.030159024049,1303.633668662182,30223.205270628896,0.3708572387695312,28907.22834388713,152153.2155567899,0.8170023974421802,487.9503003405134,32767.67360446876,0.0690390093473637,5.282272338867188,625.3574926542605,0
26.937983750436384,2.091235044291869,-0.7056777809542836,3.580491231201898,1.5315543478342,1.5365765987960187,-1.7344222124515647,207.7113380432129,80.69279408624332,0.8336224919595038,201.2957048748353,3024.751841897233,62030.64835836627,0.115621912929853,35052.48911725955,0.0804635062795865,30359.74405029905,80789.32561791831,0.8397088132591385,95.17139660857278,3433.8120780342283,67814.73416156383,0.0847706567414216,60617.34334275397,0.8379097686033666,207.5173201528493,3058.021681342416,63719.37558149194,0.7347412109375,30735.706154039803,75321.54178434955,0.8382308701584943,106.10145811605896,67368.3670674354,0.0845910031041977,8.882625579833984,584.3726294072525,1
19.645242913350145,3.363370794131128,-2.189839976619651,7.261340790207594,4.834507453674329,2.179692222392662,-2.2323967023184665,210.33002090454104,79.77462383389549,0.8416285064899443,264.6169371642245,3423.68771329136,59382.9489790172,0.1434720732480544,25255.513667541418,0.0958069518209499,22791.59264221354,128993.08501244552,0.8434154313011416,121.01448669876648,3950.447625413869,64438.58112864648,0.1026961694943516,50719.9868502136,0.8433410852647154,276.5304157163477,3417.37616104188,60969.26110909111,0.6951516544117647,23118.867946788305,61368.14362212012,0.8415647717563556,115.24238235848463,63960.30979455928,0.1028484549299222,7.945842742919922,603.3631703187963,1
26.294734727975527,6.0456554134054965,-2.7969438460878804,9.791221474075922,4.752685604407871,1.310445265412673,-1.44067020385774,201.2836036682129,83.58653983958268,0.8474458868455401,173.50863971776613,3215.6619011996786,73409.97540612676,0.1176142632889838,29946.24801669761,0.077333776058776,26744.169740567097,57243.26267327921,0.8556333388951438,76.36849488249658,3725.864156694318,80104.61152001108,0.0851021203544741,45687.22943906621,0.8502335322348016,140.70491698769615,3278.0191889110497,75005.853565021,0.8377304077148438,26915.53397940596,54040.79689079533,0.8542226184712669,76.34245673601608,79726.07412475965,0.086470049862251,8.629650115966797,629.0857479818619,1
23.55604986166817,9.270514310509276,2.482257918260282,13.803808548485366,4.35251806278624,0.9802995237423128,1.5621291555895924,202.11286544799805,83.50669481427207,0.8600566814755005,218.9410945809242,3450.170034060641,75371.02945734996,0.1006521458332349,22856.16914310109,0.0693926136781221,20430.234256993765,38961.055657129065,0.8643421358104653,102.92307692307692,3767.7828143196234,79617.48257162923,0.0743307256318033,34257.095716025564,0.8609519084708801,284.66933472320466,3443.0666952086667,75310.95290569971,0.819732666015625,20315.2094530845,39380.88524254495,0.8657073766450697,103.96281171103335,80182.27990432741,0.0741411719923038,7.923778533935547,483.3386320385089,0
21.99616710625906,5.409208025798447,-2.458189785220822,9.40674499092406,4.366159229869598,1.4826085642429512,-1.5321758670455166,202.0432243347168,84.73780998908335,0.8620330650510314,169.85930808475774,3904.976371355156,75685.51390906044,0.1318897026263327,26060.93166499088,0.0907383383623741,23957.71616415975,41926.82895765836,0.8623831976023096,93.9367413507299,4369.760226725844,79208.49781651606,0.0974140762199933,36484.825000445606,0.8588732255526544,175.74228975477658,3856.098089363623,74322.24479088311,0.8114013671875,23866.49769861075,43403.22908831052,0.8611428917556517,99.39503373915528,78810.36761398122,0.0976166623427308,8.037361145019531,557.976185595826,0
2.7777637460041054,0.341443860748355,-0.0244363063457426,1.5542315189585607,0.4229744643961819,5.736527948216031,-1.838502671748224,235.79112243652344,57.93684529055393,0.8178566605192974,1637.539833070622,3960.3952298509007,24379.058451122768,0.2583476113017692,9849.671748623996,0.1801000989965583,9664.590936911392,10629.089097909507,0.8034392750517113,698.4378986318711,4573.969959589074,24959.518769170845,0.1899891483903817,9911.273844880472,0.8211660399566173,1600.1238532110092,3970.632666735388,24654.918410473147,0.296051025390625,9700.34173116517,10514.619497989896,0.8031757287520083,751.2441375271467,24871.01927722603,0.1886401041795119,5.044162750244141,573.5516551877362,0
26.0468707606744,4.997868736010967,-3.2645273744096603,8.384803683451898,5.663764947539261,1.5075671013477536,-1.5697528860606522,193.5657615661621,87.53061847313462,0.8356009657532355,69.08101276013365,5289.638538018758,81661.4835003824,0.1541221635488863,26365.27305880932,0.1039180686660316,23546.221221960022,55857.47752686874,0.8402335185991135,45.06060629101056,6030.778788178313,87559.0665140928,0.1124212722023008,44105.83687015762,0.8402086497862774,75.46083496454128,5295.682828995925,82973.84308314347,0.951019287109375,23574.340049346432,53149.17048262362,0.8425294354926837,40.39115798073941,88566.97155544796,0.1125301901421789,8.023750305175781,478.3708863352765,1
17.94088041180656,1.079475559733273,0.158755603379387,2.527134546246105,1.8095389848786505,2.898367978179289,1.6291368790190772,198.83087921142575,88.09939333458854,0.8694949912925851,221.67598088641444,6495.799789575205,81911.22066546841,0.1838542820939098,20968.637876463108,0.1373094678141003,19705.068038769256,53544.55197930823,0.8653954239944025,86.38053778074573,7029.330952401078,84233.47713882384,0.1426770915858739,39476.564289397385,0.8762970084290161,140.94367793223358,6647.34717092117,84567.40459157634,0.8819808959960938,19761.090903734108,47894.31243133829,0.8641354888835215,84.94369582881907,83828.22296519502,0.1438029374014161,6.539863586425781,457.512526354053,1
20.77349296991295,1.109874305176602,-0.0969461140807404,2.6484178142683845,1.3280731912372508,2.584387345996562,-0.555356951745818,214.53974533081052,77.44577107550214,0.8396836294416178,295.1563422548613,3526.254690511625,54566.65005977505,0.1426958965334863,31660.62279503257,0.1020914176096323,28083.0706069059,183333.5003415717,0.8359161799564281,167.875753948156,4007.2224780146416,57321.14036097426,0.1106547673788788,78066.20453289746,0.8367153345543632,299.4623473832751,3476.164513160317,53811.48228725688,0.6217575073242188,27901.850964067664,97359.44007607827,0.8310130537987871,158.02093889544437,56271.72420813956,0.1105735559326249,8.381515502929688,574.9283439939136,1
16.153014979159607,1.746504844767755,0.5950954530318577,4.20468040568278,2.7502009027308736,2.7375545429057384,2.583993266829696,211.32829666137692,79.35253981270037,0.8418064309200364,328.9572548708114,4356.87320571448,58982.27141511682,0.1710210762463651,24678.123798608827,0.1153470359088571,22840.353954115504,36964.028776651874,0.8382216427914378,129.74759772117534,5167.333251386855,62120.02085359727,0.1254625259635699,31826.95319430935,0.8431590576816923,204.7163065929772,4478.733132361972,60178.71573717412,0.6833267211914062,22987.54542314652,35062.634243287,0.8395968935947269,115.54147079829022,62499.08527602784,0.1259418263007347,7.396980285644531,622.303966174916,0
31.324134482236467,10.145083098139374,-5.701865351740929,13.575229704321249,7.808618399315249,0.7375690567072178,-0.7833298061599897,205.41608047485352,80.59773358394312,0.7841494000421583,158.20120191072988,3124.091211669834,55795.157214032566,0.1097983719653974,29745.789542349376,0.0723996958860209,23423.26320095771,135728.1321896348,0.7986574463330073,92.19549195258423,3577.8211073019907,63764.76723678925,0.0759026537554174,91606.92539209552,0.7855555060265401,157.080354288896,3108.0151057401813,55817.54624006269,0.7399215698242188,23570.98686039321,144048.31314766506,0.8004585157903787,90.28090438774282,64658.34838178268,0.0755367576328431,8.897415161132812,504.2893237552639,0
14.441161530322564,2.491393802052451,0.8506476920444359,5.9494095249134125,2.445413173294996,2.276043753922172,2.989299810624637,223.18698120117188,69.9059926240522,0.8320014761435613,653.2323063588369,2418.209550074856,41374.15956189426,0.1387997989632915,26782.31006224884,0.0947301628339791,23649.958413936565,53258.49822709007,0.8302869690036934,298.75087470658576,2814.501395101643,44058.63759835836,0.1014252004624794,42932.18611689328,0.8305619800381694,537.115074601269,2438.024680001871,41660.28077204908,0.4893569946289062,23672.88512982988,49835.43201696263,0.8322212432044709,289.7118853181364,44495.2648493038,0.099741208501792,7.822792053222656,490.67420578825977,0
25.313909374408883,2.584333177663972,1.841200227459445,4.8194881328774,3.262152234113296,1.7150876486988635,1.701377706860136,209.85319900512692,79.11240573966798,0.8215472871974583,190.80438067298252,2813.886722325771,57405.99579799495,0.1173989253836289,32804.79414586803,0.0802174971955288,27949.85748075815,77273.59066294626,0.8278533892977917,125.30736962038428,3180.1422859806307,62171.59824952095,0.0846594407319416,60892.45739292558,0.8163305202934168,404.3198512424635,2729.2060742660733,55392.7970586578,0.6769943237304688,27541.93035182991,82741.79105200879,0.8291021690998089,124.53868644812016,62542.50671033464,0.0854776490586043,7.339653015136719,466.40500344136217,1
16.248916167111066,4.564924543045773,-2.4821829313151964,9.86947606007756,5.376000080112362,1.8690339899293251,-1.8407259186582503,234.8238754272461,55.88632341138136,0.7336818958803888,1950.0420080667664,916.0250881509857,19645.99013216306,0.0729849900706385,36108.4473250298,0.0493920828991267,26180.01886382506,176784.92237639838,0.7583431220162795,983.501626959747,1061.559355587412,23458.996586797733,0.0489710242865189,124658.91180285344,0.7099288691939039,2074.3796632552,825.7486519203258,16937.30031913723,0.277313232421875,24642.60812029454,225549.348932541,0.7551261148278899,1100.7784482954933,23230.69084325826,0.0509554552985962,4.285587310791016,459.2783216783217,0
11.644684160983138,1.918194955380718,-0.368694289531343,5.167348853840361,1.5043458232142848,2.851212283333338,-3.111335496006775,220.70183181762692,72.85160075820984,0.8358711393874426,467.9630564512599,3521.8865284444896,45224.19798065279,0.1726166415734768,22342.549352904272,0.1157522684140918,20612.48665429531,34484.96871762697,0.8334987762786749,234.1815421320898,4316.147868994686,48471.99894263095,0.1279143514419241,28704.885899034813,0.8415094425314206,574.4985462023969,3728.155350684349,47224.78044110347,0.5379104614257812,20836.98032849832,30976.522813984822,0.8324373077221867,264.1811162765408,48195.26977136177,0.1278199359578302,7.217494964599609,532.9680387556747,1
4.302528581228393,0.3965780629986521,-0.2083657984421845,1.9098834340240636,0.9692904700938426,6.090595547588499,-5.819119304410633,237.35175323486328,55.43970261781006,0.8082582436067149,1788.0394729464535,2967.5109615923748,21905.63364171573,0.2249393905446449,17100.1781889543,0.1537402319122556,16105.549827920317,22500.083347350715,0.7918145012271742,898.1239636794315,3522.148940650085,22379.14817739176,0.1631046655732307,20169.30125016449,0.8066349421310675,1790.9023473108475,2879.24732224248,21473.15867137648,0.267822265625,16058.083089688447,24128.99666704649,0.7915082980205888,829.434787200338,22303.034058506702,0.1635136716225555,4.8271331787109375,544.6556874760628,0
9.16137774523598,2.7201369121075807,-0.0931096690476441,7.103860773084565,1.019827835882226,2.6068214989693765,-0.929694424463705,218.74213790893555,75.07871012979025,0.8457684526727061,559.9686665576808,4154.115688518337,49610.62814015585,0.18227440531642,13963.631900168928,0.1264514233583119,13030.668971353416,19017.49328374476,0.8442330594424186,254.4075648769865,4682.1255800689605,52024.34962279315,0.1331098979454371,16860.46002385088,0.8531654424406686,591.6018936773423,4099.306054070185,50802.21225192962,0.5624313354492188,13266.021636813211,18295.25689442342,0.8436911391342403,279.75806808566034,51732.97310421141,0.1323851101540019,6.469715118408203,591.0446642861324,1
11.456455859317504,2.679886204720776,-0.5414574865891063,6.532863030918337,1.942636030111316,2.602237638894484,-3.952794433501495,214.62005996704104,77.26544492701345,0.8358937202834452,502.6338035115408,4525.349427895048,53433.63868613139,0.1842226031632962,17500.67383852831,0.1205401696128458,16431.09546295255,23834.120807851647,0.8382994881278378,163.7500028881367,5431.857938332505,57494.5066600432,0.1338886587743552,20818.91401439447,0.840716802989534,377.0064947654129,4702.749272974021,55088.03569697557,0.64475,16406.532317789763,22882.56184567662,0.8331370002582149,184.93710194784063,56333.46327460369,0.132427313496571,6.971141815185547,632.8347879188821,1
1.0178801582478896,0.1754939589338421,0.0597133632867288,1.42115158205887,0.646535704439782,10.287233882938589,11.850358522626072,247.67656707763672,36.2215299902378,0.7600764165646224,6316.188157623272,1655.5654356646723,7859.536964445361,0.2621988796045083,9256.44254177842,0.170483418076561,8992.518905125875,10600.979781308026,0.7366432764382546,2935.8227398099907,2189.401471038921,8293.173950352437,0.1839929162493059,8990.00680355501,0.7584559938614,6064.858746365542,1699.3447156670495,7959.762593819731,0.1128311157226562,9045.686054029293,10023.690648454933,0.7371745986868815,2873.7613133300542,8285.381947860305,0.1813853892869017,4.109363555908203,467.5412647374062,0
23.673482874911528,4.448741500810903,2.03857877363521,7.366533068223375,3.950975839722638,1.3544199607823657,1.9820417849267344,201.14063262939453,84.05583141635913,0.8449185654452984,206.0369298147942,3932.924191812344,72547.5778309765,0.1332103705163501,26223.139674498016,0.0900338589804251,23385.28424829056,47606.51928144602,0.8509774192725776,80.6770727787289,4491.782449949338,78354.19681352853,0.0977362395366422,39107.54653925439,0.8513736876697012,167.28518717600647,4003.924045443364,75161.27357123986,0.8374252319335938,23694.117826968104,43843.46717928628,0.854672727372408,94.42018252933508,79528.56916123425,0.098305818130161,8.100715637207031,500.9705486619823,0
21.710345399910874,4.29363513981692,-1.1380196946656416,7.953066646636755,3.635736735491229,1.6081723203708298,-1.8210778065984587,210.1913948059082,79.09647100098255,0.8452514160263502,311.73114174065904,2730.084905554747,60176.651666648,0.1178053481063887,30098.45964102966,0.079597550042484,26747.42535633149,54293.33440449664,0.8554222473820806,131.28316235923364,3177.1018532060257,66349.27543196206,0.0871908189808088,43490.85676827612,0.8576273753792166,315.2147439382408,2788.430488202675,64034.36664129608,0.7016754150390625,27586.790955143493,47532.60138088507,0.858059906041947,128.87732612537687,67146.75409086184,0.0870866268952475,8.044166564941406,517.8153712381044,1
18.177834779721767,1.3881926191035812,0.9050470777283772,3.4576861749125847,2.449092954692705,2.808722930098051,3.268905203025496,219.8773651123047,72.56646690160869,0.8271383977357339,545.7280340627115,2505.5950259418,45608.119811639976,0.1319218164558092,33028.93248082563,0.0864212004993174,29210.539335043723,60363.28113016016,0.8259952846973663,217.72600042571307,2970.385642826735,48283.86265432099,0.0947333559004512,51340.068938910175,0.8157422018634277,441.99161925824615,2413.411034643309,42912.597375198246,0.5243606567382812,28346.84958729012,68323.15965604039,0.8235584225006888,212.48608365831507,47787.36535071318,0.0950345578114591,8.335166931152344,546.9007373794669,1
25.89614006579461,2.964317290467891,-0.7587679136210276,5.426254635251164,1.714087828948094,1.634261132386675,-1.908653452140746,214.90631103515625,75.63107358642924,0.8247207045043199,325.3727589763741,2261.3823861682795,51967.40557001817,0.097569831306658,37566.49643892136,0.0678744375037355,31793.633724722888,107802.95294464364,0.8256645565522317,156.93212574989536,2515.246174952332,55101.08424405897,0.071481359944331,84246.5336697205,0.8007563642214104,483.2095994160051,2111.595570503044,45957.304250909234,0.5852737426757812,30390.0558008723,124892.34635589796,0.828712692413614,147.7154152947178,55707.382228817885,0.0706626130559393,7.881572723388672,230.3130651935374,1
23.30828165364106,0.7737028551262545,1.0590291221252133,2.367667072791305,3.409168808543071,2.6328337960923758,3.1849054246130777,214.4212303161621,77.07607151601452,0.8666619412279699,468.0555421279064,2720.390075893073,59007.03891332721,0.1159610780030261,35747.87490936337,0.0846281383471461,32447.679373565086,279478.98112341086,0.8618880082973823,213.54636562340136,2971.677068316049,60673.27435706645,0.0888323403285783,181669.60570618053,0.8623245615877192,400.5236203630141,2652.2746806820264,57698.16633869095,0.6241989135742188,32251.54096531307,207701.98929291696,0.8608363358612974,192.37312287879493,60521.91080477939,0.0881073507618937,6.548671722412109,484.3866074642986,1
11.018123676316758,0.4814811724412812,0.5913661787365689,1.9034289215303688,1.8823345202302824,4.80711013599162,3.631246421448701,224.83113861083984,68.94341426824673,0.8265753510519289,704.4644747287642,3546.0781622122254,38941.0923524742,0.1918374596309688,24575.856261577137,0.1264109973125112,22778.989420368136,43662.31653545912,0.821609802225938,430.1160889776308,4221.861853804636,40789.523071163385,0.1402724159737041,36605.425280004994,0.8262600454741502,794.9287102619008,3612.002734310657,39062.67636303739,0.4631805419921875,22545.765839042488,42434.89571734476,0.8232667854711211,399.4586770476102,41377.860444279664,0.1408576083629222,6.353626251220703,439.7069762799827,0
17.784718712655923,0.1891221067875288,0.0098447510514258,2.120719223427192,1.3047163836648656,0.7107003461731889,0.9634328180522804,215.4495735168457,76.90840367041315,0.8383332165905423,423.4581577963355,3564.242851801072,53233.679621089366,0.1505511475986631,27869.17591923221,0.1070837982126507,25035.7737327075,52266.732880468655,0.8291398425920063,147.49256516552694,4096.692662013252,54940.67747345546,0.1137415215047008,43898.18109343443,0.8395968150611643,273.9800418477386,3658.0251705481055,53799.05514491946,0.6162185668945312,24888.53002550376,52685.73867449145,0.8304501133982993,150.480134791215,55262.470826656616,0.1153152479288649,8.352420806884766,488.64775526420345,1
19.55880176205685,5.360339313946886,-2.6541194187942634,10.348079027838438,5.166126055987236,1.66559306128001,-1.6593046948864834,216.6883811950684,74.13758651045148,0.7974303181513527,416.221688194653,2764.505635587133,45506.218618987295,0.1366796752185908,26396.84350960597,0.0889129613257068,21901.79380546664,86338.77848159129,0.8198664781706927,155.23037062855815,3269.250795863832,54388.39553851517,0.0943575908058876,53695.85439758336,0.8176114009743596,266.0899620745703,2848.19452790228,50940.575407575234,0.619598388671875,23236.5543663439,65941.07634339752,0.8163365582997173,237.5670348382883,53627.96702784031,0.0955794202727922,8.329513549804688,631.9705311097717,1
18.574160291145297,2.347842491416312,1.2905702238938843,4.786116550579771,2.7758313153735723,1.8900900466021204,1.9961449837000171,213.108642578125,78.1252376915177,0.8439400486818263,329.1799417772263,3167.1629760427604,56363.00467691133,0.1330002132438814,27765.068041901308,0.0912242376626567,24911.529205456307,51605.38324424931,0.8436038728973199,159.45976012907448,3612.59596529431,59622.01194841534,0.0985147198844992,42782.214890952375,0.8503918021671055,300.21292370372123,3176.6382973683585,57717.36530307696,0.6441802978515625,25187.23492412691,51333.551247127936,0.8464879502203919,194.93222150951465,60240.0204697118,0.0988059266145024,7.788578033447266,485.2733001211795,0
19.29619983517203,1.5725378457323271,0.923615715288958,3.6852066440680695,2.3609919102520625,2.5627239372494777,2.882903428301292,211.4456825256348,79.41278965787107,0.8662194428034709,281.9022843634816,3272.187129589173,63671.966737247785,0.1393754715107121,30078.42502156645,0.0974309531083065,28108.99871659449,40999.42767676089,0.8598434093109351,125.46514764108706,3706.187364469042,65176.15202123184,0.1039778277486109,37589.346527710346,0.8612429745277855,209.4074568599717,3225.7064441301272,62220.11110608204,0.6742477416992188,27966.56860117434,42327.72,0.8605556559766747,136.34404187401253,65543.17282703324,0.1036339428133185,8.128124237060547,479.1925901201602,1
19.03741374141598,2.588657906986798,0.7650482446849116,5.104076674186913,1.7299064163107527,1.8183238596630729,2.372023047409783,210.2514686584473,80.63600667735538,0.8515487907110793,218.0451124529623,3722.111818500044,62678.73816399755,0.1430147157670728,27153.049936553776,0.1010552325577782,24689.761386103262,41086.88523890785,0.8425841574980278,151.607633734528,4060.960528423593,62785.79086258637,0.1064090912940179,39477.29326014289,0.8322733713012176,326.6767795446878,3501.8629061340343,56035.22595767947,0.6558456420898438,23479.49494173108,54114.78883938439,0.8438078162270564,141.5114560629419,63282.88815055021,0.1070391847066729,7.130851745605469,224.43750609815592,1
28.98047032293779,5.453673897204474,-3.7274394743948926,8.672195404564249,5.959767297566525,1.315149414323675,-1.316638332655821,203.1262168884277,82.52128162117822,0.8255883332525529,130.61802732229907,3154.321123721073,66430.21310622555,0.1138940328536055,32141.207402840133,0.0767885486574531,27316.741241972577,95325.91578835816,0.8353095071347818,91.81863378562711,3561.146528824754,73138.48316462057,0.0820258970344701,67824.5545713978,0.8262891057100784,194.9568290592529,3138.3588783066743,66547.74701231667,0.7922592163085938,27270.205962442385,88258.48953708964,0.8407599098948093,77.73169451880575,74924.1349442809,0.0828970811581965,7.564136505126953,463.8334679910651,1
4.430539337301349,0.1989868146771776,0.1180280857730716,1.1576957320188184,0.7269752207751683,7.74830678451519,6.891525582949998,238.17085647583008,54.11342423092953,0.8103190048108999,1925.369880053309,2820.555397601066,20851.97307863172,0.2311131818396658,18679.044128535465,0.156377876521666,17674.38599464378,26168.95255442026,0.790877142206937,1201.517828898077,3406.7376030191194,21166.57277242834,0.1671711997640265,23114.536753891836,0.8113446108610886,1727.4962094290452,2812.3590973702912,20943.90185974888,0.25762939453125,17604.336881450203,26720.504057095477,0.7932774705524775,1006.0135628875112,21370.47054915855,0.1689483470527761,5.398807525634766,479.74175221124665,1
4.058843367590245,0.1825230302482769,0.1923186110705442,0.9874715074579484,0.9971009450197204,7.004506111846145,6.227133825735308,238.15777969360352,54.25160563238719,0.815509124892548,1625.7655793288905,2971.3623874663863,21453.725184145915,0.233329565936787,17189.408862387467,0.1624390469208178,16409.718473108074,21567.786887641763,0.7908686773326773,998.374180339208,3495.64975237252,21262.967019893204,0.1709722056500948,19882.479511938687,0.8131187409158983,1975.644213649852,2845.76178041543,21007.592640949555,0.257110595703125,16669.731712013057,21993.25545994065,0.7920582200332115,963.7092583910202,21411.325601919525,0.1716802543695592,5.242881774902344,461.12858740216177,0
6.591330453321558,0.7253644965111682,0.2539176665311123,2.83169916406898,1.522964908221336,4.417566908055357,5.955456735050616,235.13845825195312,57.8001074964615,0.8254914984312963,1660.483330834208,2283.013845154196,25697.945569050837,0.1826312575359882,22220.54021092617,0.1207140280184975,20661.509722470444,32910.82796021392,0.8146846051333592,1084.2389551232889,2854.978479630017,26946.05082618699,0.1351166020819166,28799.081828534243,0.8278285966495106,1803.442829696044,2363.8286122469085,26306.31922754816,0.3097381591796875,20524.314219423737,33517.00167495936,0.816293603610626,885.538404401012,27111.769852138998,0.1338404944412498,4.394828796386719,645.9434040782355,1
25.495558125809936,4.6897998118131445,0.9552315401476912,7.269280505265175,2.5761857251848195,1.23299032205637,2.1175604892525817,190.44377517700195,89.38206121765614,0.8645950586376198,100.86464082036797,5180.143833040382,92342.13319466086,0.1409886059561702,25203.31123016817,0.0963586729836876,23315.15371881197,36291.57903180001,0.8641790154372996,40.42429247717787,5800.164289822585,96066.37064019938,0.1055661633045862,32975.38349285472,0.8690401894546684,90.77150703271792,5266.368553975824,94256.14089017702,1.0029373168945312,23263.50088361495,35354.21195524012,0.866812325978727,49.388843977364594,97063.4695965312,0.1056721881490517,8.543647766113281,487.0884229717411,0
20.114131649968144,3.715434229523724,0.2497092917888524,6.544271331876485,1.4971389734240192,1.4368969011093593,2.231688778367726,208.0891456604004,81.469809522102,0.8575791501193164,235.32041484134345,3074.655378974408,65300.99104658971,0.1209128441287138,25347.3206386766,0.0854963892835428,23014.781037041877,39409.57892324583,0.8706455308709771,137.19469388161895,3508.38379660544,72457.4576776264,0.0907877013904419,32401.79988438961,0.8728036628491282,252.14704696529552,3157.286485201228,70056.10752499198,0.7379989624023438,23626.7503626126,35035.127839058834,0.8664068692502116,129.08189116503203,71404.84607540266,0.0912089681638623,7.407890319824219,623.023795214246,1
4.412068581662122,0.4502171759917462,0.3070029413318769,2.196709439295751,1.580959186507251,6.569595472404223,6.309068655209289,230.8194923400879,63.54370456124119,0.7847642987829264,728.6730511238159,5029.956677880746,27955.2255061815,0.2573185883468417,12771.13966687994,0.1672095088344374,12338.759930347993,14850.542114713837,0.7658016020778236,432.6347431101611,6237.770784029315,28746.67516604321,0.1845549941301825,13611.29235056111,0.7818959016717261,789.2341362981264,5097.511962116533,27807.945521927115,0.3705596923828125,12182.633025024714,15070.657566399012,0.767000818073457,371.0166875736496,28964.31208423613,0.1840938158226621,7.331424713134766,484.959714066888,0
16.073642201066637,2.472556358367069,0.0008966744748937,5.774741450221993,1.895689737381787,2.292989273797691,-2.533948709712288,217.1638336181641,75.52190060495381,0.8504149354255226,448.7045811107625,2993.643839556532,52334.23765819475,0.1409221270348014,27310.308597427047,0.0969112636978054,24942.84113676119,43632.86795314297,0.8501237212672793,229.9751505186248,3462.189931633019,55391.645468369454,0.1056000102208506,37100.55870535439,0.855016016632766,390.902240062152,3006.112236177651,53504.28688333549,0.5892181396484375,25164.68464122218,41297.65989900298,0.8487657962150106,305.6426613073306,54973.58704579007,0.1054876787917264,8.10763931274414,602.0410032959052,1
10.21304787723473,2.166025673516798,0.3402168653218215,5.971777515634545,1.559139648665237,2.8203324955402858,3.34531747992546,220.7966270446777,72.65596565640848,0.8186982055955552,604.9072508214676,4179.105235487405,43149.06206644761,0.190171458767228,18397.82678349763,0.1248552926551523,16850.195647489345,30070.98189120117,0.8116384646423026,205.5501892134709,5110.270452751082,45497.87767825543,0.1380254422068902,25466.88738395361,0.8184394673521714,330.1419891177277,4285.828380504279,43648.33649891033,0.5286178588867188,16775.148533147607,28581.913851083176,0.8119101216713108,216.52071313335705,45346.01815646277,0.136459665622253,7.444496154785156,499.5805724434729,1
15.335623347317082,2.740189641623466,-1.7213610857807145,6.929416782765295,4.40920052897725,2.7653514497176275,-2.774634435164594,221.6503143310547,71.16547514635499,0.84438867774158,799.516680649836,2269.1841202044084,44128.24033254519,0.1354583391806396,29001.44841735947,0.0940204789897079,25794.06201328153,61787.30835176569,0.8496881312657422,318.9281225229306,2654.4699637640133,48293.47273808176,0.1009079633892755,45986.56215321028,0.8548601407690712,465.8679896082547,2390.249387209934,47145.7302109172,0.5197982788085938,26314.85973846496,51466.60167911817,0.8536502195900525,319.0447630729321,49008.49868178037,0.1003601402283742,6.445083618164063,543.2739682740315,1
16.224906042880214,1.9390361500097315,-0.0079275252323731,4.34293406071067,1.3729903999371635,2.438561083799898,-1.6858247063230372,198.07482528686523,88.06747085267156,0.8538591490000217,94.69207633271104,7258.351189241513,79954.71779713752,0.1971673404949522,19833.77583316048,0.1387190357760346,18966.80091106892,24355.36732524373,0.84391929000746,55.21280379371666,8123.816984896934,80703.4364777879,0.1469811835410832,23045.179784098786,0.8494300013022001,110.87816516992427,6976.650625110055,77595.2254270118,0.866546630859375,19079.91591029524,25225.70066032752,0.8429806675139685,66.02103958322864,80235.66200981624,0.1456931673846673,7.836967468261719,247.1494421848712,0
10.230344256372923,2.880414762372442,1.0790074659226263,7.427759023841866,3.282206835381354,2.571982277147229,3.5114298563288133,218.81388092041016,73.63768922558023,0.8079059817146073,384.9834159543766,4507.944144492468,44307.36835637056,0.1972341688373123,15549.409726729173,0.1265259293872748,13963.829263753118,29142.253414159262,0.8130470777264177,174.69102005898952,5334.388781777091,48640.62920874883,0.1375143719186361,22447.84141779134,0.8226571831983034,424.9810325672293,4609.635362148126,47539.70017535171,0.5699691772460938,14463.656451068991,24461.32480222737,0.8130374273987595,162.77414029562655,48889.966576928935,0.1394571129838094,7.850196838378906,660.7993048360682,0
16.96760752927745,1.1385956567134008,-0.3467441923293053,3.2009391793274857,1.654882485113224,3.334608539349601,-4.130433416172241,217.5194396972656,75.97661946031621,0.857760558933222,365.3322006430196,3359.882322189403,53456.70421099407,0.1500619966542961,28333.855529706983,0.1092416856268559,25974.538288798954,106869.59244059912,0.8500755505761876,244.6803540446076,3751.391737282808,54553.70094797456,0.115052204151174,86485.96796499786,0.8599661394657088,530.0152758506772,3294.138738024447,53162.9967756855,0.5773544311523438,25974.82490564748,177750.0754278163,0.8479170475917247,239.04513404471928,54254.75923482021,0.1144094525182525,6.8568267822265625,595.5159046463846,1
25.10282702471926,1.0475852921255544,1.0068785207351325,2.54399756062712,2.943614435519943,2.654680180227263,2.9179709588422003,204.76043701171875,83.44526549232968,0.8454739781298505,152.84300545004453,4230.599514681852,69099.09696578312,0.1474594383234923,30446.228657253843,0.1047909058835871,27272.669493649584,111805.45723623056,0.8421113634246326,112.06860143360376,4625.628349089124,71014.15770585624,0.1096995817165092,95374.50809825568,0.8452376676125054,261.80437760662426,3914.1503749479934,66513.67419606888,0.7518539428710938,27162.018980099267,179399.38101616487,0.842932368678247,88.850778081675,71273.22159766105,0.1096479420745573,8.499679565429688,529.083297197146,1
5.429937523981811,0.9100289778904138,0.9177433105650472,3.400822497627704,3.7857223037170624,4.42729792274864,4.454274718656291,229.0070953369141,65.00856069686043,0.8009543186151762,777.4512913370819,4464.317335366435,31558.734794624987,0.2351487394658545,13295.258686743544,0.151835979128185,12674.881566754812,16262.004612598876,0.7940399865033546,336.8015453363955,5384.826594740871,33259.435578343924,0.166476994667388,14854.83508696968,0.8020074428099871,686.4945010806572,4422.775682344165,31558.250387315187,0.3988876342773437,12631.886810440445,16504.596331503548,0.795291339518018,359.7556472555228,33408.60286009036,0.1689056526460167,7.293476104736328,609.0227416870525,0
18.019748506485563,2.4386276220228185,-0.2796192988304847,5.097156594103734,1.5713887708868637,2.147743046502969,-2.8607169243355908,201.4694862365723,85.70277096020811,0.8538109857587609,109.52736821949284,5760.873166105898,75779.79756726937,0.1770706569639399,22926.75485771079,0.1211064766755268,21769.950497398502,28733.97311960317,0.8461844129215492,66.50584473357353,6484.434730138036,76974.67658847262,0.1297374514990305,27163.187568819867,0.8495449650277181,144.6395191473078,5474.920330772892,73209.03563461915,0.8174362182617188,21689.585658053475,30710.544169941106,0.8450578395335131,59.89334718968524,76751.80499533229,0.1295392581380636,8.621143341064453,529.1401164782458,1
25.13999180830427,2.16899996723141,0.9019163426181592,3.910401991422846,2.0008349152590608,1.6712850617912074,2.5191936224800764,197.25603866577148,86.99268542575399,0.8386655744402497,95.5056874961982,5346.106667709447,76296.63958045482,0.1606822713119195,26603.053929108337,0.113499206900518,23700.78405423848,147681.972974617,0.8428706298266307,50.24195509443138,6109.253708356975,82781.47432925347,0.1206857525484177,76109.98354543243,0.8482429193448588,70.42484990161618,5582.157800911522,80860.13627419653,0.9073028564453124,24125.03963483899,96342.6021930341,0.8426611702380197,45.09575443007177,82691.16242650339,0.1214542079787308,8.62044906616211,653.3978786187096,1
2.710773186279517,0.3734930044252247,0.1796498694030289,1.981096314236551,1.1549501366054806,7.025053943087991,7.661488663707588,234.27921676635745,59.198109425461375,0.7567350190059,958.0848207771996,5142.570497543894,21942.80083653519,0.2856331843064309,8818.631681338456,0.1798937104037121,8531.483902502569,10161.266110597731,0.7462909109631781,425.32666725013127,6526.566296166638,23725.81900927709,0.2003715217489451,8811.838898127078,0.7614123207572994,909.2328767123288,5444.42895606991,22891.54067076051,0.323028564453125,8433.894685746392,9624.642678318374,0.7450998718557279,475.3046046155529,23644.788472055123,0.198676985846236,6.711582183837891,635.9940580688722,0
12.26992345275329,1.808067596576137,-0.0789232042272657,4.697662278428946,1.4104960470971084,2.750155624239728,-1.2384276435537442,220.43839645385745,73.19029414665312,0.8342515622765468,526.9258010118044,3701.145425443736,45880.42847343299,0.1747727558630867,22746.8969331466,0.1204350014648985,20615.71532842029,36527.66100265813,0.8294831279447014,235.56282609864988,4339.264375235329,48262.79307191652,0.1300875730656391,31348.722567371307,0.8351873773405678,380.3371227192633,3768.6014892286703,46350.57187517763,0.536895751953125,20534.819519118413,36817.4022480532,0.8282050177798673,232.858767593268,47884.03422751709,0.128183947531585,8.017932891845703,499.8081809112072,0
16.465336571320083,3.3259005740398413,1.0628557913170649,6.869591761652948,2.389793906450165,1.8791752933779031,2.270322221677373,214.82758331298828,76.93984198669251,0.8439711794040808,395.8759621186931,3241.050713661162,54628.55049814657,0.1427616102698892,24440.284294528392,0.0972617606243293,22106.928299046096,41360.13558946319,0.8465511910992797,177.07743196511802,3752.046320391381,58629.844569353365,0.104398666837804,33992.71607508414,0.8475141862152539,384.48659232144377,3294.8591737708107,55780.27322477471,0.6273574829101562,22238.939576837587,38918.5943645186,0.8438753478987763,190.2246232848861,57948.63180091318,0.1050246980770866,7.279010772705078,575.9009890288062,1
14.572278952596298,3.4867276613234264,0.4676913273514537,7.719974839239348,1.7446329532975002,2.06228416579193,2.647550711647221,216.4249420166016,74.72855922353774,0.7871665796007588,272.73191209369656,4202.643058297144,43931.76391630478,0.1822786633993657,20733.92245032241,0.1156790996042332,17625.895645274035,49503.167535202,0.7978819241799124,137.57160969308424,5061.956031863742,49796.10704973327,0.1254569915695308,35438.45981149678,0.8019316280266304,254.263152544096,4192.527499618767,47349.897626188176,0.600372314453125,18748.305128472333,40512.78601382606,0.8037197895161086,139.89504504504504,51062.91906116643,0.1249296315979318,8.578025817871094,502.2817962030835,1
5.550411848877161,0.7364328498411916,0.2101508326486509,2.6608477057599176,1.0716840374435912,4.427907420627378,5.510343458994621,221.7630844116211,72.19292315622701,0.7901216190921446,342.27935900502274,7045.678575699593,39084.87078450131,0.2656152796422009,11157.378871681416,0.1699570412109258,10820.725756089903,12658.813531451806,0.784103700754963,214.95482777306896,8450.88689574678,41397.54815267685,0.1851958483853104,11446.08289680279,0.7913347827973584,406.7485792905426,7033.485583537716,39190.11075551833,0.5121629901960785,10841.395671785773,12628.349404797513,0.7827957038292735,196.19976942202717,41247.90625477477,0.1852645922234936,7.006355285644531,576.6160249739854,0
2.9737947773424747,0.2436590355838774,0.3071802910752015,1.3855457328443408,1.8516664781357448,7.087747528814553,6.757104912211078,241.87302780151367,47.97298174575595,0.7775866295055063,2430.6808591378262,2434.8389496053437,14921.12962962963,0.2387278690560634,15623.512788403155,0.1525355910305615,14893.112821244576,19400.26294019429,0.7597764289928982,1085.215562200125,3112.561852444197,15552.55065711703,0.1681066464730417,17246.36398720534,0.7798604900245473,2167.9808108005614,2438.545982024347,15021.164890591224,0.2011795043945312,14821.650726162556,19421.71652319011,0.7614745510612937,1206.7346219010408,15699.52252688358,0.1703596471462731,5.520103454589844,486.7264034000354,0
4.474581771063444,0.2600867844963058,0.1212954289369683,1.4803508882155894,0.7565896439041025,7.791540254304189,4.733937142673179,238.32610702514648,53.830800384827896,0.793671026433548,1523.0921927155644,2955.8740141198714,20005.801406079227,0.2316934786242919,17758.65267479987,0.1542751803041986,16584.878567432497,41987.11603107553,0.7745464483414759,856.336701271304,3524.477599511464,20257.478931882528,0.1642928010319579,30324.02523177705,0.7964023245156712,2218.952262450305,2743.8512639980577,19644.409426117567,0.2513961791992187,16813.22023522214,37846.613061819065,0.7775076400977008,944.4084176848608,20546.7712993353,0.1672476620429238,5.28814697265625,551.3982182329694,0
12.512303274983688,4.37412304285827,1.78648903300099,9.88954645501356,4.444674156428108,1.9943097642551968,2.5889856373677125,224.6174201965332,68.09168613701185,0.8180116113562359,599.5080565393574,2475.6020548163747,39337.457388085895,0.1417635476831223,21144.824686512875,0.0899324653146653,18470.943039083504,39349.38848473246,0.8193173356528537,418.3425182481752,2891.670559610706,41434.018126520685,0.1012940636273106,35120.07343369829,0.8043138528634349,771.9233917444832,2358.8215592269016,36204.42294906703,0.4567184448242187,17690.270697189728,47055.62412508561,0.8265850654662983,360.12027429396375,42755.42846401395,0.100875059309608,6.837772369384766,412.7790642944555,0
6.241758738662636,0.2931447835367842,0.215860424360541,1.5533418302821027,1.0485077294586858,6.910920302186396,5.979117924072263,234.64028549194336,58.833193925648445,0.7968554449462643,1190.1588946459412,3235.085820623221,24510.085698995357,0.2198359708761977,20404.43844413632,0.1457547891494904,18805.953883816543,38129.52005643533,0.7845072952715731,569.9059544062607,3920.5432460020415,25468.898786435297,0.1580956623970574,31698.568265850063,0.796420887666298,1180.7846847071123,3044.534466877443,23917.558440588517,0.3064651489257812,18904.3634504206,40696.94107396251,0.7812441780439001,557.1416615496578,25172.096631871005,0.1576273510654606,6.605854034423828,251.58966126183972,0
8.539993504825398,2.091419903234656,-0.4481291247868296,6.319793737016803,1.8649435946264263,3.3638809506045013,-4.2525523844314,219.0043601989746,74.12022258464424,0.8016309447896652,331.5318736842105,5203.120757894737,42954.45563508772,0.214548292593666,15156.245459649122,0.1333186428190936,14258.008894834458,20605.530442105264,0.8003720919753706,196.22801269317097,6593.649364051496,46639.43886896623,0.1527047451986415,17592.25406981244,0.8098448391660474,301.4317579203455,5514.677500478364,45103.65639778039,0.5604013480392157,14256.392249390892,19291.02861985075,0.8004916795907979,174.6562314654839,46657.95301580752,0.151648728296413,7.942989349365234,535.1042134291027,0
8.471604635171087,1.701484892065822,-0.841992698988392,5.720326122174456,3.064413918858426,3.974571380613686,-4.324091262224791,224.7054901123047,69.69948426685593,0.8256950005440127,503.2173251525626,3770.898688540857,38878.90808209436,0.1962229276409425,18649.523889063457,0.1316914385969718,17447.434698501642,26869.42390064002,0.8185955540947534,288.38493463696705,4521.071285343447,40672.45443240638,0.1434167305599247,23444.48496106197,0.828140215360649,558.4289456774258,3805.3659730117142,39259.74107392945,0.4630508422851562,17479.967325468882,26461.98304582077,0.817321828699638,351.8526971919433,40610.00658986247,0.1439439997468669,7.410877227783203,614.0988275911675,0
12.353141511131833,2.5096352864051226,-0.8854916513425907,6.300360783382597,2.253488193775018,2.4756078534855623,-2.4394626618088355,229.1433219909668,63.65103624701924,0.7994942635573465,984.167701863354,1995.7912027813584,30619.471737177235,0.1404728571291663,22317.89509355834,0.0899046005643031,18818.70165364954,144196.52337981953,0.8088398707567342,555.8306642627356,2423.5231024852405,34758.49644713119,0.0971498565198675,105954.01095909782,0.8063428954218358,676.0032419798696,2100.488709616617,32329.21898443096,0.4281863378099173,19248.350402171374,197369.9129189128,0.8063918676248449,350.1616808615471,34689.57566692476,0.0976022290003794,6.154289245605469,529.7482064090982,0
10.910692653587615,0.9168143126884688,-0.0392965345719863,2.923679713965104,1.3192250489510402,3.7473624143291606,-0.7148331567673217,223.74290466308597,69.95677302136608,0.7986724390734026,468.0405627568764,4241.512235219728,37810.25020550111,0.2032486610607549,21700.70496364211,0.1336211736572397,19334.15689458681,43628.46934871957,0.7914119634134477,251.8167093048754,5175.666647174914,40121.7562897449,0.1466765454146668,33908.06784591769,0.8040197092379193,436.97994768962513,4307.932525843817,38942.950460829496,0.49005126953125,19632.206583481468,39345.75621185702,0.795628044341887,240.3525512811154,40663.09066355208,0.1468493185059646,8.463623046875,479.78757763975153,0
9.33516376934201,0.5075166555089105,0.8561939291030473,1.8798624017141177,3.108736689528905,4.00393434258168,4.169522676212395,229.1051788330078,65.35366858417855,0.8417993640453071,972.6788743107056,2816.8526716105725,35253.52679216581,0.1769443569278812,24404.79627305572,0.1241932570582189,22669.4730504514,35885.108176459406,0.8276424287940638,404.0717540897289,3269.1995751402583,35667.9276104363,0.1314976350624542,32426.61493908528,0.8375629025678134,727.992133726647,2736.455029209324,34393.83135712495,0.3957138061523437,22602.243563830754,37643.05444695085,0.8283927741638591,436.9965714285714,35761.85866666667,0.1321358795765657,7.291717529296875,551.3256332954859,0
11.246429500004345,1.6169901930973445,0.6240748738704748,4.7326599543603445,1.9439706892611237,3.2399633244046284,3.761050695616395,219.1360282897949,74.4889442988079,0.8398092650046892,380.283576362241,4254.64039030808,48644.65088806052,0.1887898618507856,20659.62663085188,0.1289409732153207,19507.71403941237,27055.613858129596,0.8347343078686854,210.330721703694,4814.178808991718,50115.61017483896,0.1367339181911195,24920.071513080056,0.8403724406145445,622.1533648968549,3935.678756622703,47351.6968774659,0.54144287109375,19758.399079522325,28587.968690113856,0.8341295012682883,208.87362095491065,50016.29640100461,0.1376779577714128,7.271270751953125,257.4963868195642,0
9.480929835603852,2.39845916438148,1.5400219248120417,6.747743968479929,4.516787128075175,2.7951032086580283,2.9197204556893084,228.7670783996582,64.66437896588411,0.831059485434962,833.7796667800068,2375.249121613964,34479.70081982697,0.1572573177954117,20975.568835241225,0.0996150490828744,19207.751180220694,33603.98010880653,0.8271602863622148,575.3467750561557,2856.708346703748,36213.101365564944,0.1116229783158206,29218.52980710949,0.8207986534248246,1222.4853395061727,2335.227391975309,32817.1363425926,0.3955078125,18869.822328308448,36083.570621141975,0.8252122473193098,529.4554032560716,35936.66456386154,0.1108936620360158,5.7469024658203125,527.6398484510809,0
24.87110513269665,1.514991799387253,0.0083131014688915,3.4864520982237805,2.702586864907377,2.524404222984902,0.57405153805241,213.41429138183597,77.20905496085798,0.8337961698389388,316.0716680787084,3107.801474887534,54947.995310430415,0.1308370281847809,32906.20414543632,0.0909135199623647,28767.54714623621,473890.693996635,0.8328658707200254,126.7102026250934,3587.9168423048186,58705.94391845929,0.0975542208604734,257030.3646471067,0.8421292374954894,296.19313853042183,3181.6220096815405,57187.44242061957,0.6509170532226562,29005.170503038844,327836.3634797285,0.8338770542940132,142.09731333958138,58838.36662650065,0.0973885485933715,8.012336730957031,515.9079339290549,1
18.49282988789632,5.540824806626276,-2.6127316975220105,10.853047440999005,5.18855553811966,1.740506514429103,-1.7820722331946248,213.7004356384277,76.49794812686332,0.8324425625120433,297.7040977051882,2837.428235636223,53842.40482710156,0.1275690120235764,25632.6728620932,0.082543665766342,22681.150178493943,56182.91025516757,0.8452031585720851,148.11367034929137,3342.779890637206,60569.82941635978,0.0909469456529475,40650.11042294386,0.8506811637900124,286.8357024333074,2926.373931004073,59018.95233177456,0.6574935913085938,23662.85803193871,45694.33266805138,0.8456959988955314,133.16448836821942,60935.19186052968,0.0911735328302542,8.151130676269531,528.6728493763991,0
20.184683341749214,2.9952933543439304,-0.6067845663803874,5.716846023425128,2.0551479772071395,1.77488900937369,-2.145382945403324,197.56784057617188,88.42212249507008,0.874865583393022,113.80072620900194,5409.450130530541,85740.04346199307,0.1596121759540024,24157.212156772708,0.114539556268422,23079.197126123192,29238.45878721396,0.8678286214041779,67.28327883583356,5874.768065297157,86181.19995174267,0.1212427620513515,28324.23915666159,0.8662232728987977,129.54618116446505,5046.333045462958,80861.0554826088,0.8657608032226562,22834.05740065641,32320.782696052946,0.8664918714248466,65.25131804347464,85910.25003742079,0.1211773576720416,7.318462371826172,221.91082104878836,1
17.875938533442035,5.779539210072144,-2.616930421974496,11.26733954225788,5.480721712570909,1.6873597152518336,-1.915720599968268,213.99984741210935,77.2101483309466,0.8346177475470434,328.0546756980654,2832.940280688076,53852.61366405146,0.1313187102598162,24949.72396569368,0.0863234686870619,22173.383178132164,48468.262864870136,0.8390985727869138,156.5115465120269,3299.182227864896,58134.71778242917,0.0940634918681938,39331.53462809823,0.8307885731175302,325.156452404318,2817.911579980373,52940.94803729146,0.6219482421875,21990.864791682183,49895.07996810599,0.8381898458618935,155.6893223913442,57872.773083623695,0.093327740019359,7.991241455078125,542.1675749318803,1
17.570144782070628,1.9678250005308573,0.2106158431366991,4.755486818244433,1.2778914219228577,2.5575652195204084,2.2768273089769733,213.31809997558597,78.2907473294144,0.8577375283963716,319.7469209655852,3447.477185821193,59478.921880498274,0.1484665681411314,28030.123055809698,0.1023484915726552,26007.99542343115,41949.46341520632,0.8526384534213942,184.40300748484404,3898.919032727848,61098.75093419434,0.1106108156429341,37626.13061786654,0.8537569716361876,328.4205989110708,3309.6474591651545,57822.19013277295,0.63897705078125,25929.54308312401,43312.5728579616,0.8503729465566429,176.60986162101102,60660.340683422764,0.1085746594683628,7.691135406494141,543.0751633248185,1
20.36312398846215,0.934306852577599,-0.4253198960879045,2.350006909895696,1.5704663218436752,3.064740186109752,-1.4079001415500385,205.48640823364255,83.8523893752334,0.8737214579451119,223.4942675286125,4030.902124650125,72937.0105983485,0.1456661072901859,27550.172442301755,0.1077483173060003,25785.216628938168,37176.6116063869,0.87131690510105,121.87097454176129,4429.222867381452,75621.48551745283,0.1127590150335466,33218.14940546341,0.8780769159597803,236.78805510902475,4063.684543240072,74580.5782798647,0.7736129760742188,26063.807222911622,35548.28464777759,0.8689017105667742,117.659870214645,74988.348769343,0.1125743625066866,7.948905944824219,615.6063862660944,1
19.891942574034942,4.08130768947143,-2.468930700574846,8.213879392905069,5.012925478033008,1.7412305726416304,-1.7782448790276786,229.0115394592285,62.95110555358628,0.7713009053101668,1007.664795036909,1419.6103738024187,28195.32071619287,0.0831661833233762,37556.93054028585,0.0543339006967428,29415.063338258817,193101.42366891785,0.7833030114565129,446.99182925970274,1674.4744664365712,32487.985842079317,0.0572215939387155,118657.3527857998,0.7588621008401205,1334.781594769125,1360.3906354379644,26436.108888843904,0.3768844604492187,28603.151556544275,189964.05429259705,0.7783485798309737,524.3021475389453,31766.065598522124,0.0584296843893533,6.131954193115234,578.9793895121314,0
4.971350106406919,0.4812584235881028,0.1153890079700873,2.2898436693988327,0.6565512793033935,6.09925603365515,5.269566056137243,235.06304550170896,58.68862023620349,0.8143775701047316,1330.6298981872362,3176.6159423888757,25170.634616339707,0.2207441006258053,17165.210032282095,0.1496735512442619,16314.6629363359,23709.229401539607,0.7958587686958364,630.6126421953794,3774.168617333177,25440.839709159143,0.1603897432656111,21647.19394863375,0.8134828242179488,1138.636654154408,3001.242315106016,24599.04732677285,0.300811767578125,16546.134791776873,24718.25961245815,0.7948222414914433,546.1783849880073,25297.057282603582,0.1605413613181983,6.523162841796875,529.599754136147,0
4.022816959407765,0.6525369789983109,0.1858918193505121,3.292523291008399,0.9048652120031652,5.6405005108870485,5.376208000436223,242.5982360839844,46.355911242715386,0.7987684895501102,3061.932044663225,1619.027134109737,14979.162004242206,0.1917237331042726,19494.059270820828,0.1253129872652223,17771.86730959055,37532.02845479649,0.7798100771890683,1428.3990528691406,2044.264937659551,15441.433238373598,0.1382044103800518,29186.55026083096,0.796635272339114,2710.6963237068617,1590.8332394819404,14828.819805325396,0.1896820068359375,17897.485234027674,36871.71655538573,0.7814638585845037,1326.4820659971306,15605.335577382924,0.1350056103582388,4.613155364990234,435.6781267422412,0
25.654122935928346,5.889759590949192,-2.982231600527025,9.417266337624064,4.865206077914832,1.2572312826628356,-1.298557682659978,200.27972030639648,85.14709763811658,0.8460032338223076,201.6493144190796,3749.5039019765154,74052.27069506235,0.1264369902008252,28715.953048647072,0.086615458032141,25421.347025903124,54051.4840091897,0.8459741110754212,101.71279496591504,4202.223300122356,77255.185194896,0.0938912551849557,47737.95679077085,0.8296432729492825,187.4452665384579,3714.681991720113,68268.96490995387,0.8053359985351562,24149.307550456146,65604.45509061455,0.8487362304670896,129.26454915891756,78108.96390136871,0.0929862660387042,8.024700164794922,454.42112211221126,0
20.96344677010613,2.001591742844949,0.9400580597207558,4.168678715718351,2.026810674155915,2.1032508540125407,2.337265228262338,211.61492156982425,78.4418456769169,0.8078490585481711,227.53608790202583,3833.515554538171,53375.813253977336,0.1537864848733707,28551.1799702415,0.1029327774596753,24431.569188945672,71721.1445004006,0.8101057288112768,105.5436656991634,4439.958212395424,57643.60899351204,0.1096053361726518,55393.37148924364,0.8077311527369943,269.58697395248674,3778.1440287736814,53318.53064076424,0.6660614013671875,24437.572523208182,71190.6524363703,0.811797235508397,109.19022561196446,58019.43620443554,0.109319421984187,8.502616882324219,482.9549226901752,1
14.209897904426354,3.1563508987615743,-1.3079197676481789,7.088293524518461,3.0598078898518994,2.191166502824039,-2.239852436315141,214.1796989440918,77.62305417094444,0.8392221817491785,264.67445876915593,3920.21758696181,54669.22157625882,0.1642009576457642,19661.29281196789,0.1092783212316028,18083.251563133632,79241.00182437363,0.8356507404479625,183.04280541525404,4456.23955810789,57203.38354205586,0.1176441801938349,32876.84185520884,0.8367389235231506,455.9236781047747,3848.912834289901,54072.09212358041,0.639765625,18011.795640628818,37886.79040175846,0.8366789356611736,150.57869174330887,57623.28107884675,0.1191732916272436,7.239810943603516,581.3648841493474,1
14.400377240391878,2.2534059017737884,-1.5123004485402125,5.90145506672269,4.01006146217364,2.857752306184377,-2.893432588354473,219.2630615234375,73.91115456763693,0.8422659361017107,469.85802621815486,3193.373979718031,48783.31189710611,0.15691442699155,26248.509151620085,0.1080536920812117,23974.85174206631,45565.78440102234,0.8372981541439244,180.40867309021212,3687.179485507908,50861.84936829341,0.1148871849131106,38869.99371552994,0.8447640774416448,396.3063252886788,3139.741235670026,48732.87984308072,0.5503768920898438,23929.910850734253,48866.31500298036,0.8369210384831182,193.18774484921843,50897.529876485365,0.1165149257022006,8.23495864868164,496.20294195366864,1
6.468418213208221,0.0792385215641154,0.41190053602479,0.8430192507472622,1.9606451916191845,6.930898962607038,5.763054634695718,241.79677200317383,47.77041365492765,0.8332418895622694,3166.1171956489347,1196.2025778572493,17627.061838772166,0.1473299375208276,30601.777678438382,0.1045606416601374,27282.983452524728,80400.12177767843,0.8197032486590673,1724.0485141237004,1437.1944065245546,18165.35254996675,0.1101679732351805,67504.97080751864,0.8337135988882322,2890.70157146049,1198.0688910404408,17650.016533849706,0.2048797607421875,27335.96188542992,79863.45754822373,0.8184373138917856,1677.222125222614,18148.982260711666,0.110155254997921,3.766082763671875,476.8593091828138,0
11.135663658879754,3.333140386173856,0.7733955716463805,7.913107710962445,2.1362361337561637,2.2588168057870983,2.9586171484644628,215.10973739624023,77.10792127813752,0.8361996310334129,326.12981960551093,4735.219595599167,53201.47593914164,0.184885316519204,16052.81272921003,0.1228589719315254,14984.41861041683,22142.916443651506,0.8321185735284202,146.80117000448186,5490.133229542613,55391.382681103016,0.1342218408083772,20174.86320854858,0.8333769358657284,345.53734662768323,4683.362121098533,52381.17647499812,0.6106109619140625,14957.976686626736,22822.566009445985,0.8308878948926874,185.87896403421712,55078.41398459285,0.1327528341340357,7.819091796875,566.0001698417642,0
8.006900556255923,0.7554132359943229,0.1434813640568612,2.8502707325980112,0.7189218806033741,4.584717081156727,4.697974178829238,225.2405586242676,69.43297163521717,0.8153055609075393,525.8856954732511,4771.804279835391,37990.393547325104,0.2224330751408533,18593.408296296297,0.1480054368169055,17679.293726180837,23218.19288888889,0.8035252407808029,327.43489196831695,5612.673514662,38836.562530269184,0.1611412456246496,21692.015560311836,0.8102557470998542,755.2816471350835,4435.765638060148,36196.18455213824,0.4472579956054687,17588.310262843694,25871.898026371902,0.8003526750786266,343.827925331997,38391.10601979454,0.161210493275898,6.703289031982422,226.26429951514712,0
12.787862707714812,1.9933190963108691,1.3744304238266731,4.664991348135368,3.418392346004806,2.341347005724439,2.508831837522843,216.3681488037109,75.50000926378335,0.8341935738921119,454.7136153875984,3937.221351843953,50714.684854125466,0.1729642215991626,19091.13378834296,0.1153140373249587,17499.723559540304,29403.561574953783,0.8320729845358811,196.8262469486647,4655.415880302644,53785.12710557316,0.1250149633805933,25286.18337158888,0.8382801972283417,371.0135441610602,4072.959633585465,52332.35178075943,0.6069066806102362,17566.176711285458,27433.471676359168,0.8371803169287777,180.52062688366485,54932.590186859554,0.1248019017310925,6.758457183837891,490.3748986638643,1
8.179292984240277,0.5559236592569665,0.5637805466988932,2.1789830713057823,1.9778627667312472,4.636727153213841,3.8289722874993153,235.53445434570312,56.92206280663685,0.8445201232142489,1924.2057131166407,1632.2791345932535,26403.6394394292,0.1519787994121876,28313.24343400762,0.102782571931258,26090.813950364125,43501.41687338567,0.8349595561268732,773.7304721030043,2023.866189794945,27713.792179303768,0.1119595759905613,36986.22236528374,0.8413165647348552,1298.2033252250671,1733.5035985655893,26702.11558040976,0.3042373657226562,25883.55549335846,42746.89429997242,0.8350374548110835,853.3614578370652,27730.244592663174,0.1130573168681954,4.861976623535156,476.2583938739447,0
15.24948705158346,1.0571285685685636,-0.2579350112291623,2.6921770763021624,0.85879264333431,2.597173250380356,-2.984687042826464,225.60610580444336,67.9421188810558,0.8358217408368876,671.4280265972441,2360.279221317592,39753.655313645184,0.1336390332157747,31908.59553617325,0.0952614852328705,28217.925622138544,78039.97371781054,0.823246820810309,338.23941342286133,2669.9767839609794,40350.474392677286,0.1002855517105209,62134.52945554746,0.8302141903458421,604.6369297414377,2314.27575470421,38395.16955462299,0.45086669921875,27524.949466578644,83379.80555367538,0.8304616543686583,362.9579409918393,41521.80838041431,0.0997987844686477,7.368350982666016,413.959727385378,0
13.3804595028848,1.70618807454998,0.5503907058284716,4.361640571633384,1.561790908335872,2.678174642761536,3.4761827374396006,209.20709228515625,81.92126721596958,0.8355737772690067,139.85627025812732,6109.464950096811,61630.388496058025,0.2010446093411051,19375.440089429936,0.1400600959554462,18215.901965886227,26231.549277393267,0.8280629186848983,84.53431920501276,6909.632790146753,63090.65195721509,0.1487885866579518,23986.355447077767,0.8387144369161371,245.35322592927,5801.754228899018,61060.66923754718,0.7013473510742188,18371.31958784625,26804.639964319515,0.8265717043895351,90.20639675529888,62586.43368024459,0.1491469358915065,8.784332275390625,544.0783255175569,0
16.789953736991443,3.365692978347059,1.5262143326546758,6.861023940986792,3.2658401862790645,1.8509838013572295,2.1331513417873844,208.75839614868164,81.21614183877155,0.8352715796750423,148.66323053513642,4358.964017059215,61398.05921433317,0.1606910920068697,22201.248655193845,0.1063127314024416,20299.13477516465,34229.73788602902,0.8360614901538433,115.46906827227268,5007.261965506685,64654.62426778243,0.1172400666620604,30259.808051842025,0.8336466880013819,325.4718015637165,4146.202065948044,59665.09371333326,0.6957473754882812,20282.58343062333,36206.70431941048,0.8369738629759225,107.52219188131726,64922.29312031301,0.1170428968189623,8.64126968383789,263.02351890443583,1
10.660340278771924,0.8207953459287087,0.3376367166096689,2.253143914274317,1.2283808077162164,3.2701629767158145,4.51773970040392,213.54930877685547,79.70157721273313,0.8677850020749434,401.1879955907976,5463.2939705342005,60408.99108677357,0.198259088508505,18054.87349618936,0.1471944081754316,17489.611993987233,21687.530526615225,0.8588682099164251,193.3177303003065,5927.5240729217085,60839.154947106406,0.1532156164767215,20340.46388485561,0.8732954195169076,331.8113824606306,5445.0567345632935,61333.977782517504,0.6438674926757812,17546.389580213247,21398.390778856065,0.8597239907295888,155.17626519032413,61254.39911787002,0.155118009082058,5.695598602294922,446.3363237560764,0
16.263427944749495,1.507065922762621,0.7039979733339278,3.250930892696396,1.6440792810891451,2.173025040473716,2.7540717158007637,209.0308609008789,82.25901291312528,0.8644296104079952,208.54981977479824,4380.865814628544,66813.85942434263,0.1622903974693135,22530.00197769248,0.1151713813756845,21357.531643770257,28364.43749534817,0.8593262652685837,118.25923105421316,4859.733215329519,68238.77777549089,0.1225879155934684,26705.88751903841,0.8621180500887018,276.91497335470734,4210.252198778216,65099.642303193104,0.7071384803921569,21306.00535728315,29798.49399939344,0.8567721409614111,117.5339661576558,67572.65113495667,0.1204471333417487,8.433917999267578,515.4200814761562,1
14.292454883439571,3.183967663539538,1.4849131611138504,7.172068316581679,3.511123326448724,2.132195648980498,2.2687334514922823,217.9849090576172,73.75613895793494,0.8050845190307888,458.15513480029085,3609.542136874141,45050.30181259932,0.1676009829184522,21376.652131756848,0.1073619187822157,18587.219720172765,44676.37832960759,0.8126149827423342,201.1036059980468,4344.228857873982,50140.31235088327,0.117174827723617,34099.43327605603,0.8151986621069595,292.0637814994522,3680.718552720822,47813.89294099233,0.584930419921875,19226.52636549959,38774.66718839672,0.8151225922636521,190.09716668710905,50879.68043664908,0.1192274712141924,7.470569610595703,487.87582894218014,0
13.883086076070695,3.016445905402068,1.5288687820175633,6.712486471119906,3.5458784966119423,2.1602468777218093,2.325534225095515,210.70879364013672,80.10419978226699,0.8520063079120955,244.61821578286057,4493.405679783839,61811.03798383241,0.1702096316712485,19176.402555235563,0.1156866157227926,17971.13163001149,28192.500772797528,0.8470162784226017,119.75740764358288,5139.90073545041,63938.064298771416,0.1245296745390431,24955.23419631849,0.8504362823192347,283.12860322822405,4439.329131198336,61195.608552668375,0.6820602416992188,17976.666742324785,28652.070783789528,0.8477342043105371,134.76550185873606,64089.36994158258,0.1244865490288802,7.547321319580078,552.660741538738,0
