mean_r,mean_g,std_r,std_g,std_b,skew_b,mean_lbp,std_lbp,skewness_lbp,SRE_deg0,GLN_deg0,RP_deg0,LGLRE_deg0,HGL_deg0,SRLGLE_deg0,SRHGLE_deg0,LRHGLE_deg0,SRE_deg45,LRE_deg45,GLN_deg45,RLN_deg45,LGLRE_deg45,SRLGLE_deg45,SRE_deg90,LRE_deg90,GLN_deg90,RLN_deg90,LGLRE_deg90,SRLGLE_deg90,LRHGLE_deg90,coarseness_tamura,contrast_tamura,directionality_tamura,label
47.49231537750802,43.063388745746416,97.21806847632338,89.33239052740795,85.49721900792055,1.6277700392551755,221.54860542505804,71.59943059576459,-1.401605891133473,0.8476156890531384,2251.4809426615134,0.4844661692100538,0.118617092208108,32921.07081541958,0.0826507717846334,29466.075880676974,67592.63328556332,0.8443622593858118,334.6574626143013,2557.419162505015,48762.28938813341,0.1229008720924741,0.0892631595299963,0.8464526310932776,655.1441272263138,2205.097855109885,46111.067985094334,0.1184324362330824,0.0826210024940205,68325.40198350987,7.314355896426613,66.13729155783757,477.1918455515053,0
44.10861926160895,34.08729579698652,89.73333526917743,72.47435690920211,77.24691869647431,1.722493123375144,192.9057326636708,90.20940459372888,-2.065004229303354,0.8565779178039863,8707.90119257886,0.9148904914529916,0.1953532074298768,14560.23588100486,0.1368474673573972,13910.72433039125,17658.923985870057,0.8507280277547933,39.64543638327462,9623.96120802242,97055.23374019613,0.2008284510679037,0.1447349016780055,0.8510151648900371,90.68720625468691,8489.122198050236,92241.36285203032,0.1941668847942802,0.1354562168924729,18501.412078733025,7.603707815666579,55.2013353212496,543.6470366995038,0
67.0020848391871,60.86918125808244,108.675661396818,100.7748954047096,100.51464383183352,1.0886511803801535,193.1608817296298,89.62316919180711,-2.069970929214469,0.8534836559018688,4765.8224440036365,0.7120409604519774,0.1674733713524285,25397.02474378048,0.1207249993980957,23297.186513386485,108310.98198198198,0.8502213691041413,38.91462919903033,5283.339504279425,69174.24529758077,0.1713852618931077,0.1275609025729786,0.855559786978495,63.16086705559793,4754.051062689397,67269.06858521099,0.1667134948968754,0.1206697435678084,90977.20458059329,8.362093296553622,84.75211965649305,597.378410185086,1
58.78827347314835,46.96709125158228,101.7635614040111,84.49238167275655,92.16541962762572,1.278622298461106,195.3791983464974,88.90657846722426,-2.011801691664989,0.8826167976042628,6745.943450605654,1.065072715378422,0.1436456386561314,21723.604768457542,0.1031188783849388,20674.7599971113,26889.825455791077,0.8814242993050122,71.06173947849955,7409.673639066788,129697.6654505947,0.1488028777409963,0.1100799785284388,0.884257711079873,137.22867637939893,6806.421960538826,126325.79242430508,0.1449416696579982,0.1050632720807381,27277.219882951144,7.49453616900284,70.76695220076071,611.2891963509113,1
11.32374085117918,10.164167344357098,50.52280398620431,46.48078835510486,49.98622522471475,4.424721807325178,238.87842414385108,52.86013814381051,-0.9149565110266342,0.8032048996573948,2644.0729820888578,0.2549217267552182,0.2171153579423821,17519.394074203305,0.1459309725785794,16358.12837510536,24900.51299720865,0.7831749891120295,952.0046021458526,3194.43047764283,21177.33255269321,0.2220756456935181,0.1540174867246679,0.8071206656678278,1767.202393431167,2619.107151176333,21074.0987654321,0.2175385363784168,0.1459887498220375,24497.20239343117,5.620739134363423,22.49491729837976,478.70302536969206,1
78.46033775252525,62.31789772727273,115.26369943362472,92.91867480707892,91.0836949540589,0.8483963247505837,209.72876683501684,78.62330518208579,-1.72739748323242,0.8115856493203139,1876.0714220141376,0.4835316051136363,0.0976275566170685,30737.116252027296,0.0635468404299463,25477.35703185248,81591.48257290614,0.8279040123369645,182.9560242410544,2151.748477870856,45514.778214129314,0.0994471710371212,0.068301716827016,0.8151067013287344,333.9860552345806,1878.9599806406727,41079.43050304002,0.095456240602734,0.0622133705325046,75941.73033062101,7.043518518518519,86.74555768043267,565.5671892993178,0
44.33135780656151,36.68228762822387,93.15655518449132,79.09283824432897,90.70823067370672,1.713005546687978,213.2948894764272,77.93761318548329,-1.6053267024351547,0.8457324903395611,4222.665115263623,0.6517034871688742,0.1534756738367722,23714.62889380663,0.1027010460670616,21732.262353191385,37829.29039684824,0.8466406301243672,171.632171632003,4947.909274873525,72468.87180063706,0.1597819410879599,0.112288690609526,0.849641607541757,399.611335873365,4306.509741152441,69580.77408774893,0.1545070469037907,0.104059001891117,36753.0030048313,7.150830674581485,59.75223253928836,512.8458264077512,1
56.03314900340301,46.720679387457466,98.17957047004342,83.42650514448353,86.86493512436864,1.260689423861743,206.4078907389402,82.88289677788099,-1.7588227903501894,0.8653178268110713,3356.127354552304,0.7052360983455882,0.1256985108938248,24461.64018368053,0.089108218792782,22541.991847356963,34993.33352678844,0.8759201237923095,124.94612044118212,3782.479939279812,76231.92755851043,0.1289372271014296,0.0949147347103286,0.879878821258302,238.52511620037225,3408.582295741144,74143.0815940601,0.1251071430790354,0.0900594207100429,32119.84834731719,7.549279138308216,69.38457346128385,639.2156489306831,1
13.462393483709274,12.180112781954888,54.73527641518013,50.84967664128869,51.29746724345432,4.033512727071774,236.0834022556391,57.36545312279468,-0.9892677586213062,0.8189714422646829,3502.5617023111417,0.3178728070175438,0.2151003816185888,17909.99598999655,0.1465750487614151,16983.884611943802,27736.03846153846,0.8014746297679404,779.5024958402662,4197.944442189846,29846.041435006697,0.2217135569144636,0.1578869502303953,0.8174407793158744,1298.293031851288,3428.424502663333,28985.095227742146,0.2140077980043079,0.1451112011344805,27914.239634742906,6.23187969924812,25.51485395348713,533.0130291730644,0
79.61629328205817,67.00851853508027,114.7931036521541,98.31358939684372,99.86149000445911,0.8190922855818864,196.22579334913328,86.91275701524103,-2.028731178343362,0.8440176026048323,4196.146198540001,0.7527287679425837,0.1309381957950624,28870.69672741719,0.0908372677690488,25566.571557204552,53093.89122014202,0.8506413768913116,118.13640699773732,4618.573781348302,86661.74854345203,0.1339162683298586,0.096419396501335,0.8483055131168886,120.1571101298184,4090.2142003386566,81780.74638932236,0.1289357566493545,0.0894502186027022,52593.26311464524,7.755090253245688,90.7220695460104,471.8512464241929,1
8.795092728608152,7.550977781858244,42.94749688599043,38.79028913145902,38.90256041830319,5.227289599840634,229.29762210796915,65.31380577059593,-1.180564090032033,0.7654620135263674,5524.5668522703445,0.2994070870535714,0.2904812233372686,8148.24255061389,0.1860955493189954,7935.969823229006,9078.375299955736,0.7560616472150321,263.19721507492056,6558.505113624078,24654.31185539147,0.2967059433138688,0.2020036355301755,0.7709805824289708,579.0908186940669,5325.472134097258,23456.108007007908,0.2887001274833261,0.1856919970363721,9186.043065486056,7.568623760558208,17.336926873387895,562.3729280040034,0
50.925730263069454,46.58723501498837,98.59570414812222,91.78823156415775,95.08096160204164,1.4901275262529812,210.70011157263647,80.820841918005,-1.6443736804538736,0.8848850169225025,2702.508952943174,0.5508100253222836,0.1287765501654743,30213.260843444303,0.0940647938873482,28635.24334459161,38154.67569579584,0.8794766445624516,171.22133147878864,3017.932186887526,58489.04023518998,0.1342670370290279,0.1014278621882077,0.8856423754742783,339.07093368957345,2707.605870103336,57264.29435647584,0.1295698314175784,0.0962771708749472,38966.56773145784,6.713146303540303,70.18667775549919,474.5815747097212,1
13.258195032956683,12.269053083804144,54.19493783653771,51.33110680178406,50.43153827690671,4.0742796942291415,234.0878403562461,59.85939996443025,-1.0480639459891194,0.8111089355131341,2920.939123573683,0.2727092161016949,0.2375924213634287,16572.21155013353,0.1637814318598161,15839.745301450028,20794.37739742656,0.7931973976236174,656.3605356529702,3444.031875929953,20677.153771317386,0.2425732345274808,0.1734091673829911,0.806465301357727,1143.1577313506968,2780.4897712103807,19707.97432713501,0.2337535396809372,0.1571111761182337,23024.887219445565,6.180187735404896,25.450906420046604,239.86927765529765,0
32.68634737666,23.79731617861093,80.69381601503551,61.0510553060651,62.24508666346207,2.277981286252572,214.13186884270308,77.714122644769,-1.577633373438635,0.8314605705328926,5878.823218670684,0.6538887089810017,0.1947915338909674,15107.089587503351,0.126554944620065,14194.687488771591,20018.42540393306,0.8317063776124802,158.13049467996757,6842.925216660641,66849.80420912759,0.2004248988420057,0.137147855201826,0.8339887278819977,265.68887606168056,5819.683165663396,63659.26092603282,0.1932986298034452,0.125266672148858,19573.551053434487,7.431623682831693,42.61997256011742,585.5842949993369,0
58.25334266169154,46.146536340038935,103.42089502188114,84.05892725526604,79.22307317973869,1.3240534095795646,205.53597501622323,82.58102780180396,-1.796926956485382,0.8506919648226879,4318.3169858156025,0.798233695652174,0.1419421865995368,23599.69510638298,0.0952160884007309,21500.929568887263,38176.25367021277,0.8511303947360856,93.9603219322664,4990.928566022186,81583.73115964577,0.147975535122703,0.1044288461268434,0.8501592626214975,205.51208250778376,4323.053141805831,77242.90878856496,0.142072994177805,0.0955463303710122,36976.33776181715,8.547473231667748,69.38059789888383,584.7328400907567,0
39.15542050638337,33.02511506393575,88.58591670873436,76.49168822085284,86.11865528626174,1.9149529372443648,213.62024308850997,77.88336448929647,-1.5939125325220211,0.8391775097638874,3166.623219556012,0.4560510299625468,0.1701366498577584,22432.85445271397,0.1129641000655087,21041.49525135493,30392.680193763637,0.8336456930202616,140.6163251717563,3806.485941708786,43432.61708180745,0.1776681251344858,0.1245348262258747,0.8408965488443634,279.9073097452616,3158.704989292677,41863.1997954422,0.1685924019992681,0.1113570709580307,29748.83737654617,7.60593025747788,55.08760680967193,496.5310088781276,1
21.07068165666892,18.347943730109336,67.20175577503969,60.27914825420447,57.468434849909066,3.1295381425404205,223.71010500946807,70.5162532019046,-1.3311780009471694,0.8088657824555872,4508.068489129438,0.4426406574844075,0.2327522366990729,16177.541730116503,0.1521201684362652,15339.111413973793,20554.507421337494,0.7994327297632794,226.59775424755185,5332.479774386657,34687.931243295614,0.2400254597260185,0.1657212778512536,0.8071968040962201,414.3468436687709,4378.086260675826,32955.50241366506,0.2305373034007317,0.1491312337773719,21413.626383215746,7.611857815679472,34.424321183062006,552.5199289159686,0
52.113116439613705,43.044913340432565,99.40421670968556,83.87572694095533,88.09296185018621,1.4745317005689074,208.76789189586165,81.41140740978248,-1.703647298643177,0.8648311189065827,3137.105238727645,0.6285415586099585,0.1390867866854283,25350.22130819913,0.0962754000695225,23581.79555036486,35439.20911071857,0.8591466601450675,122.83822762814944,3525.9134913739604,56490.59697157751,0.1448385475844037,0.1037325668665812,0.8626065179548474,349.8790007907598,3137.368727395289,54454.28046045553,0.140393767979918,0.0968459472974145,36176.604360845726,7.6253304814012415,66.7153774095203,468.760056076782,0
7.373739470034998,6.975440301112191,41.05208149781794,39.65422297302763,38.003497633016856,5.662302861679128,243.07932495023917,46.35095876121076,-0.7715487684628083,0.7927359601294669,1830.5408215793263,0.1499660326086956,0.2391814116352871,17055.345258931327,0.1642164687629835,16476.474692048832,19811.104087305677,0.7669038863680906,1334.4460570875665,2212.2624092888245,11437.790033865504,0.2406283626602228,0.1727879362477993,0.8013315812731158,2930.960174171623,1675.9124893797791,11417.103759558198,0.2321257572412768,0.1590378163760218,20859.268797790995,5.024366315432,16.654753027107933,220.7034409740604,0
82.0255316137412,78.11720896541388,116.30202553145048,112.0673757626595,115.34667270168808,0.7550939173651606,196.11131417248097,87.54934057715724,-2.0179027770844407,0.8591823007462993,4300.31019986591,0.6694851513975155,0.1314396433657905,33687.26455505825,0.0988925999835982,29979.699784167624,84511.6517386341,0.8522639048202202,72.8308025076716,4569.11048878494,78103.35900502063,0.1325793834898926,0.1005427563920325,0.8537342531741755,122.97001301357128,4117.808607547871,74157.89390221231,0.1297728645439798,0.0967394492288842,88655.88342628742,7.96957687376151,101.37011282216687,529.7156864608077,1
18.74181987883911,16.553267645815723,64.26836871224585,58.12990699506585,58.25162318296174,3.301612649509914,233.43824404761904,60.21125240749007,-1.0743053045861617,0.8378147257049336,2269.316106241005,0.2734017284798535,0.1855958292042814,21168.73997121549,0.1266286609092024,20036.84464918861,28914.25709799817,0.8225381054014351,861.1881128976056,2679.022649211011,25695.423814027577,0.191256581630402,0.1357486526452433,0.8349267555143414,1727.0761340805752,2228.927408269007,24958.06307497092,0.1846632993998909,0.125757552106781,31894.52482288252,4.455493624964779,32.30659052239664,589.340906700326,1
50.120468108316224,46.71061264758727,96.13756144049216,92.68536415228476,93.15868271857109,1.5311468339563612,194.38334188911705,90.32755532539488,-2.0132281193435904,0.8791782347507259,6714.457632880624,0.8976898193359375,0.1813312678473235,20342.37031497,0.1392689886241319,19212.567146528472,50335.273801227246,0.8726994073313541,72.79664615435652,7025.117749506543,87428.16213571298,0.1823585238521992,0.1410731884673122,0.8856687407751657,128.72426185253923,6756.881170912772,88759.86121140543,0.1808387495686839,0.1399629978929821,45559.654530116415,6.498078959188912,69.22978987597192,443.02386400784576,1
29.97103390426712,25.76741212760776,79.04264557204148,69.63164137832754,67.48217759377587,2.4034988161215027,220.94070135562956,73.30169940691917,-1.393936249225165,0.832069536224644,2202.0249230052536,0.3890041076030928,0.1841847580651845,20949.41465876446,0.1217227637880503,19802.4903019653,26840.86601620125,0.8240857471247317,161.0132139293797,2656.2049254130875,26398.57924707371,0.1912554738224119,0.1335215553995853,0.8317597979442258,377.1248017059787,2156.413517800952,25136.714976724837,0.1822595066535479,0.1205256993277707,27012.8195459392,7.630482723164759,44.80596560478313,512.798079933215,0
77.14133689046984,54.837201719282646,112.23857885057244,80.96996549680188,79.36747221368537,0.8312430134908394,204.85019373689892,81.40391673709242,-1.8481840287268332,0.836733814219372,2748.415337855696,0.6834657996146436,0.100151804700977,24905.61764381993,0.0656810967852504,21552.35159469929,48212.54138401903,0.850539746951631,92.79026681116788,3083.6491613768903,66175.60087732879,0.1027829979475464,0.0711920083576848,0.8391614940089763,241.93585710709348,2784.421854081177,60760.61394533759,0.1004338614971354,0.0659317691391059,45273.96617069216,9.147735501492727,79.03730526220049,593.3690629223113,0
41.475244299674266,36.34409803009152,90.97118290408534,81.38554647069591,90.30224055758208,1.8092988373878385,216.85801923375212,75.86608211020204,-1.5082621787761492,0.8608476501977605,1443.4459654563927,0.3478608630952381,0.1437862511784914,26708.99205924817,0.1008451605709241,24808.69510226633,41083.94198171221,0.8553964735697093,177.65576609616951,1656.1437449062755,27323.440301548493,0.1491993737173135,0.1088809760544096,0.8647348449431637,304.60675233458375,1441.6471918482457,26723.04059914332,0.1449305157018689,0.102919328607668,38790.96554659856,6.929905382348379,59.038208588023615,503.19455078804754,1
11.780373111833072,10.31930870482634,51.56295699726328,46.26224253665837,44.49740189096645,4.403858906582492,237.4306259838564,54.966979267983696,-0.9589051963627092,0.7727945633232384,1864.4509200932491,0.1925523380195599,0.2327995330288278,16007.663409553095,0.1492494227962533,15022.470999791143,22059.787560140867,0.7524498987464778,639.7736776802536,2340.3084876614125,11527.092918523966,0.2408921290343461,0.1647215851877127,0.7711322588191384,1198.2671274961597,1735.5013824884793,10868.694726062467,0.2303726101206771,0.1449868449255209,23618.335842293905,7.23940784405667,22.4795113787788,458.5654424451565,0
46.622173296847286,37.799967019939565,94.95155709543236,78.64808297314715,79.28872405837681,1.638348832600734,213.42793411118737,78.31248827029223,-1.5925454601312783,0.8494086956214546,3085.2076080659845,0.5477967843326886,0.1488389407958911,23435.616038178257,0.1028094952349105,21523.310161045145,35541.409850762735,0.8497401469794563,160.57607152248224,3490.111175387852,52034.86510649487,0.1527537901068691,0.1090831318994865,0.8514749258625496,359.1775442094914,3032.4930829629016,49515.2466037971,0.1471454612485592,0.1004462357363443,35518.42218160165,7.1931027106044265,60.29990157485702,552.3064257946489,1
34.61735541489639,25.580726610595683,78.73676458380027,59.709436627121086,70.72373685618462,1.943205296295692,220.0714610248851,72.9366082552674,-1.4366669829039818,0.8272703828322424,3349.8253272831585,0.495474367671286,0.1560260981943658,16554.162011683096,0.1025698426237232,14945.935662478558,32285.872685547383,0.8301315881358532,212.1188494119081,3966.6278140045097,53377.488878054726,0.1611275301343067,0.1114740075176007,0.8285655443045667,506.96349632487096,3401.096830527029,49609.65604962727,0.1579224048557063,0.1039136310409479,32833.309857686494,7.573869765022111,44.79144859490705,601.8080277182371,0
59.93160364354165,52.21533728123863,105.46020196315165,93.39005141218335,97.80172782929196,1.2547400920263434,214.31032410317488,77.0860836154414,-1.583541697350198,0.8713310718915763,2958.204286811422,0.6700505239520959,0.0984444574464818,34027.85405466732,0.0691636157829138,30826.276983845437,55409.74952873001,0.8713906414858771,351.1343017436432,3255.402425792125,85822.6746881545,0.1023370332559642,0.0745960299240084,0.8651173978307283,641.5483355525965,2926.432916111851,79940.53184198846,0.0990970087362841,0.0699364114435844,61050.429596094094,5.669307793253273,76.85689769710693,459.3452542761823,1
20.07155172413793,18.24121921182266,65.70977866127433,60.98453196701619,64.73148740170292,3.0999660518542607,228.23850985221677,66.19136068108845,-1.212914640479477,0.8273389053772786,3475.192287038326,0.3507184709821428,0.2082190430208428,19173.344259034588,0.1420713287654895,18127.84857075105,25508.065991765947,0.8175198354445629,460.4101841942207,4095.02602377063,33561.275108432375,0.2149401698356392,0.1527733290861239,0.8294772929062416,869.040371321351,3570.192376061624,32849.52929093423,0.2118366059506428,0.1457677695616826,26043.491092237804,6.163518062397372,34.72617828729916,502.0863531870429,1
8.62863196125908,8.079898630335007,44.20086461131913,42.33909361595644,41.17956782374691,5.205861327110878,240.5029724260056,50.87946243541364,-0.8547866003338948,0.8016912674292105,2344.1928189333767,0.1798332555970149,0.2397068219137616,15854.283028043445,0.1671631145918975,15155.219973190808,20213.03468957692,0.7793960764223494,1008.4894389060768,2745.068599365952,14953.033764944044,0.242368493504663,0.1741578561840574,0.8074635030635939,2128.985251222218,2226.5960724703177,14960.935499774045,0.2349318848591785,0.160958739717874,19861.16125056489,5.113367785768494,18.59703260830646,468.7401007919366,0
87.47073142900612,69.80642805522803,118.44187975442829,95.95820562592245,114.12100744952346,0.6576351925125963,203.98636795861705,81.44485252877395,-1.879073893222172,0.8127703598427235,1386.7579038544825,0.4603937064965197,0.1024585284954995,31779.73122957597,0.0674020406784006,26518.746304785825,93581.91728020788,0.8279834339810722,109.1771306194172,1542.4154341777712,35159.56574901157,0.1034717385643658,0.0720870166900827,0.814363830995341,213.6211426521011,1345.7433617733834,31151.404991627463,0.1023352936856707,0.0679527901415889,96754.19559843712,8.288296375185425,95.22899771930336,489.5412060033114,1
40.54916056806199,31.70613022464555,88.85878298338092,71.69328299686553,73.35438036496303,1.8761235629218296,207.22443387832055,82.25089724935843,-1.742554831110444,0.8418533617389026,5643.666497810142,0.6717544804900182,0.1913543920355918,17189.054414015092,0.1310108242955269,16013.230259459478,24269.889726135825,0.8375980052734329,103.09674707824432,6353.911486500172,65377.913066375,0.1966590412042543,0.1394174047194084,0.8352128200248125,169.84569889577162,5405.645968219768,61018.67256665769,0.1891387473393234,0.1274086184386156,25635.675206032854,8.363137119629341,52.74564539575091,477.6871601069224,0
69.53568478382617,52.87950478830645,109.24070035310544,84.85313081305218,88.09673460459813,1.0085261095378737,204.1997927867384,83.29787051691031,-1.829586046966784,0.8736111211352557,3463.9089213553,0.7635837131076388,0.102114460475992,26678.00782450375,0.0713959121015455,24429.608686328236,39209.8824015276,0.8767536951678088,136.39204925483202,3749.183470819256,85367.40508326331,0.1053462961159428,0.0758330187544512,0.8730591493754538,333.1624219814908,3417.535314584977,80669.31320396012,0.1022016622782203,0.071206770806035,40586.07781225339,7.175140709005376,77.56410825851717,484.05140663538754,0
35.85717228147396,32.2854833248688,86.30352202935886,79.05934904406021,81.11634237510471,2.0769792668763247,221.5324671293945,72.44272970396042,-1.385958246218979,0.8307850977802839,4714.732737779031,0.5459221117424242,0.1657915417043747,25154.7485987489,0.1167184385481358,22657.893415538638,45207.12306074437,0.8218786008755868,279.42833471416736,5363.887116818559,61480.95254763877,0.1716778150820168,0.1247909002125771,0.8316340528317314,528.0458370754749,4468.527414651454,58794.3589240373,0.1639963513457136,0.1139338641732009,48349.45348102319,8.221657919981942,53.62454661458347,472.1797229187245,0
12.693931967527082,11.86277105700611,53.57386867073144,51.060541288430606,49.89257602933651,4.167700958094954,239.4876032443167,52.03346966332679,-0.8943703075762669,0.8261212941209148,2194.3597793411227,0.2076490424217462,0.2022200847254618,21316.75969256516,0.1396045652888305,20122.49440789261,30790.34189729445,0.805161961827962,1059.6035644488522,2662.129772773678,20965.33357640813,0.208764027685221,0.1486842596056726,0.8262387241727284,2164.392559272796,2135.792677974573,20662.346078155748,0.2011444947778504,0.1362465654804602,32228.48267891169,4.3078047311092185,24.997127139228315,461.52608483666506,0
55.86312756727982,51.840312497751945,101.95665900516308,96.46420613867971,99.94588365712303,1.3506709924497593,201.34408563474307,86.10514724763216,-1.8694322957585712,0.8704437016364495,5250.63468969631,0.7817703827854672,0.1609669379685373,27534.89453391772,0.1155831148801863,25992.925331275022,37893.685339350086,0.8603940410356473,76.34803119202908,5825.564058657131,83820.27261128319,0.1661044871075185,0.1219204850455207,0.8645578767597479,138.51858505270388,5047.094734895517,80639.31456775773,0.1586733656515293,0.1120917601704603,39676.24129307232,8.303840039134156,75.8036596801088,246.67107538298197,1
54.10952774968588,47.47234735885099,101.18303057345436,90.48110047076904,91.1605538895365,1.412197424918762,212.7779871900953,78.08213749227312,-1.6222153042653162,0.8806108767535272,1894.342668271109,0.5591879893736018,0.1151627938764694,30948.702995827407,0.0820898372313984,28825.28995812776,43327.89562268515,0.8780377618698765,195.51027608980837,2105.185165638806,48796.15809948884,0.1187407980836665,0.0878281552415886,0.8810227075351934,451.5392017050352,1866.736628480983,47207.61221419505,0.1142343263230888,0.0822337444506095,43083.17871526853,6.077702185038767,71.21614213535622,463.2151137827394,0
86.89251853937859,80.77571458744016,119.535481792919,111.76871819601052,109.32337788449864,0.6732128347895389,215.8834835257674,73.74886237036068,-1.591204876264777,0.7480401624104721,1516.5377478367857,0.456764077240566,0.080945952671593,41821.30799330361,0.0570987944151876,30955.275525611487,175871.82982714457,0.7738470617081904,147.03444067553258,1789.9258601195284,31003.915666110304,0.0786579657023241,0.0577418108275596,0.7444787318574729,419.8967969367289,1502.9083449826778,25331.71845053587,0.0790903420307703,0.0547775151571575,173666.81190866913,7.818824509527833,103.62771542422102,499.3654211526283,0
40.48016132768048,32.87892871169475,89.64053360101913,74.69032598891717,76.15127061438265,1.8826161215606432,221.43863606610205,71.94299393253497,-1.3994982179378166,0.8643402891002055,1838.5009101186029,0.4085593061122244,0.1280116910684477,25370.16008507214,0.0896374039004614,23469.0833746377,38220.550075683546,0.8622446609732874,376.0864608779332,2032.943482123029,38205.43474720557,0.1324153402007095,0.096155546051551,0.8694152898473979,754.5748663101605,1745.6653103929318,37073.43303882818,0.1256584353981303,0.0871721082112071,37713.12080523909,6.705274871350742,54.26688422959642,467.3946884425808,0
42.9139394459707,37.31493246336996,94.00889571107824,82.55974124010599,90.31021022602764,1.7693201425661007,231.9939703525641,60.35968383657445,-1.1434468266794788,0.7993938458586157,1661.4573613144623,0.3848031850961538,0.0974603897035389,34578.74380998861,0.066596439260898,28062.362365459645,207497.3410281438,0.8123684875042725,603.882785396891,1926.1416170891212,41923.61137601677,0.0970778690747813,0.0685403921011753,0.8021647880905276,1656.0057876357994,1639.0734609415415,37207.349327470256,0.0956974759203919,0.0647042786949531,190157.3190151319,5.265819597069597,60.74819010847585,597.4806284766274,0
72.01577843583766,58.760965247837554,106.85140262199494,90.05666426778016,89.34370221343246,0.9175501959963964,183.10412597546377,92.42728404711448,-1.944097177863774,0.8809785800691077,5153.551892296427,1.011040598812139,0.146087074123138,21414.26149339728,0.1044043299899714,20235.949725945906,27044.709609148045,0.8838884574085154,34.02616347098928,5580.765605254536,95536.81627845296,0.1499029641672998,0.1102226212333188,0.8810866090549933,94.81415599760452,5106.920382629526,91286.42487415632,0.1466337648839294,0.1052203092508768,27399.504726219187,7.730600984689607,81.41240354429054,551.4890205846145,1
22.89502960020697,18.97540671749684,69.97585497741073,59.72640654458609,61.1500753597911,2.9057265741646416,226.05865634844545,68.21161575860474,-1.2728628399879396,0.8078096753661672,4150.205967505705,0.3900802508503401,0.2053008405021923,17250.0729759188,0.1341878539495073,15909.833275053745,25940.289417214484,0.7974163943485371,269.3619610235336,4954.787619995505,37179.72838475616,0.2131301125688703,0.1464852576126376,0.8083636510836364,539.6577930962815,3979.618494206488,35438.24436669727,0.20356770984681,0.1330932605269582,27351.05176922944,7.264027758754509,35.871457423589725,560.0615064269412,1
43.11149201970704,38.82412521799097,88.35907433591726,81.16241582781717,80.70616621647531,1.6554207430655223,209.31546194192651,81.97121810134968,-1.6719723989555273,0.8643870475051982,5062.186952452265,0.6614005546751188,0.1656566568612049,22324.439966304755,0.1169530519828253,21154.056407554723,28288.54138899289,0.8593500691357053,125.72946503980305,5689.150353106075,78151.19069525058,0.1710752519100417,0.1236028036416856,0.866994940685924,257.0688868527833,5025.574524579742,76450.05905121636,0.1645631064703371,0.1151225211311763,28189.957104657904,8.430106956481378,59.84051857950765,572.2014663256606,1
72.8286432817297,49.87955451041871,108.455723860672,76.65648068152038,79.79135092211644,0.9310502432472318,197.5800966751584,86.7763828785167,-1.9850989896142728,0.8811525051963782,2208.6907619394824,0.6614101080246914,0.104945439953442,21401.407918337587,0.0743963536004915,19813.38896003758,30032.176697047027,0.8817793538743066,68.68645959924257,2372.182997484668,52509.4396178956,0.1087447660687283,0.0797510307560818,0.8801228545933568,185.98462556037333,2179.6080693760564,50144.87853310796,0.1051558764089544,0.0742328643621755,30619.80658484604,8.136161734927168,73.8300673256266,478.8419608186622,0
60.52007384036244,49.59684308319709,104.63617087953668,87.7489958468781,99.84842115748378,1.2199539571474085,204.9759204406291,83.07717779657942,-1.806419556590808,0.8590554200581357,4638.871533646322,0.8026024919614148,0.130781913442942,26170.391314553992,0.0901878110635941,23872.935544228378,45862.201181533645,0.8617802943371882,118.22208520595773,5273.523433495524,94904.23466181332,0.1359508313634666,0.0984042674025515,0.8596234297721064,196.74001170731708,4656.401084878049,89723.91978926829,0.1306646021535153,0.0902628345849869,45187.64761756098,7.908725107533044,74.61158691619006,587.7974443918597,0
8.131799768518519,7.266832295657727,41.180677083068126,38.6623468044016,39.58264051498214,5.370332453725054,234.44989723020436,59.90358761307572,-1.0291588662033662,0.8263017988737027,3193.0077281221297,0.2658017914870689,0.2553865697204609,10001.510246096348,0.184105554252454,9807.510454615256,10833.845912646882,0.8039814844410952,548.5094559469392,3672.778315556751,20381.40775596785,0.2587169303993388,0.1895586089141444,0.8283829520178403,1185.9854334031447,3280.126879434841,20742.2562908318,0.2569031220555681,0.1861292003064937,10658.69297614954,5.375199553001277,16.86532408222385,598.2502911867477,0
38.4015432077076,34.22791125852945,88.5890628555133,80.43700386075231,88.40776902647175,1.941362153432041,219.89953689714056,73.44047590796274,-1.433833155446111,0.8421319529575357,3428.665324661918,0.5626742565055762,0.1579493123093223,26339.118728708578,0.108048824102495,24161.50382933617,45719.67710591514,0.8364565083280207,192.67667101461643,4064.745900939889,54253.562787238974,0.1650128680462691,0.1171170201872803,0.8426298304343129,406.7893053135322,3424.9830424718457,51630.25810814326,0.1591270993187441,0.1083548074355203,49005.46244375667,8.107434241502167,56.45699068318629,498.6271765663141,1
62.514145927110015,52.376127828349375,106.60735950842312,90.93930037187552,99.51219479798452,1.191947922781743,208.98371379077403,80.62137698621892,-1.7123108508959777,0.8598648705639339,3169.427132417257,0.6027927703193033,0.1152695615199566,30306.16316319141,0.0800165937004242,27492.04729799785,47813.55700083707,0.8603530041088014,130.1720934851097,3552.4513482040497,77756.91346579163,0.1192640034371335,0.0853745816943347,0.8562452745344946,346.8907004368151,3045.1136293968884,72389.22402099778,0.1136342262703358,0.0771085826299451,50581.73129166986,7.950967474400219,77.40483461112878,468.4180154258082,1
25.652168157786136,19.616587633441565,69.3393349868761,55.28765146392092,60.00684737336144,2.553604568647778,218.1740833313867,75.90712808748047,-1.4554331429654133,0.8516067125560881,4409.516212498808,0.5371532654494382,0.1873947078280579,13186.852106058748,0.1317976624848377,12503.713465508556,16526.96406149991,0.8452975957273958,245.71554627333245,4952.403263281556,51841.900874559455,0.1920587946136051,0.1385064815804879,0.8561320699640949,589.197006802721,4368.018857142857,51089.121523809525,0.1867603924368834,0.1313111031803622,16207.780979591837,6.576759559905628,36.05829753797231,592.0691998764288,1
43.760139568173685,38.94877387910908,92.94615538615764,84.58717067713967,84.6096807020536,1.7598144054573663,210.2625636918253,80.73529028364912,-1.6623747614332338,0.8533403025441947,4113.4629783693845,0.5495374354561101,0.1709798652211192,24069.59442595674,0.1197995507745875,22612.44791591836,33013.199557110696,0.8460705354533554,124.97382654500989,4669.639944501929,57694.00540871038,0.1774902851646347,0.1292147487108506,0.8544678130937814,210.75892324517795,3916.300482203221,55711.22927023265,0.1684879741824224,0.1175604033292166,34087.46740157089,7.263846048976671,61.24736520511983,481.708671017715,0
93.40021883347956,72.53331296144785,120.0252372380694,94.6829138325506,116.31624118248264,0.5505030960231218,201.50956164302545,83.17161709905102,-1.9293999644111128,0.7999604568347221,2664.527475075354,0.6989202374454149,0.111923072455974,29057.846656985614,0.0750390587398733,23576.670074643203,115439.95541020416,0.8073418245790956,60.02346424067736,3026.9502116735725,54168.45343181409,0.1128994131865458,0.0787582871186084,0.7905897629118387,118.637408857938,2600.8330415947817,46348.224470777874,0.1129250094263988,0.0741580783186448,137466.20448563766,8.930214791960333,97.59212357167952,582.6442280945759,0
40.0440469765888,33.47417315550073,89.6946015122914,76.3915110520178,76.68232887997219,1.890076790805858,218.7973684886799,74.28999545241072,-1.4619450960060068,0.8338550234196691,1972.2085181079085,0.387901376146789,0.1570853165919727,24359.74004526977,0.1040990089762885,22310.81732202808,36585.40569567627,0.824193659506937,178.94054172127568,2374.13245958934,29336.320882481432,0.1657282503489577,0.1154289767100925,0.8278364384091993,369.925866766889,1907.6135488114253,27495.334914967585,0.1551720125228984,0.1006588338205675,38557.55480127784,8.434732608639786,54.98446912536494,471.0289300474514,0
52.783308866380935,46.47943300604174,97.23946932973452,87.45004401366613,96.87317753374056,1.3591239412237095,210.3474442485449,80.07264043504517,-1.672951791355396,0.8442985819282683,3647.946826832465,0.6396521859627243,0.1454199845382323,24914.32434657337,0.0979923380704799,22707.534861340784,136776.02290919726,0.8420630753907782,123.52361513074383,4156.114110180249,66030.38709317085,0.1488682589582965,0.1051118521231403,0.839967582079208,296.357249788462,3513.351500292899,61366.29387516001,0.1424266614174689,0.0954390051658501,71967.70594042221,7.930866720272653,69.95115124497117,562.1754103493001,1
47.52262206870624,38.059465905352695,98.09063939935558,79.30431197690969,94.79144468879012,1.6096686996494138,232.20164833873773,58.81903640825563,-1.1628047509834272,0.7391606560163578,685.9227458418442,0.2063463391136801,0.0866141483381506,34131.99029763642,0.056986406891801,25045.317389670585,167929.85030639044,0.7777717219649453,600.3175818702528,841.2301705889678,18095.45386626821,0.0817042356600632,0.056830164694576,0.761412520193544,1017.924899694798,697.4902438187991,15693.311580535646,0.0793562894614517,0.0510856219356886,131892.4151435136,4.65002467221204,62.7983670826492,647.409927323334,0
53.75335076179232,41.29670827008489,99.97870079091749,78.30536794624699,93.98175649713104,1.3855516449391354,214.6023725192556,76.65587488237351,-1.5809992727654667,0.8292684159607248,3744.336248847337,0.707186208677686,0.1306206732750421,25115.256489148996,0.084644765905962,22122.384143358344,53630.49861680468,0.8364295114005579,178.08251804125902,4422.762662881331,77610.92144296072,0.1352128555831081,0.092544492752132,0.8245746817266548,369.6157766168653,3795.793112597323,69793.20471907851,0.1315061251668096,0.0848649056293953,54711.43101161014,7.733274301456119,65.83799990069504,557.3659773532112,1
11.947411382526347,11.040758246788702,51.821133353034405,48.88328763256929,51.14968838042082,4.276849602928255,237.8668573130443,54.70227228654057,-0.939621443724082,0.8124410701232386,3794.817666548584,0.3013778637459807,0.2229389864010326,18042.21215278501,0.1515039781683212,16943.0871051696,25070.197545270792,0.7947335652632626,1057.061208500637,4533.585956321614,30312.81267260797,0.2289859024029336,0.1623140185988866,0.809477715034226,2105.810683524969,3673.800924943782,29073.09296109296,0.220887508136034,0.1498781599421771,28050.316008316007,4.627657696910867,23.809851172677867,559.6203699301032,0
47.58344478535651,42.54812542067676,96.2227562026341,87.78235669146771,89.57480415500186,1.6134014258859954,211.70856825671552,79.74053382581727,-1.6287111334562518,0.8609450065667739,3277.559352960207,0.588412219785575,0.1533234992749004,27227.58555807182,0.1069499707335424,25568.40411688062,38102.13096085409,0.8518129617045572,154.49546231914815,3729.136991773503,55156.66340020223,0.1593622236435554,0.1147176913278181,0.8551123157904946,296.55284660688704,3099.9984082347323,52258.16660476469,0.1507856759262751,0.103098422135828,40488.954316336814,7.806156522347223,65.58587659409208,240.55723861549103,1
38.93418730403109,34.87576744710013,88.57478356965724,81.15989365722035,79.16307119160399,1.9453724181666063,215.06455473986597,77.63775930911872,-1.5431452021095444,0.847403333006703,3323.0110666889623,0.5331220824688797,0.1708535007220119,24032.972226867125,0.117933640424616,22485.02254674771,33519.45859872612,0.8395936010643029,191.16844841687117,3781.164067063909,45655.30400747751,0.1770618618133639,0.1258574156721306,0.8474538998683939,414.407663190421,3187.7749092313634,43981.47477790653,0.1694801322709393,0.115722344466376,35072.0219235226,8.066929836090198,56.2282838852456,480.5016019402941,1
3.1383633351431874,2.640980662406549,25.711230765749903,23.03482863537445,23.03270061786201,9.080716229146196,245.50229016135543,41.099082323556274,-0.693278971331256,0.7348461521977276,1366.510576923077,0.0985128350857251,0.280471672504725,7696.632692307692,0.1736591859219864,7523.325820638506,8466.791153846154,0.7097173437862132,1565.2224610886576,1776.0403302089603,5460.74787170006,0.2834683925469839,0.19007830883263,0.7392925660857946,3386.4405506883604,1352.3934726099933,5297.681428708963,0.2822816129164824,0.1774992509083891,8235.960720130934,4.911059599883056,7.877273734969665,462.0191693290735,0
70.47333870967742,57.3364623655914,109.89178767702803,91.6875906963434,90.7018183360117,1.0174816842219394,195.41252150537636,87.434145929349,-2.04453801868574,0.8626856234937036,3196.29289913222,0.6752142137096774,0.136858305558992,25113.62970047588,0.095629799965405,23031.87637293361,37379.84696043669,0.8628082864450057,56.49544008006567,3522.868408919676,62826.800375588966,0.140098090250773,0.1014991235551383,0.8614489709815779,122.3276420649372,3076.0907134580366,59474.21765554426,0.1340261350599625,0.0931717186467009,38898.04089909428,8.110822580645161,81.23014293683121,471.78027273165327,0
47.54131743239515,42.182990135209714,95.39910881651711,86.64648814994833,88.95276437903891,1.610659158602747,200.1290011037528,86.92075781422666,-1.89382836537809,0.8506252432469196,5962.523602415366,0.7542953491210938,0.1902714938437986,21167.65376718217,0.1358800173906047,19838.03885787624,28949.919265275574,0.8430751774285593,52.37991504617903,6584.049647324734,69008.34379018744,0.1944265383594499,0.1412823002918497,0.8527250096996011,161.32627447774007,5781.7907894198925,67375.0710927599,0.1883680996409527,0.1341792107103079,29228.089387187767,8.035608961092715,64.92466686883674,565.8433413944337,1
50.00561475339626,45.54909804190294,99.1362113057625,91.36192034342986,89.9724722970587,1.5417196008116894,218.99996573758412,73.24524534349003,-1.474499843379206,0.835531385419749,2218.225471287252,0.4668041356877323,0.1293296481130116,32640.282196851866,0.0877143549018906,28947.50872617971,63155.68826603621,0.8356351035241509,196.94914763263475,2644.035412713816,45551.92898628391,0.1333593853825081,0.095135789810017,0.8321271824866766,356.24449291836925,2291.6859811361333,42443.17392239393,0.1302969027357117,0.0884542282139382,59097.633168453714,8.504060096277389,69.06512654656719,595.7498177576907,1
54.69843284604678,47.14582537015268,101.51952539118724,89.12080706979319,89.8695287129766,1.394327354900006,209.0535269978869,81.15010221104323,-1.6985735723150024,0.85389797745126,3910.9109432583073,0.6146353334664537,0.1413277211619813,27013.188743032923,0.1009035054287977,24519.318252258458,42260.28876435294,0.8467714095200864,158.79802849260193,4311.806550745697,69019.49859107913,0.1453031634665929,0.1058482453425862,0.8476892136336208,259.3922199656304,3832.646471905432,65203.732698015934,0.1417759050872341,0.1009047645597365,48215.009644326405,7.003281431425295,70.91522050596848,451.5748237137634,1
22.827009111731087,19.52268656929411,70.46075515783919,61.63622922494793,60.5787065280252,2.904171242463053,232.4726576714782,61.27972107162247,-1.1028448857751314,0.8458330190163638,2438.6598053359885,0.3573202253717472,0.1645732124659037,22843.200638042792,0.1139420851968249,21198.01849922237,34841.59740312519,0.8359027034456352,625.2412693474372,2775.484910943455,34014.02201135568,0.1680512207078043,0.1207804179898989,0.8412624959995953,1589.0171994259929,2352.346130649086,32165.55013206331,0.1634703613363079,0.1121201154227685,38117.2838425223,5.093300701396371,36.640782737940064,473.534064246406,1
29.520403519417474,27.789047330097087,78.52663514079921,75.28568178518019,73.42681287711764,2.405771287355479,219.2263577063107,74.52167310175876,-1.4401303998438415,0.8394103489934188,2418.062006145742,0.3455703883495146,0.2050591394127247,21836.30355575066,0.1425899621984335,20761.202890555804,30222.38185908692,0.827187949735332,211.71172264584047,2731.384528112714,24509.867153900952,0.2099984541457996,0.1504511672258352,0.8364381904776121,470.0783577909712,2322.314215301893,23611.83656323513,0.2041704303676918,0.1410202506240996,32054.750644113363,6.700333737864078,47.110500642107,413.3495104299702,0
83.416420722135,71.32830280830281,117.97335081367775,101.7850583459672,117.36644697949208,0.7301426737547505,215.5664573521716,73.64379476131117,-1.6063896262667123,0.7512743417047798,2629.122935584311,0.5237289186507936,0.100338157979302,35125.967774397104,0.0658930063122685,26264.12347743802,208110.529615116,0.777202593564273,180.37068538398017,3108.9856729975227,54415.99795623452,0.0985222540082842,0.0681512252729909,0.764082349458767,303.5792676672707,2676.2239050907724,47560.41322210446,0.0982441393654008,0.0653304238512629,169431.0201260442,8.264542124542125,97.13262921045902,503.3489170880641,1
55.55718549868688,44.69356670612006,102.35440733295154,83.81278891133927,98.09662333358914,1.3552302826767595,215.8204512033284,75.39467162634386,-1.5589781592595362,0.8101251810483848,2832.156363827633,0.5220713422671354,0.1398921265893682,26227.912580377924,0.0921787515928348,22355.4851941092,74605.54198061724,0.8202168274161894,151.97174203327438,3330.0608586861067,52564.770303270896,0.142238398575164,0.098635848401229,0.8144811639864974,291.80801318230766,2800.418395547079,47946.10002205701,0.1379172487218809,0.0904643427264423,67316.07718656339,8.309932291604397,69.72026481572279,581.4832208068647,1
29.99453466420518,26.80791013486029,77.61347778083142,70.37290349525382,76.92917545452615,2.26607073944307,228.16173500074748,65.56157024498778,-1.228079112457087,0.8270073533068898,2618.2457921635432,0.3832543320144683,0.1579937303349333,24228.09337308348,0.1066869231810618,21725.89973255343,69868.50303236797,0.8259020013866144,450.8152077386616,3064.88807484935,40595.84995242626,0.1614381123377078,0.1133303947058556,0.8311001511950992,909.4476768770191,2580.453647480676,38507.309355073325,0.157177541330452,0.1058326634482641,48916.00842311791,6.310658447802914,46.37312712894787,504.9630471859011,0
32.49741668218209,26.412485260348788,79.31059009373156,66.48763450215132,72.40435513609145,2.1733730823302526,214.593713150872,77.6019207047951,-1.5620600552982689,0.8412376880347721,4512.299332709697,0.6071655761541258,0.18465912932615,17148.809466791394,0.1246960016884669,16131.419243725317,23137.01914561896,0.8419150178383922,161.902288815479,5230.887682869278,56859.80797546012,0.1903239061372307,0.1351076556230878,0.8462808675515953,397.8345210113296,4481.369585494161,54480.88347075576,0.1832574099573848,0.1241943233757507,22648.430872166053,6.958290665921926,45.766632187555615,621.7011564057792,1
67.82891356088062,64.01064261372856,109.7723534101937,105.17716462249832,103.328630343585,1.0729413285605691,203.29869976199487,84.38869512414607,-1.8379701272289903,0.8502166678192322,4965.538748431962,0.8344972459532374,0.1477586003405998,30123.58825213211,0.1057210038508322,27201.34474301495,120246.89733033616,0.8449624276994752,111.79466299683232,5420.81814776512,82944.66894945563,0.1512216526898735,0.1107148272734545,0.8481096518551211,282.3052545831983,4576.361899673286,77633.56592535497,0.1450476721334254,0.102151453965965,212522.21612199672,8.414013901660626,87.9280726073419,242.51226268495375,1
55.79670123059964,52.86868796134609,102.97045476991752,98.76882793683252,100.34615513588804,1.3579033430285283,210.9602179948798,80.34022584276214,-1.644498065936956,0.8516864189562973,2897.7609170141345,0.5306828348670757,0.1450778915130867,30785.34464799121,0.1054267447102804,27894.38029288572,131389.0933421643,0.8447155350021626,131.00567675548274,3268.621425081199,47020.74134115145,0.151004229573262,0.1130900346470708,0.8481627806847323,237.71869453454923,2842.1680335393844,44473.44289736214,0.1465366019524776,0.1060458041665776,87972.42346532835,8.343723117656452,77.10630542250757,534.9985160862565,1
26.742778318727687,22.20743977644256,74.21921977605732,63.98145794109936,64.759726933103,2.6265496134726094,214.52389151447505,77.65839603658918,-1.5636213423641057,0.8170768034336063,6136.070562628129,0.5791363742964353,0.2241605487574075,15103.318189871175,0.1475125948256628,14390.977707549751,18558.38328566728,0.8102018373283343,148.2039927230946,7230.688385675986,51540.19875047875,0.232027068027477,0.1609975857506215,0.8157191812481076,247.0113479879635,6023.132911715204,49076.69760799714,0.222863947672033,0.145358267383145,18918.257943591576,7.169876742584369,39.99402689674297,421.94197120708753,1
11.081499066991022,10.42011782291392,49.88272363811957,48.070462927182,47.08245929539388,4.516101204975521,237.2090623992497,55.70465668047393,-0.9581391571695947,0.8136501773978894,2471.937319807795,0.2390982434640522,0.2369240557045035,16753.463997152518,0.1647032329828154,15996.40120619476,21063.88560242036,0.7904991768699869,809.6403399737965,2914.4113615748984,17501.92505123123,0.2414533031842806,0.1744427793274885,0.8153696016667134,1611.726631077353,2419.939701193078,17503.70044068647,0.2356599804520976,0.1647347671874696,21449.196875783746,5.532049591136903,22.551425163274413,461.8346727898967,0
45.95899636450325,45.395032481077536,91.32955853654832,90.79210998643124,90.93914930553387,1.5359683173143306,211.3918737707849,80.33332062800761,-1.628519494338372,0.8493699227090893,3264.8017886582147,0.562491793592437,0.1568171966003708,26386.86402696118,0.1150877780735668,24134.9744901425,42538.88640707293,0.8365242499889651,107.15968324964486,3613.263471032533,47075.47470357399,0.1603757138980885,0.1198736919688931,0.8502714963629928,189.9040670736192,3228.696138854159,46588.66989777157,0.1563078739666035,0.1147767757238893,45244.84837831875,8.562126268947296,67.10055125301666,472.8441691860636,1
71.00478883912879,58.97606949979685,109.4171424865297,93.4688171855213,95.52102384511753,0.992675128362866,188.57471547721764,90.61024065718829,-2.1330464654605703,0.8762652575774629,4614.957534708062,0.8589028996101364,0.1439401976662477,24227.66354013369,0.1022518171953444,22788.728177521178,31796.718097838613,0.87306029235807,34.034957517801246,5056.2292318805685,84370.05735956796,0.1491866191725226,0.1093069613994859,0.8758188413565215,81.16001565293182,4577.56074849474,82061.16044255107,0.1434131097787501,0.1018281867013612,32003.04259198321,8.423650200181692,82.86686400033014,469.97586846990185,0
47.44866841208845,38.318504286136566,95.50354762007292,79.32816932416736,78.43866649012467,1.6399340662722286,209.61432512703573,80.68217736159286,-1.6875725107005806,0.8357004758008302,4570.337302189959,0.6462586369346733,0.1598049318937313,21872.788344521054,0.1074179624620033,19948.25586820405,34018.91861818992,0.8396756800525693,127.64386492811768,5300.882237187754,69742.81779624589,0.1661442020488729,0.1176007136855281,0.8433168615156782,323.3559725585149,4517.437732041969,66533.99626715093,0.1593343652537611,0.1073775228712096,32844.642927764326,8.424552735667131,60.69082999087503,485.937188885872,1
7.569561411750743,6.554142332247041,39.91668852125094,36.32857590930929,35.89089895195918,5.6835755834439246,232.59434666719412,61.59322042121978,-1.0913045224578048,0.7604272963717165,4641.360055937669,0.2484048888384755,0.2945010120619483,8008.82097091812,0.1919142100586012,7804.378706539059,8999.007306144582,0.7451770152462168,324.8076188961349,5515.659827156566,19518.31445840624,0.2990287336757816,0.2033225580834738,0.7655256137176314,855.1231941391941,4365.273816849817,18664.090871794877,0.2917610217360039,0.1869357978044791,9114.400263736265,6.742944460653654,15.54419073876637,555.2424824056301,0
73.67249195671249,68.62965688066686,111.7334556751068,105.08393201065851,108.98662323756128,0.8967855301667018,202.8929145949108,84.12905054941328,-1.858112687524652,0.8505446202746139,2927.451283210853,0.6568589591254753,0.121977104829784,34248.23207461843,0.0859189394856211,30635.551730246283,63895.026534765406,0.8494334376627243,70.40729627630868,3266.3755207771183,63266.977398812734,0.125075037903769,0.0909352108309526,0.8443602614154833,168.82917976696874,2796.2806547068617,58201.76373219901,0.1185078719684199,0.082224313121281,67387.2214837248,8.90911085112606,92.57074501575627,543.165892518878,1
53.66203999573947,46.21226766789157,100.83063936232456,88.85361014617858,87.36518253731441,1.4419272706760935,210.83104995473184,79.96478449903833,-1.6570650563986455,0.8491173634220137,3918.459721142587,0.6976946946397188,0.1355446019786919,26942.36363636364,0.0950294688515948,24344.51720253544,52182.16280785996,0.8496064274185025,150.45054298600283,4430.569215541632,73185.36812863586,0.1401242582022015,0.1017294391649175,0.8554629870726744,297.65196237112895,3885.5332980194817,70610.7918248433,0.1350304001690643,0.0949150633905146,58472.778121106894,7.7201696224103955,69.7021304322199,478.56793722934447,1
35.52454116658105,29.739823160385438,80.77002129268028,69.58570349454004,67.20920637807276,1.9867274171531408,209.70080480704868,80.69064934165621,-1.684180096301411,0.843738987917676,2676.4357993953404,0.4421249201434959,0.1911287529774051,16566.947514671883,0.1298768036815844,15692.250158991244,20851.471923350524,0.8345600354320137,105.6237665872746,3081.488048656005,30951.67476182375,0.1968895397999296,0.138892047130681,0.8455261028944866,218.6002620067944,2679.1654195439305,30459.484357306213,0.1911803661677587,0.1313560619374708,20827.17567777605,6.818887280312583,48.75499404901521,473.35890307685065,1
44.11894103371376,39.29595057720058,91.97777278111008,84.56890955546343,86.88945412018043,1.7406095443738243,197.38997113997115,88.59725926411996,-1.9507385218865243,0.8581003951794499,6817.511904980786,0.8047614820075758,0.1961078691716501,19538.28549890603,0.1406482322872971,18744.334474392366,23548.78695140561,0.8495275777467154,51.09655264208705,7625.690909090909,77094.51476108079,0.20272872176885,0.1500787609059973,0.857193029748985,100.65801324996278,6635.821330206938,74938.94497171356,0.1946392271986997,0.1389993718950358,24348.821023150216,7.761630099698282,61.32587965183311,556.6418322667563,0
42.71488126882864,39.962581959950384,92.11598390388306,88.11830221378543,90.05878013348791,1.7765349578102232,218.72165514797092,75.16825335810451,-1.4478856391353512,0.8746194984701794,2554.9754287417823,0.5029434974747474,0.1416651756698864,27171.18114634491,0.1069257765875988,25022.080110754545,163485.01837352707,0.8691813428237208,269.05888944411635,2749.695437544481,47593.8895652569,0.1419413593369904,0.1091314045868599,0.8778203640159559,529.7482831814209,2576.9786178049694,47089.17236858534,0.1414224070476116,0.108419718991492,135111.87623298788,5.663609782030835,62.55842583284927,450.3414037412713,0
40.504998187186,36.20013937479106,90.75070169352942,82.14577221462662,88.8046573720084,1.848522861703456,221.57533537059095,71.926399177796,-1.39411947538703,0.8338945376717215,2261.0630238139192,0.4473605972515856,0.1499050903159011,27955.074284659404,0.1040586327155923,24867.10211482554,59747.54364039136,0.8318073636249677,253.794070596418,2607.274665275604,37562.88589810468,0.1538576174699494,0.1105450739840474,0.8365512434649309,569.1785223686653,2234.21002413217,35570.055949508074,0.1505347503422272,0.1046610772835717,61474.98067570076,7.231432782269266,58.80435136568904,582.7325055027202,1
53.47065435568045,51.3673825772782,96.81966717409406,93.99085193614624,96.36314046524932,1.3198559592626258,205.6447898147617,83.8665443689509,-1.765491015157789,0.8769545283889345,5314.530689688592,0.7962872815349544,0.1438812226045462,27932.58669380391,0.1067023023756896,26240.732571678785,37284.84991761908,0.8711487473636872,128.62465940054497,5759.582004753899,99877.66390805264,0.1473157956021105,0.1116295548339147,0.8760076142654013,279.4836867740727,5260.558051704758,97533.9377144998,0.1435140411863724,0.1060976296073362,37754.454657174974,8.016975397144003,73.76270834526117,573.52063405302,1
14.64526425724078,12.058926496329963,56.16860198050928,48.00779029234312,44.272919910621646,3.913911887396541,231.00776664754423,62.84885511091844,-1.1452348643478014,0.7986274720488574,4283.519881092512,0.3715236598671727,0.2354411926105047,13515.06593779303,0.1503893688570984,12901.27836980998,16484.85150529697,0.7919588240742254,412.7686822166097,5222.792081414352,31715.38497251523,0.2437628486226012,0.1669118791108429,0.8002746058693151,812.2294153993342,4285.194255645692,30155.797392916225,0.2356167811293268,0.1511719767597472,16488.88808275697,7.1566751982113175,25.02456442127789,485.495881997115,0
51.32092564528157,45.07215607033749,97.7109855905548,88.10892770399438,91.97841676259428,1.4858167423810025,196.9051021144548,88.07055569810667,-1.9789212441676731,0.8591680730199875,5053.592626434339,0.7906586021505376,0.1797147194211029,21982.548470038248,0.1251360360252208,21036.6612111848,26414.7425520612,0.8523987635206919,48.75205031189283,5742.87483382759,67388.52095306269,0.1869668318384276,0.1343815181583878,0.8577108921436554,114.00563948284972,4907.6025943777695,64726.40137374783,0.1790244890844942,0.1234750407169893,27730.9226215508,8.485516345529335,68.15492364218032,541.5295211000473,1
66.90064854299929,62.83387526652452,109.73713600586248,104.41974617986445,105.91024388599448,1.0863586291667997,210.47448916133615,79.63047663228812,-1.6774548912071887,0.8427333881894633,2919.650835920552,0.6264729817708333,0.1337044076687323,31763.228718774764,0.0946918982079944,28195.609726949184,393970.6421584547,0.8406160131189304,102.31741508032202,3350.8078117578284,54932.21424482687,0.1375711643285167,0.1004381600051537,0.8484606476435229,229.4241868520924,3000.5548763403885,53519.869081276585,0.1343995819489695,0.095994828480546,295536.98576195206,8.088859275053306,87.3599100578531,515.5293920522773,1
29.890212000388992,22.47932023728484,77.79042185924169,60.63789739150808,60.88590796682263,2.409294258797945,217.4641592920354,75.28726834312934,-1.4957047134539887,0.8209225049528566,3925.377255896187,0.4145049778761062,0.2008386090052448,14853.688444474095,0.1340978686376405,13680.667390807552,22661.084631550857,0.8175530471925664,139.60086617035736,4471.917761234135,39809.18278091264,0.203892648387021,0.1406146182719298,0.8223398500636545,435.940734218369,3745.969046328908,37555.90260092116,0.198357346422032,0.1310431759117763,23139.7137632078,7.9669357191481085,40.75249729905379,571.2985518439855,0
35.77745238950772,30.92641034854473,85.74275616871034,75.84061664840938,78.99784222703255,2.083466243140174,218.5445957599713,74.92636633375437,-1.4596492272549546,0.8424265298102347,4175.294839736303,0.5379211956521739,0.1732837020676478,22475.30765830618,0.1221431500922771,20538.10985206372,34534.76987194059,0.8330809377582132,212.83152894654356,4738.631953319027,54357.95384949244,0.1780582796124931,0.1289718751607133,0.8383213375487769,356.3795143848194,4132.460467251582,52044.53672719853,0.1715354016833415,0.1203356696788088,36384.09640889614,8.13092705713259,52.00197908490741,481.29668813247474,0
35.3944151370622,31.723954569542805,80.26950822897341,73.31299161846158,79.70097419932132,1.9111974105329697,215.0583959628077,77.6074435737847,-1.5439860739344446,0.8376118162611206,2836.7177056774167,0.4938389081122645,0.1793910253069535,19142.076276299656,0.1268325597501404,17476.783935485735,33148.00936180152,0.8326696250261606,129.13295500608027,3243.5193647050155,35546.08328112909,0.1832289556336373,0.133638028646518,0.8345347844889183,266.710398291342,2808.5177391923426,33226.902029031364,0.1796377379260481,0.1261307044013652,37630.75629869873,8.354007081948259,51.68804203985051,564.7354436608168,1
53.50467200980582,48.51639843072262,100.6247106387418,92.81203745519092,91.68427994785948,1.4305897512108308,209.5969943763245,80.92364041916277,-1.6831795525448487,0.874662944295995,2966.707786122032,0.633005115877712,0.1382750728609134,29980.273591450725,0.0981780604404007,28335.45349713892,38350.98623400967,0.8664433875020263,111.24788868239666,3367.1299254275564,60835.5994965772,0.1437080092091715,0.104914093942396,0.8667995690340744,201.02371575766583,2879.752860751969,57658.5051765988,0.1370937628955817,0.0948317535755358,40367.56073215436,8.086914488193734,71.95678540318525,251.8919241169332,1
15.319488665611711,13.347481458885436,56.08713616099938,50.88662273648921,51.25322789656741,3.720581265041747,219.95799412785263,74.07851386779254,-1.4191161799500969,0.7937096256975109,6278.344370628141,0.4392311255210746,0.2724589196814136,10499.661446799537,0.1791134619285941,10234.70189785712,11611.095803015924,0.7831190840575651,167.69719396644706,7260.149096460515,34566.2081708511,0.2777487304851543,0.1896444088930016,0.79210145642628,366.87741012341263,6041.555642997675,32833.59259524236,0.2701378579963835,0.1744663227501008,11824.162743695224,7.144020133076586,26.71288027239455,539.7048380311318,0
8.218838964286252,7.361927427736522,42.72177214785187,39.51220490974136,37.60993420556506,5.384974477125325,238.80105137899352,53.01795675400472,-0.9166110661054222,0.7765910429940377,1698.726617826618,0.1623968908629441,0.2542213010389683,12902.019108669108,0.1661014539681074,12423.331629478876,15104.821367521368,0.7505503093997945,587.6813198981287,2201.0770678773115,9520.726165430186,0.2612249573679892,0.1824956767412609,0.7742498251541254,1095.7574029126213,1716.1811893203885,9266.703519417477,0.2525992478965357,0.1663396153751319,14906.021480582524,6.495360677220624,17.229185489314332,625.5976539589442,0
12.129825977254596,11.360169570137844,52.33086586415091,50.074479665926525,49.85292742392576,4.283811233090813,237.03995287657,55.79165669208585,-0.9657383301530996,0.7998000517439883,2675.1309906291835,0.2446933962264151,0.2356369567502645,17074.2234270415,0.1600574291475373,16065.470131955171,38551.74076305221,0.7742971195287033,705.3833197159198,3208.272767267928,17887.485701715796,0.2384449184855851,0.166621219138649,0.8003169066793165,1780.0657970523462,2598.591326444181,17787.58776893105,0.2329467499637164,0.1582569863356322,34505.12505505675,5.4298064970965285,24.170608483309618,560.6919374247894,0
40.50353765444881,28.39391063252111,90.11188474887122,64.79486813100218,64.80094151779629,1.9118240498237888,219.8782414118405,72.55864381263056,-1.4521395415901803,0.8273432996605296,2112.328678345946,0.4256299829157175,0.155686818745154,19475.795020278463,0.0997813572182601,17506.895571225537,31080.064431157756,0.8256590932294032,256.584897755611,2482.524588528678,32130.9873117207,0.1638452757220884,0.1106272840787836,0.816456621159019,451.8640288696997,2041.744211023757,29075.75963397345,0.1567619212454588,0.0975438647727315,34404.1644971431,7.623961712799981,49.43750688138953,423.7170360420864,0
15.956432668669764,15.16782299918055,59.91269843631033,57.91589169024407,57.244474795715696,3.6358027315090617,235.42760369922348,57.933692225998456,-1.0135240245568105,0.7945251186491857,3153.69130998703,0.2879272227533461,0.2230723387789617,20167.99297016861,0.1491033833391663,18553.67726390856,47136.037769131,0.776767874689761,586.179986438051,3813.940521166328,23353.70711033614,0.2284273576579048,0.160068006695553,0.7947221441867659,1253.7346495871268,3005.12529112852,22410.71972263392,0.218910406750855,0.1446290429497272,51200.715964429386,6.64772700667265,30.10494053569312,554.2071469086785,0
24.894227616891733,20.07847943173835,71.25025429615933,59.6122851529643,65.39544901536973,2.7099107517118197,218.26378502849116,74.94187783942388,-1.470588249078412,0.808788385432231,5371.162592602869,0.5074946316048862,0.2158115840396166,14837.59200632613,0.1380249090812887,14061.778828945196,19331.32168918732,0.8009886683099656,173.19938781598162,6532.908535557256,46465.466764374,0.2262224047126221,0.1545499958380068,0.8142611797916732,294.2352404265029,5360.409727696414,45138.58575004495,0.2158615705155249,0.1399690366919408,19227.986364076394,8.061310592459606,37.34804597427096,512.0656168800676,0
24.61842979541878,20.836451594101533,72.36099174670244,63.0783943717654,70.27510810450485,2.7282942920522144,226.09789298828463,68.02589194939215,-1.2746076317477937,0.8200307247034012,4389.942850310856,0.4884499584717608,0.1890055261201569,20069.39343216961,0.1234318117166065,18669.430070128998,29452.19736702269,0.817879753460117,349.4046734660919,5368.874678559449,50770.4216430426,0.1980985359278137,0.1381181381727224,0.8247390007012616,699.2154901702072,4482.538540704579,48561.63314421428,0.1919941813629675,0.1268497374472408,28839.742802480538,7.083808358104564,38.85974315968745,608.4377214193331,0
35.006531511147315,29.36946329984614,81.11796420268722,69.02248219211377,76.20958555837277,1.939664757790886,229.94332820466408,62.93528222992168,-1.1944018160018552,0.8018495129167215,2338.873183494625,0.4061583765443953,0.1358759524341339,22964.75536676859,0.0880839127315595,19329.76328687793,146373.1526494972,0.8105860922533566,656.9853610742897,2819.6057575932223,42825.127082012565,0.139789813261143,0.0970248544908972,0.7992913405989565,881.4978005404387,2359.4830955822285,38037.72868095268,0.1365683118011395,0.0882916237140346,266792.1282756237,5.771207047394937,49.55350108062785,504.4790089470062,0
29.24803929366847,26.96396356983773,78.36695565630825,73.26085129494913,74.87912006026022,2.402086610413465,222.86600381800827,71.0804018984589,-1.3562386532885558,0.8051946839571257,4318.613093060614,0.4385672433035714,0.2016741065865909,21472.091676872424,0.1359966175369766,19385.98261456213,39598.28435099327,0.7951741512941605,226.83779153642703,5075.329165664823,39461.42350925703,0.2097113810431552,0.1476390160337128,0.8068810215167824,456.7289088863892,4179.662606459907,38024.307793668646,0.2015720187273674,0.1345694872739377,39134.33350474048,8.462428412344893,46.41514663869285,461.1289357026485,0
24.446448426274376,22.541506300604404,72.84776574474404,68.4265638225465,65.07716806548372,2.782299798899785,229.43568608165128,65.24982766808665,-1.175373859148999,0.8448982323373968,3030.4943636982744,0.3681838576858108,0.1752055206053074,24303.275166221614,0.1250652519068121,22784.70087094021,33854.078388501584,0.8302542635423307,436.92174183622313,3412.064739744498,37776.84548896226,0.1787684632938066,0.1308003038933294,0.841715046860124,850.4779701824243,2798.47706269099,36218.06328363738,0.1710376756040511,0.1193111439114708,37716.29421242708,7.190194149846048,40.48240493767496,235.02958924027627,0
30.009987304274222,25.95924672027084,78.65955682223476,69.93041708110549,69.77335921109533,2.398146199731995,218.5922744157615,75.18129398516368,-1.452797244674582,0.8439783423880018,3610.010666264798,0.457421875,0.1932485045740727,19812.757924348218,0.1338035866949699,18844.588815665425,25142.777699636645,0.8371293146799489,187.56224354573467,4140.565340954449,41560.92508741398,0.1978695559247925,0.1408824804878694,0.8505894552145596,503.6313862483625,3516.662826240301,40852.761748009805,0.1909480856391488,0.1331248214229636,24754.56502972692,7.497145812761556,44.9868632640292,288.63677661465533,0
25.730027753333783,19.774378934542742,73.66000403007544,58.52043961037557,55.79607534111178,2.7335980365843846,226.23925404454076,67.8485565060447,-1.2716886299370398,0.8327897126614147,1831.4584634982257,0.3260581487341772,0.1800065385536185,17993.671256558795,0.118516378174941,16935.989343278165,23651.01201055473,0.8214755436392918,348.81864745203575,2153.954365251613,22033.107648233352,0.1855599933168536,0.1278138399892227,0.8249511607223986,813.4740861291938,1717.2523785678518,20490.84276414622,0.1769258996364123,0.1126644484457766,25819.769623184777,6.05150612604075,36.95204460091057,244.9065095097776,0
63.94783388874647,60.29323459709441,104.2961900819372,99.45214639146684,103.1942153878794,1.0789222781059502,200.198648698136,85.85920646095933,-1.91480984605125,0.8732713433144541,5834.130384457416,0.9539679901215804,0.1377452292603691,29279.315886094068,0.0998442011528243,27078.468467436986,52377.789089822894,0.8746151461659658,140.01744248388596,6468.3834248746025,122304.82344250772,0.1417323256061643,0.1053830233376051,0.880807730370107,245.25689133425035,6066.554076111876,120974.28144276324,0.1401958038060317,0.1036931008932165,53503.53532018951,7.059087413483722,83.41232039990466,499.3915778792491,1
22.4408466819222,19.38504958047292,69.6163555441126,61.48934312083831,68.14596470330395,2.8887833734578527,231.3124887317107,62.33378569530496,-1.1400323758969195,0.8379651155605172,2701.9348763331063,0.3294706937799043,0.1712129342990192,22051.86691626957,0.1172544043730605,20450.08691794676,37404.26232887073,0.8282952069039715,492.8980306658565,3175.127953107688,36303.6483434004,0.1768423029854688,0.1254297816958681,0.8461598373851816,1017.8676668159428,2739.2820197044334,36359.458538587845,0.1721373002246731,0.118551783682868,33132.58977086132,6.691508910616462,36.83971427604562,490.5168368702783,0
55.61749188311688,48.611781584643424,100.93932161414811,90.48777137636772,95.80252054868652,1.3622251968149717,196.7775511221235,88.71639121001076,-1.9688283557449309,0.8762319394096116,5888.023253983249,0.816149259868421,0.1612665010705783,23815.7618159204,0.1165002316241224,22753.92067741919,28855.68530763902,0.8686890385910534,63.76164150379169,6460.604760115629,93726.1858423365,0.1659853589566821,0.1229944009742688,0.8718190904841975,112.29412611344772,5729.635780652796,90439.9559098687,0.1598104021124817,0.1149185421738365,30190.95789288513,7.284194150148098,72.33463181883604,546.5810739704783,1
62.15265254167693,59.06558265582656,106.99615588752847,102.8834907326114,100.48961413355715,1.1983339027208757,212.77391804221077,78.50687610956591,-1.6135942754437569,0.8680638464175215,2649.266703381981,0.6304766414141414,0.1180170544475498,35247.47565524319,0.0851061601371406,32240.131946159938,268432.8623926703,0.8641093468660014,190.53545090856508,2920.418108642213,58908.30006747964,0.1212240479959035,0.0899515525765342,0.8680979614763699,342.24140319067226,2624.4624711970687,56878.79007542276,0.1179750218521949,0.0855981735940288,203244.8110149964,6.818399441570174,83.25110954732334,483.43159686111375,1
73.90773844641102,63.77243526712553,112.23223359351567,98.70093564608514,111.77835748052183,0.9182402369763442,193.75040970173717,87.67113798503422,-2.095886686518831,0.8395349408989425,5908.408496255735,0.99617671460177,0.150704411442669,26879.02287506853,0.1030482217936171,23965.55439326564,57034.82214217799,0.8438555625153051,48.789298624277535,6734.61221289912,102453.7895347998,0.1552394745497042,0.1106838150069883,0.8433976658363509,83.93459753127537,5914.460377594139,96733.1811646996,0.1512996372171109,0.1043394601883893,56252.50569305385,8.047738446411012,88.9969964315096,479.2081205311542,1
75.86353537894031,62.70885431637444,113.33328200141528,95.47192382520498,108.53767793148016,0.8776225300494074,203.03200452716297,82.52464317070984,-1.889180981928141,0.8440552013290823,3786.208968167342,0.8886187287414966,0.1132721551239606,30562.328665839326,0.0740998465073132,27012.83446930044,62560.1868841674,0.8538885600196645,87.44971856888097,4434.454845630851,99053.5683097414,0.1181351052940608,0.0819485348975572,0.8484418251565883,160.2883951777507,3904.305237808549,92600.66512973378,0.113925297406129,0.0756371604684509,59897.24174388041,8.695596196224969,88.10003654517858,623.9431301869395,1
56.25573665490788,47.907961200852064,104.27233343363324,89.64045174887009,102.63031273693844,1.3373172704938805,227.50940622164427,64.56426737762415,-1.2773595161036273,0.782581045433812,1138.9583702179582,0.3271934493987976,0.0827810120001802,37275.42309256645,0.0554740763903016,29596.681315733716,177916.78362083403,0.7964707885566439,378.5867627175934,1381.1233733310798,28072.80872908569,0.0825401898438536,0.0590637284908495,0.7793301072226705,966.9203022693672,1167.0712961441882,24110.54776935533,0.0827617765314486,0.0556647108670579,147905.61364436414,6.31788516500313,73.66220679956038,613.2260547527412,0
12.071897796973106,10.818192816269253,51.31927621167346,47.64955837279822,46.590583875205816,4.358630566496549,230.73984280800235,63.80889271182949,-1.1406007608481854,0.7817756967265134,5034.544219009961,0.3404616878531073,0.2639024202269329,12651.80490914198,0.1747571755104338,12188.66623841585,14763.679414878676,0.7696556293593562,411.4303754128736,6041.037420446306,27535.772617417224,0.2706622466218015,0.1907189410790437,0.783621125754705,864.1868039411048,4725.807660799292,25975.900431750248,0.259421586279113,0.1698394556196289,15553.532314845566,7.231448884372341,23.02615090388513,472.38534998425854,0
10.957066993464052,9.323951525054468,48.94893570384431,42.91459032182441,43.35132065016969,4.529111924583698,237.112295751634,54.99589766055168,-0.9757657394069664,0.7967757648750208,881.9369835739174,0.1282296772875817,0.2297097401655956,14411.139173718268,0.1501395303742235,13789.571180719056,17405.68551518168,0.7567300020425747,429.0715063520871,1178.093829401089,5915.47332123412,0.2382507483395779,0.1661062244945134,0.783419690699884,793.1758166747928,945.0319843978548,5913.948025353486,0.2316808198124092,0.1520527949381256,16962.53603120429,6.108796296296297,20.75609370543268,457.4383913958382,0
74.05794657553854,61.35321691834252,112.8575061810943,94.9521069854489,108.78933339794564,0.914104605483784,204.98478315322407,82.02499871040224,-1.82926733190304,0.8272873948692103,5559.263960228076,0.93139922752809,0.1216525999934533,29743.355714857924,0.0824072885633808,25362.429574429854,72218.56455280147,0.8327782036754124,142.5595911398811,6254.327772123882,117238.0650160997,0.1251536574901425,0.0883392572734327,0.8175767351639605,259.14729740340533,5612.961488980026,103721.9149991242,0.1249168869383963,0.0846489746255161,84453.26954089984,8.028496922636513,87.14506297199807,466.6112037672913,0
38.23934049693359,31.60120585701981,88.00682456798317,74.03527536916667,74.17650270358386,1.9628586753508388,221.46256524665472,71.90633761822657,-1.3992133043156545,0.8395477164468309,2455.4933981178765,0.393919341985428,0.1536713614412295,23868.065404692665,0.1057356732337038,21717.874145957718,39887.93208460524,0.8339097461176429,251.87070356762695,2834.846547402397,38280.28012224016,0.158425167393535,0.1131179878460754,0.8337719027799919,460.5854272279774,2399.654948203659,35671.00304900448,0.153491898609008,0.1039394465805206,42077.67577694512,7.577940629662576,52.72003285002391,464.8751645721125,1
28.54645638413932,25.399709411936232,77.70251982544121,70.70598833233146,71.11020503307333,2.484013513168927,224.00908967507428,70.04836468062547,-1.3272648319296496,0.8368526737690257,2699.1931445976675,0.4170117622494432,0.1831668127044173,22468.31546116454,0.1243061195958954,21104.842598547628,33381.39037823629,0.8282973784391022,307.6732950039651,3165.3966296590006,32725.598255352896,0.1896686339008943,0.1340986640695942,0.8414609016485846,589.2334754797441,2644.8375350140054,32069.08131610853,0.1814365105444292,0.1222956974971464,32534.155085914965,7.048484970363034,44.53877906047546,605.7486867339281,1
78.23488853643492,70.66177636796193,114.0183769816546,104.49513162831846,107.45811293714856,0.8261414491849715,195.31263106881664,88.05947674226564,-2.033422334743515,0.8715970325638427,3662.016657995554,0.8514416881443299,0.1270697456458395,31969.218540415262,0.0919172415889236,29318.32459577944,48559.361046209146,0.8675161699540611,70.18059217476781,3953.9657795375415,77787.09017666026,0.1300051750878549,0.0952136613299828,0.8582571237271078,119.21461792724187,3518.707504948371,71449.68637564719,0.1253964736067114,0.0888152260793337,53938.97147008064,8.463675213675213,94.4150748053558,246.80583544057575,1
17.081278560361167,16.48177642497031,62.25643416599655,60.64616271867296,58.23776961252834,3.4752475870649904,241.56813587849905,48.22398074563021,-0.8355924115234784,0.8363242609584972,1201.1477618100637,0.1879160085740072,0.1489743732221666,30660.04622715845,0.1057712575940492,27559.65232476703,77964.2416794867,0.822298721767355,1716.6637934105077,1411.8653250222617,17992.191878895814,0.1508958466353498,0.1100144216933783,0.836626355177442,3110.9362434064674,1157.8266187600336,17328.54812323217,0.1499210612179133,0.1050821937282295,89358.49464872717,3.741491863492288,32.08821288554834,528.3598464070215,0
29.370029239766083,21.997813109161797,75.87536071701251,59.09309198059994,60.98913481893904,2.3857353988245213,214.9665021929825,77.58909795401657,-1.5479042363945328,0.8417722091440586,3219.338589635332,0.4604582609953703,0.1934361304169827,14250.646937533138,0.1318232252391989,13592.358052232095,17362.74814916639,0.8325712210541582,122.99340725202278,3716.325516931376,34981.20002996704,0.1996427295648051,0.1406092958240314,0.8391758893832973,295.1200238260697,3173.5703166881763,33502.31071180383,0.1939915855634161,0.1317214944512876,17858.50340514246,7.916051413255361,39.95399036125461,551.4672660859792,0
21.947889420521,19.950723019670388,68.4538575817378,63.71208948777953,64.43608139459725,2.966658881320189,222.33270069112172,72.35325695439576,-1.3544918646634712,0.8288216817124345,3803.475537707882,0.3753393308080808,0.2251930677721053,17375.077539263715,0.1557526249668349,16622.0173407069,20969.141370392957,0.8106728806608663,248.962352097526,4483.481972829768,31067.55073503048,0.2329068929716442,0.1663988006350269,0.8231624496511778,498.2372501322052,3777.543754627181,30221.014426229507,0.224589494437802,0.1546439980066656,21569.857154944475,6.785603402445508,36.81170362073149,565.9068744106687,0
31.25027897893709,27.01001611878303,80.53609897464577,71.32120696080047,75.65449353792762,2.3064009917993338,220.41450845461168,73.45001160314008,-1.4126134546686613,0.8402630825587477,3745.527454677303,0.4466599295190713,0.1773812585241695,21636.65231327049,0.1203826090403672,20292.459576544305,29684.45596809282,0.8330974418015293,230.7003728314554,4452.477568203392,47702.21969540633,0.186529062467465,0.1327337824623426,0.842423523990199,652.4641178268399,3708.494753387376,46121.14038509118,0.1768483128189426,0.1191965632199993,29842.68584360583,7.323080857395267,46.9188291116893,591.768944608805,1
22.51076787981012,20.517136448208102,70.38197082450517,65.18229617957599,63.14685572990268,2.9167672701231453,234.58100036516024,58.3663580504595,-1.0495258047720013,0.8513437673344031,1572.707018318252,0.2702170801526717,0.1560820807480142,27481.27573935114,0.1095246248475864,25532.391114054797,40601.80804458177,0.8364348313938763,714.8507142483387,1867.537439171158,25370.29600753493,0.1589772521030715,0.1130632261661631,0.8449057486866245,1204.9704158372042,1576.4634483521345,24459.88558947136,0.155653342386328,0.1073205979495836,41114.77101305021,5.157579683180024,37.90802415569215,460.5702470794996,0
40.92904520372331,38.35121469578858,91.2076564610364,86.18338727934018,88.64730604944049,1.825160165621516,224.14206088209767,69.64797399759944,-1.3291674120613723,0.8397680866762743,2550.1317766165903,0.443819573283859,0.1405074464990524,31018.01090790333,0.1011826498625603,27812.66245652009,72614.22792292619,0.8244191827638091,298.92711517252246,2816.517189223255,40699.97756420356,0.1418683566782011,0.1031059797857728,0.8305751623829185,561.4937951725078,2365.97794217919,38148.21283921997,0.13719186418575,0.0971583516509717,89787.69425882994,7.541576755555909,60.89767476253533,402.79548030862617,0
36.89656113014682,32.27679408893398,85.72427672617381,77.25384293424649,77.60834576378899,2.0449350502399346,205.35829616584675,84.4994532040028,-1.7624387597268505,0.838017019882565,5622.214628119595,0.6642266281512605,0.206371336758194,17971.53023227082,0.1439091350065139,17059.214436744882,22671.11518408698,0.829737135616846,61.06798027220562,6361.184853227107,54841.65744297434,0.2138076528620969,0.1546979432100193,0.8412305766114365,162.2617228727949,5380.759184801729,53224.42757702166,0.2054134751282463,0.142950407419941,23214.32131728401,8.66727761719722,52.86778713034546,537.95090082167,0
51.549090756788864,47.59286236464156,94.61227131799112,89.0284098118133,92.6817146065415,1.363127422670325,204.6764343045127,83.99495138421243,-1.797378230459196,0.8506180756939486,5141.265842918938,0.7790286508704062,0.1669812112094606,22541.81319224876,0.1180052831535859,20556.43145878446,54739.795889666944,0.843123811587183,90.98988200341938,5651.546876313798,71910.25085718023,0.1699589308707901,0.1225899998258365,0.8465236631679011,287.0716887989337,4939.063859406625,68591.10390482303,0.1645842360126948,0.1148011009750593,58077.49598657254,7.50517826954416,69.90569506896358,464.4375048311046,1
31.461426033128905,28.64628384740725,78.65732130925686,74.66133116279494,74.51131363225399,2.3029809219915367,206.6032269158021,84.70026962845293,-1.714165962983199,0.8741976872115111,6183.695209125475,0.703660102739726,0.2001007577370809,16763.602031504615,0.1524018704964153,16289.284601198133,20325.067495926127,0.8644382223859229,125.11584240341162,6604.395582712749,67035.619481043,0.2036054195614565,0.1578254787981609,0.8769473116236344,205.56734720500947,6201.498075794143,67431.35340160459,0.2015039336911966,0.1541396885362577,20868.442578218423,5.696034520875468,47.82172195750868,433.8674582403878,0
31.08438780859785,25.11820846439805,79.31315621134337,66.5703734786077,75.30364781821953,2.319326550301387,212.52223036412164,78.9427432207777,-1.6142498183936262,0.814846342155137,7525.011394866831,0.685615735176282,0.2072227150585143,16173.623038083326,0.1325348312537494,15194.33674706393,22914.37238753504,0.8140173187249508,109.3358059085432,9086.049984190333,72912.48164796569,0.2175838451975431,0.1480141143591145,0.8190993853586623,292.87657439953136,7442.674190831869,68937.74708919156,0.2079364926630902,0.1334225753823043,22809.47503844464,8.690285125345534,44.60158843612197,617.4214876033056,1
41.2880298972171,32.59495641484632,90.82988880735633,73.50741424014369,72.42670383031059,1.869870126401296,216.48103384074255,75.57367118663618,-1.5290629218262244,0.8187940536768856,3319.249767399982,0.4542839223385689,0.1699084569294917,20889.353672078996,0.1116201706415049,18677.84710847388,35547.46270896486,0.8159255656478627,168.883765351746,3955.705869036165,44212.12623804403,0.1763147366570537,0.1217844067742466,0.8166817607281579,316.3554897044298,3249.421366157587,41199.892971658686,0.1687356857036064,0.1089631638592525,37299.12918471241,7.386752625652207,54.00493875248974,459.2294531011305,0
39.64381501441284,31.41493921544053,87.87130899890838,72.21160894526233,70.77039643786159,1.937297071948361,209.975289301082,80.97591119943222,-1.6680779517761215,0.8543866688483371,4323.678981898285,0.6461014851485148,0.1732272301246608,18411.200842831146,0.1184302337641169,17408.50675896286,26033.309704530217,0.8482214705259469,110.192449323743,4913.102373495773,59468.66943134758,0.1782281522938994,0.1259457644857623,0.8527303182882061,259.7984798237757,4211.140737333882,56920.140543680856,0.1715987075969546,0.1166278014958125,26670.0295441892,7.668876634498893,52.01829912803505,258.3971647633829,0
