mean_a,std_l,skew_b,std_lbp,contrast_tamura,label
1.1902435687734667,36.14235306536083,2.621220935707009,68.94211069937145,66.444129676876,0
0.5671567345894822,26.39976444298473,3.854903518500388,55.83417743564548,38.196586970994005,0
0.2208710979081584,20.453654286866094,6.996191743152472,52.108692681622415,25.01700555501507,1
0.2328464219688301,20.136089830706798,4.913640564629065,52.39873841572639,24.394778851574834,0
3.796130333890526,33.721652463119646,-2.6482264318993,75.36502775028728,61.343704387162674,1
1.319145383613776,28.75762628911821,3.104706069329904,70.00748198760182,45.20906045688213,0
2.857156350309082,37.40980206462872,-2.202168244014869,85.03243475333838,73.04887685142836,1
3.1366166453164523,36.24492285112116,-2.3205158374244617,77.6001465585796,70.39459002412204,1
1.066786756629306,25.481473711324725,4.111962826544377,57.90071689241065,36.88746959326728,1
1.033460299581116,42.10011097141852,0.1157171006700525,87.74467960304548,87.70166603246238,1
0.4020429627322433,16.003537180528447,6.986162963769286,61.11334818036027,17.556279954922676,0
1.0882367856490058,35.447668005348284,-2.5241986444666638,71.45867381425576,63.03426948649478,0
0.8752290863029217,29.671697345592037,-0.4324087707916104,67.72120067471272,46.68147395037864,0
0.2531987073715224,23.458509426748567,6.442131583567659,55.05444968718981,30.99290762978157,0
2.7764678101362743,30.686553951796483,2.466802612057992,77.41806896353687,52.59348453376878,0
4.805357681960601,36.036756497811375,-2.3181106136133485,85.59639066468469,71.52599119056528,1
0.7840357772365139,24.729020112647103,4.72549027004362,67.19868509640204,34.75738557439235,0
0.5601138386987214,27.46394861419973,-3.805287701850516,58.72260245567001,40.29598942699552,0
6.221261520181351,36.83660538939509,2.026943670969094,81.12190766194576,78.12424384366055,0
0.3163753312237393,14.925751754905622,8.077804129582702,57.78765587133666,15.718586715227808,0
2.3904111101024617,36.624768452514914,1.9917001706788109,76.08017088846513,70.18219602505307,1
5.018867124691084,37.24859478879748,-1.6509525360461392,80.17173016279972,75.22981336737676,0
0.4107091914413917,19.80101407280299,-6.128541484034684,51.40024314331706,23.986543572792755,0
8.005320941337507,36.06677223180286,1.4206438688346694,79.61881294730782,79.4039486801622,0
1.5267005434780527,41.95981810566727,0.5242651296565972,75.89483512619323,87.93325035925793,1
1.069082573440021,42.11910119883033,2.9299071656330145,80.97691424264626,88.52618263505026,1
1.19593614029347,33.03075405675139,3.023288667520376,73.87542188724943,56.6180809834081,1
3.0007640538153826,41.5058175295289,1.709072747254315,73.69507239096741,90.37360832768518,0
0.3059059102140158,15.78904258706723,-2.0104991707176154,56.327792873778336,17.071234023270048,0
1.9972611895348344,40.917319029323366,2.6858497062961124,85.75246660363592,85.45456791490784,1
0.1391710756670848,17.0302205814537,8.671246755506482,47.34949551169096,18.79088387536893,0
3.2843178285821937,31.74059628613793,2.6237428569368224,74.15921020069645,55.899451050162114,1
3.203778061576378,30.722774245499828,2.773007342828246,78.90538072400048,53.24916871601494,0
1.7376422063445855,26.353757135469053,-4.274817873018049,65.29775835200314,39.15500715519459,0
1.7281540082690336,29.51528813905136,-3.190866256596137,69.68190520494188,47.222324838853936,1
5.5335011164568,39.45842318964032,1.1233260479916,76.47488289030213,87.23200868362626,0
5.121122703909766,35.831230491201694,-1.729436323914581,72.74022451309753,70.06184463714936,1
2.5519547782481227,34.1157037504026,-2.271545468602944,58.41037128674403,60.90154490975953,0
1.7629599360363506,44.87982276822031,1.203532444790841,71.44563265588319,103.90964055088332,0
2.7687530626761303,31.547129187863824,2.985668310132073,69.34711561083218,54.70759673446845,0
4.053200947941748,26.674651452349305,-2.345056529592377,70.46102179505725,45.08409567802848,0
6.086572888304168,42.50220838275809,-1.0523852225176409,71.32268988499979,97.39868851424816,1
0.4073706370410805,19.67962223025759,6.57490740999057,60.48881174296045,23.882536761850368,0
3.076087541770128,38.51140666556143,-2.4252052836685065,74.44690191086937,77.27967131488334,1
3.816710926495324,31.26872704958363,1.4744670818847223,86.81184198095788,55.80570382822678,0
1.812855252451776,29.22044710790544,2.622376524914976,77.48127219361602,49.18939133614349,1
2.514051766463994,33.68992942483217,-2.8800991524985453,72.90722271752836,59.49185455099104,1
0.5837068825914193,25.35767456768848,5.368688473071576,66.22688038399036,35.68979305921355,0
1.31546839211387,32.19827921891683,-2.271438523919796,68.37003498120825,53.90921110365693,0
1.7651557741247583,30.44089043584642,-2.58011665867608,73.99073725909423,52.08692941536431,1
2.013013648185658,33.71551358524423,-2.510748190474947,68.99179672221159,59.12963776468011,1
3.550242767935339,40.066315793403206,2.126827209719331,83.722318930458,85.0247804056194,0
2.3179740461655323,31.935372958730053,3.1030572672871317,71.52404656279205,55.34944651105433,0
0.4328417776142684,20.662952623285964,5.912353812575404,53.74604775739481,25.72060159837755,0
4.563155676647081,33.9655020450118,-1.8473130311332404,57.21937139238195,62.912456808876456,0
3.385714520655356,39.54002079267881,1.5850123976235952,80.68201656156073,82.70136110405608,0
3.5085549711514443,35.30504052276506,0.0064858796499971,77.87251044764085,67.22223799960878,0
2.008399000073395,38.74642088128408,2.40181906610814,75.82521480415228,76.87599920284434,1
0.7304152025139949,23.819318343723214,6.023227301148226,56.96471405009359,32.58748765194308,1
0.1616406543350484,9.522760656497317,13.959657668027472,38.31368530070117,7.96666548413742,0
4.480029122237042,38.6252380905157,1.9445519996936869,84.15028610619724,81.86034435502587,0
2.321117030157225,31.07949838026199,2.8819962202729403,69.34754855011154,53.05503150878322,1
1.8424030185447555,37.57174641489501,-2.213158152088271,78.39897366638951,71.81281737424888,1
0.8647516884576072,30.224203356508557,4.583990324172514,79.30940906188114,48.19985292002944,0
5.349217669543616,34.62585279244399,-1.4352340681954698,91.84018187195343,70.11961821470452,1
6.7281289303882,34.24169565785875,1.415089152184081,80.76444020158888,69.78908148078811,0
1.7001687016596592,39.07066584549364,-1.7624236303061396,82.48842673110049,76.55274805441105,1
2.461409588546462,36.33814183506142,-2.885446431209443,84.40483984558082,68.84250703352629,1
4.397456088727458,39.210790273615416,2.187088595558353,87.24795070450563,83.66001385531136,0
1.7035313532314698,36.33591589967202,-2.937503962925373,80.9211335380384,70.37915550327754,1
4.397983557371328,28.912084299316632,2.5615519626537377,69.63023039235534,49.7095259534724,0
2.0042982383725683,25.32795151769972,-4.206555463576211,71.67306016887744,37.65560249546005,0
4.484825697646899,38.06899055057927,1.865053348796087,89.90837466459726,82.24719533638087,1
1.0718637256417076,28.922670143969277,4.248612429582813,66.41976930879085,44.92225518537838,1
1.5514397609607813,29.038729776040764,-3.099462490630084,63.27078396762407,46.59859088790403,0
6.095717775063766,40.31013513171414,-1.445885228483392,80.19013366271234,88.63001360480581,1
1.411403834998681,24.97307214979484,4.179996513079943,64.06124149434567,36.08375310985451,1
1.12504612620274,39.6312814011945,-0.7543975953359734,76.53029203793274,77.63822157235442,1
3.255834726784143,26.829120564232458,3.40601331860435,74.67262122253746,42.995280437370205,0
0.5423895715853695,19.01392510548986,-6.924243562529791,49.49116318106584,22.66641760816242,1
1.6842551572458977,40.28370968823779,-1.8193935699825807,82.66489503156207,84.05684480019256,1
1.7537257612747887,34.654565547064,-1.8268277020301864,84.38916256353482,62.01080692616392,0
2.518523335901272,29.20817983233398,-2.457829179661153,60.99705302815389,49.70672833484932,0
1.9706234031601488,35.57839448220602,0.6847907898007073,82.72345673370508,65.55137963972274,1
2.896555245826582,42.63391319268646,-0.3642240984595496,85.15882077515435,95.09066164670972,1
0.7447400604435179,20.0175444826999,4.809634475168655,59.67900506634059,25.24533447597162,0
2.6127618240326007,26.26176905190214,3.657016683538179,71.76292517793813,40.99694080097494,0
1.5632450549443069,26.744682521920737,4.051356198777851,73.57719304247638,40.39081640511181,1
2.3932060686487637,24.05580210062561,-1.3295522204195158,72.43315814891137,36.33740632400384,1
4.236497494419769,39.79750689470745,-1.7298793621544248,71.94977863825247,83.79541194783138,0
1.6201856619465524,26.25937249710154,-3.7163853703265617,60.80474616399656,38.93043517708019,0
3.1001834586408346,33.46676985609356,2.25655620065038,77.00167606469003,61.13184802563164,1
3.733207132445886,41.11201327149161,2.145920950351585,76.26521009588984,90.4436654321991,1
0.0770643436582205,15.87058776488284,8.284846658523666,43.40135712614781,16.786434589426218,0
5.816716583068587,34.167136801496,-1.9056437406748916,74.4559070014635,66.1502004543764,1
1.1591363026839043,36.7205041747545,-4.13176136065981,71.83816241493604,67.20064291850437,1
3.8758170186945593,35.64713797988286,1.987659417513228,79.56376089603013,69.93329788198764,0
0.8424865024824812,24.890029404401695,-4.12185499530595,62.799060922925456,34.984907287743425,1
2.977473284862995,31.26715737658437,2.381156412189623,72.43322828603443,54.37368291856642,0
1.4130241753627066,33.309606879484576,2.979712204700215,79.01381708743362,60.26737788888717,1
2.634096169671637,36.83840351616404,2.3744986786016145,77.85067679777323,71.3612237425085,1
0.4391717535013716,27.5971422852883,4.390681829596145,61.46982158543183,40.84449401329094,0
1.3736552375546012,28.864729878644788,4.0722457730764505,71.28473247643375,45.388060095358334,0
1.9659708082460037,25.07629351013232,3.254757646372019,64.9781218648756,37.254857808667694,0
4.6014792169186896,40.9922827311881,1.8808802621138985,84.04920888362818,91.3105774249728,1
7.052549879873717,37.61085955240704,1.2121572533127911,85.66563944838785,82.7438424848742,0
1.4059135673124228,36.96975581543241,3.283007819997836,70.77524423041349,69.36794347871772,1
4.3356598609425125,35.40520993454957,2.246703382212643,80.4595018963287,69.78297103339071,1
0.2912021988681819,20.7324133579822,6.792109216177043,56.38893917789937,25.702493140145343,0
0.7006395877447977,25.909615515162564,4.965536658799718,68.03211780772924,37.13984571593448,0
4.100754303970921,37.45409868166708,-1.7736353071319688,63.01397893989815,73.85283377367452,0
5.569811409017055,42.45701353628757,-1.3165374957215374,78.91832488519519,96.26596196871776,1
0.5675513344132053,17.8397913177322,5.414305952282742,51.716434770942016,20.94670469956896,0
2.6818410025697523,25.78964865988224,3.3302797049917983,74.668068398057,40.35381163892486,0
2.24241241456882,33.78702524089679,-2.53842136122734,72.40746604266984,60.089386253823776,1
5.086942609829377,41.11727956628963,-1.568643733133784,84.39306825550044,89.64934479808603,1
3.5993033304609487,29.79201351619617,3.1552730574640906,75.78258358816244,50.9782242677333,0
0.0867268725364843,24.12485886934506,5.768046559534491,46.04414363052504,32.28986222549732,0
0.451662986223852,30.254092350254705,3.8154863570010056,70.6902618022579,47.555555483123655,0
1.0487133548179302,34.75562194530536,-3.152615565799305,66.68390631944199,61.22371641757152,0
8.45757473621822,41.17873873938446,-1.0559209545014347,79.08495839087988,95.6576382986048,1
0.427714702274492,27.04447747836211,3.593568977302215,68.04764227258119,39.316102668239054,0
2.973714859884619,41.71191436650108,-1.9591325859066189,73.379828126844,89.61067017960863,1
0.8002672354613494,41.12989660370784,3.2168083111606505,75.1279985190563,83.81055622878156,1
10.15009854901381,41.199835893134015,-0.7919322144374008,80.5516434509705,98.09954866237484,0
2.653583806082406,28.29425234392184,-3.406566661626899,75.46221558665624,45.03140867546084,1
1.125863736238596,37.295217299911215,1.7006557335987866,85.73699080481805,69.80972169430751,1
1.8271101228461524,31.32095465805713,-0.8556319457304911,70.7934419848502,52.29461496381309,0
5.9879467882218735,40.1198974604383,-1.2868670011687071,79.4496666350232,87.59648006962779,0
