mean_b,std_l,std_a,std_b,skew_l,skew_a,skew_b,mean_lbp,std_lbp,skewness_lbp,SRE_deg0,RLN_deg0,LGLRE_deg0,HGL_deg0,SRLGLE_deg0,SRHGLE_deg0,SRE_deg45,GLN_deg45,SRHGLE_deg45,SRE_deg90,LRE_deg90,GLN_deg90,RLN_deg90,SRHGLE_deg90,coarseness_tamura,contrast_tamura,directionality_tamura,roughness_tamura,label
1.4620996392826224,35.997469930855495,3.062521893690453,3.545751993364484,1.6103873067458545,2.52484662982443,2.603467009053832,221.54860542505804,71.59943059576459,-1.401605891133473,0.8476156890531384,46894.61757936336,0.118617092208108,32921.07081541958,0.0826507717846334,29466.075880676974,0.8443622593858118,2557.419162505015,29337.66715691257,0.8464526310932776,655.1441272263138,2205.097855109885,46111.067985094334,29197.2159079643,7.314355896426613,66.13729155783757,477.1918455515053,73.45164745426419,0
0.1445534274758775,30.97810510768424,7.992878526383634,1.0261904903370236,1.7148422629083542,2.024912057958641,1.3378843301905727,192.9057326636708,90.20940459372888,-2.065004229303354,0.8565779178039863,95219.8380895383,0.1953532074298768,14560.23588100486,0.1368474673573972,13910.72433039125,0.8507280277547933,9623.96120802242,13600.935221115791,0.8510151648900371,90.68720625468691,8489.122198050236,92241.36285203032,13864.989517429303,7.603707815666579,55.2013353212496,543.6470366995038,62.805043136916176,0
0.8317858209009986,40.647557350777625,3.652234912372312,1.8737131182524216,1.0818622734357486,1.7503783067019825,2.628133621453999,193.1608817296298,89.62316919180711,-2.069970929214469,0.8534836559018688,66717.42639887593,0.1674733713524285,25397.02474378048,0.1207249993980957,23297.186513386485,0.8502213691041413,5283.339504279425,23223.89917982117,0.855559786978495,63.16086705559793,4754.051062689397,67269.06858521099,23332.9460310469,8.362093296553622,84.75211965649305,597.378410185086,93.11421295304667,1
-0.719267033449316,35.715997387793045,8.692727026832296,2.147375346608049,1.2743825415868206,1.6156944865873968,-2.309323322319445,195.3791983464974,88.90657846722426,-2.011801691664989,0.8826167976042628,125757.21039327668,0.1436456386561314,21723.604768457542,0.1031188783849388,20674.7599971113,0.8814242993050122,7409.673639066788,20362.118238646057,0.884257711079873,137.22867637939893,6806.421960538826,126325.79242430508,20551.769777198577,7.49453616900284,70.76695220076071,611.2891963509113,78.26148836976355,1
-0.3203177951347215,18.890208291913712,2.729845066209366,1.649386794802827,4.440815565393321,6.601008945872622,-6.8358057091363,238.87842414385108,52.86013814381051,-0.9149565110266342,0.8032048996573948,20892.415212840195,0.2171153579423821,17519.394074203305,0.1459309725785794,16358.12837510536,0.7831749891120295,3194.43047764283,15809.651102147049,0.8071206656678278,1767.202393431167,2619.107151176333,21074.0987654321,16543.77495196353,5.620739134363423,22.49491729837976,478.70302536969206,28.115656432743183,1
2.79831065720426,39.29187755296441,8.482064077051389,4.311457050816336,0.8334566302797923,1.053055706099643,1.1096783620812325,209.72876683501684,78.62330518208579,-1.72739748323242,0.8115856493203139,40245.17295510879,0.0976275566170685,30737.116252027296,0.0635468404299463,25477.35703185248,0.8279040123369645,2151.748477870856,26440.53190318992,0.8151067013287344,333.9860552345806,1878.9599806406727,41079.43050304002,25767.380984254527,7.043518518518519,86.74555768043267,565.5671892993178,93.7890761989512,0
-1.9597038197967636,33.21424651828173,8.284415197508329,4.784741876006635,1.7202113529469574,2.369909527177479,-2.6886047375090283,213.2948894764272,77.93761318548329,-1.6053267024351547,0.8457324903395611,68124.58594408995,0.1534756738367722,23714.62889380663,0.1027010460670616,21732.262353191385,0.8466406301243672,4947.909274873525,21580.636495328632,0.849641607541757,399.611335873365,4306.509741152441,69580.77408774893,21791.511161737184,7.150830674581485,59.75223253928836,512.8458264077512,66.90306321386984,1
0.2329393160108492,35.00699635935721,6.377986970307054,1.432957025115773,1.252529375158641,1.4901979391226063,2.2134432609675883,206.4078907389402,82.88289677788099,-1.7588227903501894,0.8653178268110713,69743.76347567557,0.1256985108938248,24461.64018368053,0.089108218792782,22541.991847356963,0.8759201237923095,3782.479939279812,22915.46057355135,0.879878821258302,238.52511620037225,3408.582295741144,74143.0815940601,23093.860245259297,7.549279138308216,69.38457346128385,639.2156489306831,76.93385259959207,1
0.1043586143011858,20.512961613064206,2.1562414665977934,0.6289394046811921,4.022987223789717,6.339627503814567,5.489901101861802,236.0834022556391,57.36545312279468,-0.9892677586213062,0.8189714422646829,29353.73947913073,0.2151003816185888,17909.99598999655,0.1465750487614151,16983.884611943802,0.8014746297679404,4197.944442189846,16284.996131245012,0.8174407793158744,1298.293031851288,3428.424502663333,28985.095227742146,17046.468062579792,6.23187969924812,25.51485395348713,533.0130291730644,31.746733652735244,0
1.1216369208877746,40.77591440716702,7.392156261956699,1.9829191243853492,0.8079400785572244,1.2133290723044423,1.8351142635529136,196.22579334913328,86.91275701524103,-2.028731178343362,0.8440176026048323,81089.7628577577,0.1309381957950624,28870.69672741719,0.0908372677690488,25566.571557204552,0.8506413768913116,4618.573781348302,26012.3546464081,0.8483055131168886,120.1571101298184,4090.2142003386566,81780.74638932236,25869.71798516442,7.755090253245688,90.7220695460104,471.8512464241929,98.47715979925609,1
0.1404280662058482,15.833351759031824,1.937047248000369,0.7423281117619555,5.208097559848719,6.388235714112606,6.448035291682337,229.29762210796915,65.31380577059593,-1.180564090032033,0.7654620135263674,23447.148172308556,0.2904812233372686,8148.24255061389,0.1860955493189954,7935.969823229006,0.7560616472150321,6558.505113624078,7535.315385671972,0.7709805824289708,579.0908186940669,5325.472134097258,23456.108007007908,8101.0307572210495,7.568623760558208,17.336926873387895,562.3729280040034,24.905550633946103,0
-0.3377495983926701,37.07430612828503,3.9344782092289057,1.3435853106660194,1.487315108505673,2.393426964533622,-2.270351659095309,210.70011157263647,80.820841918005,-1.6443736804538736,0.8848850169225025,57273.39614977732,0.1287765501654743,30213.260843444303,0.0940647938873482,28635.24334459161,0.8794766445624516,3017.932186887526,28338.93814029463,0.8856423754742783,339.07093368957345,2707.605870103336,57264.29435647584,28477.98208060846,6.713146303540303,70.18667775549919,474.5815747097212,76.89982405903949,1
0.2302858426271106,20.55597203223193,1.544332446320129,1.2084031974968157,4.046928805740091,7.323019370899003,6.691003258007556,234.0878403562461,59.85939996443025,-1.0480639459891194,0.8111089355131341,20411.94221898519,0.2375924213634287,16572.21155013353,0.1637814318598161,15839.745301450028,0.7931973976236174,3444.031875929953,15143.400900719906,0.806465301357727,1143.1577313506968,2780.4897712103807,19707.97432713501,15853.57917466405,6.180187735404896,25.450906420046604,239.86927765529765,31.6310941554515,0
1.0220072488540408,26.624860884555854,8.165160986388859,3.2823955216410927,2.232421059564631,2.5155276761709904,3.3612173712432103,214.13186884270308,77.714122644769,-1.577633373438635,0.8314605705328926,63139.8072264295,0.1947915338909674,15107.089587503351,0.126554944620065,14194.687488771591,0.8317063776124802,6842.925216660641,14009.677984918377,0.8339887278819977,265.68887606168056,5819.683165663396,63659.26092603282,14392.690582640018,7.431623682831693,42.61997256011742,585.5842949993369,50.05159624294911,0
2.937681335850407,35.416068247722215,7.402537510282291,5.789535651466853,1.2995023307692788,1.5954029649535553,1.978701406511723,205.53597501622323,82.58102780180396,-1.796926956485382,0.8506919648226879,77179.06537234042,0.1419421865995368,23599.69510638298,0.0952160884007309,21500.929568887263,0.8511303947360856,4990.928566022186,21386.91213579088,0.8501592626214975,205.51208250778376,4323.053141805831,77242.90878856496,21481.24335673425,8.547473231667748,69.38059789888383,584.7328400907567,77.92807113055159,0
-1.4847028314144803,31.890444237257736,6.624361979874987,3.6155047372394207,1.918286846627264,2.382966247901789,-2.567388929401395,213.62024308850997,77.88336448929647,-1.5939125325220211,0.8391775097638874,41489.4810727576,0.1701366498577584,22432.85445271397,0.1129641000655087,21041.49525135493,0.8336456930202616,3806.485941708786,20507.568102793823,0.8408965488443634,279.9073097452616,3158.704989292677,41863.1997954422,21217.077458409727,7.60593025747788,55.08760680967193,496.5310088781276,62.69353706714981,1
0.7840356211661484,24.529921563065702,2.8596288158453285,3.165522043862512,3.061304705376088,4.401905821825911,4.686036479725424,223.71010500946807,70.5162532019046,-1.3311780009471694,0.8088657824555872,33479.950188056144,0.2327522366990729,16177.541730116503,0.1521201684362652,15339.111413973793,0.7994327297632794,5332.479774386657,14730.764409511492,0.8071968040962201,414.3468436687709,4378.086260675826,32955.50241366506,15379.25817196187,7.611857815679472,34.424321183062006,552.5199289159686,42.03617899874148,0
0.1071530625558618,35.07533151662685,6.677687090241865,2.053590245158251,1.4626252523079402,1.6739986940334526,-0.1637294115164781,208.76789189586165,81.41140740978248,-1.703647298643177,0.8648311189065827,55107.64007117346,0.1390867866854283,25350.22130819913,0.0962754000695225,23581.79555036486,0.8591466601450675,3525.9134913739604,23179.55501560389,0.8626065179548474,349.8790007907598,3137.368727395289,54454.28046045553,23430.067139879797,7.6253304814012415,66.7153774095203,468.760056076782,74.34070789092154,0
0.1854675583684888,15.750608721240624,0.5975851287247137,1.257121070778816,5.631146781563354,7.969060900362146,8.255031036822505,243.07932495023917,46.35095876121076,-0.7715487684628083,0.7927359601294669,11485.868938535985,0.2391814116352871,17055.345258931327,0.1642164687629835,16476.474692048832,0.7669038863680906,2212.2624092888245,15469.21951530674,0.8013315812731158,2930.960174171623,1675.9124893797791,11417.103759558198,16764.661044119828,5.024366315432,16.654753027107933,220.7034409740604,21.67911934253993,0
-0.8257964489720065,44.69437051156008,3.1538598029588507,1.747353492394461,0.7564588064019889,1.894117108950848,-2.0883943193212984,196.11131417248097,87.54934057715724,-2.0179027770844407,0.8591823007462993,77160.5577762879,0.1314396433657905,33687.26455505825,0.0988925999835982,29979.699784167624,0.8522639048202202,4569.11048878494,30054.75748725572,0.8537342531741755,122.97001301357128,4117.808607547871,74157.89390221231,29546.750877640563,7.96957687376151,101.37011282216687,529.7156864608077,109.3396896959284,1
0.2499390741440718,23.6392006894528,2.8244951316008287,1.4998554070700552,3.282950723278513,4.347546434840633,5.924366859582574,233.43824404761904,60.21125240749007,-1.0743053045861617,0.8378147257049336,25374.236687164725,0.1855958292042814,21168.73997121549,0.1266286609092024,20036.84464918861,0.8225381054014351,2679.022649211011,19364.687793804977,0.8349267555143414,1727.0761340805752,2228.927408269007,24958.06307497092,20004.457611079244,4.455493624964779,32.30659052239664,589.340906700326,36.76208414736142,1
0.1609260044271646,37.02551602124665,2.5044770080990983,1.798786744441507,1.5262901316591255,2.7241922635726623,1.5981797230406094,194.38334188911705,90.32755532539488,-2.0132281193435904,0.8791782347507259,86603.51717631861,0.1813312678473235,20342.37031497,0.1392689886241319,19212.567146528472,0.8726994073313541,7025.117749506543,19242.40521426015,0.8856687407751657,128.72426185253923,6756.881170912772,88759.86121140543,19329.0318438525,6.498078959188912,69.22978987597192,443.02386400784576,75.72786883516083,1
0.9355666199054404,28.53855997027177,3.701699766301317,2.69765161380308,2.381094339886329,3.0463538942892,3.092757877915864,220.94070135562956,73.30169940691917,-1.393936249225165,0.832069536224644,25252.946789513186,0.1841847580651845,20949.41465876446,0.1217227637880503,19802.4903019653,0.8240857471247317,2656.2049254130875,19179.635198369837,0.8317597979442258,377.1248017059787,2156.413517800952,25136.714976724837,19875.91260646144,7.630482723164759,44.80596560478313,512.798079933215,52.43644832794789,0
3.818175687551448,35.93884639340632,11.660013714378996,6.13469397624003,0.8158348154738596,0.8998077409197923,1.413185324499312,204.85019373689892,81.40391673709242,-1.8481840287268332,0.836733814219372,59739.78515108801,0.100151804700977,24905.61764381993,0.0656810967852504,21552.35159469929,0.850539746951631,3083.6491613768903,22147.112103380157,0.8391614940089763,241.93585710709348,2784.421854081177,60760.61394533759,21718.990990242582,9.147735501492727,79.03730526220049,593.3690629223113,88.18504076369322,0
-1.5926073482498866,33.473028870454655,6.327951684178019,4.086349057017064,1.8177534444671768,2.8327374144933333,-2.8597030543081763,216.85801923375212,75.86608211020204,-1.5082621787761492,0.8608476501977605,26330.65766536549,0.1437862511784914,26708.99205924817,0.1008451605709241,24808.69510226633,0.8553964735697093,1656.1437449062755,24499.51852508844,0.8647348449431637,304.60675233458375,1441.6471918482457,26723.04059914332,25001.991269020487,6.929905382348379,59.038208588023615,503.19455078804754,65.96811397037199,1
0.3812145816030688,18.81808111510472,2.1127437238517093,1.9538564835909653,4.357060021360929,5.761364859331088,5.878305793604254,237.4306259838564,54.966979267983696,-0.9589051963627092,0.7727945633232384,11273.809285253708,0.2327995330288278,16007.663409553095,0.1492494227962533,15022.470999791143,0.7524498987464778,2340.3084876614125,14135.37086933567,0.7711322588191384,1198.2671274961597,1735.5013824884793,10868.694726062467,15209.765893698654,7.23940784405667,22.4795113787788,458.5654424451565,29.718919222835467,0
1.0055315745440905,33.04770487952261,6.57167480571115,2.2999030017913022,1.6281119875199588,1.9459079412173417,2.355754332377753,213.42793411118737,78.31248827029223,-1.5925454601312783,0.8494086956214546,49470.25985490056,0.1488389407958911,23435.616038178257,0.1028094952349105,21523.310161045145,0.8497401469794563,3490.111175387852,21499.616850654795,0.8514749258625496,359.1775442094914,3032.4930829629016,49515.2466037971,21589.62913230683,7.1931027106044265,60.29990157485702,552.3064257946489,67.49300428546144,1
-1.301165447212823,26.52959438235246,9.536156754893788,3.157191843051583,1.9436235994925444,2.1971402078710143,-2.331326520707854,220.0714610248851,72.9366082552674,-1.4366669829039818,0.8272703828322424,49425.45483231628,0.1560260981943658,16554.162011683096,0.1025698426237232,14945.935662478558,0.8301315881358532,3966.6278140045097,14945.797482129048,0.8285655443045667,506.96349632487096,3401.096830527029,49609.65604962727,14795.656890442391,7.573869765022111,44.79144859490705,601.8080277182371,52.36531835992916,0
-0.2450697696762752,38.3348291930628,6.056222127809097,1.6547028367340448,1.246223102696101,1.8057141319558023,-2.405849092339352,214.31032410317488,77.0860836154414,-1.583541697350198,0.8713310718915763,82560.70557844028,0.0984444574464818,34027.85405466732,0.0691636157829138,30826.276983845437,0.8713906414858771,3255.402425792125,30751.73618590076,0.8651173978307283,641.5483355525965,2926.432916111851,79940.53184198846,30309.27436198601,5.669307793253273,76.85689769710693,459.3452542761823,82.5262054903602,1
-0.4543887286917917,24.731862007064755,2.956425588522582,1.558551311764058,3.105562488044697,4.384359457973106,-4.068466856492133,228.23850985221677,66.19136068108845,-1.212914640479477,0.8273389053772786,32455.77340440343,0.2082190430208428,19173.344259034588,0.1420713287654895,18127.84857075105,0.8175198354445629,4095.02602377063,17542.22702252877,0.8294772929062416,869.040371321351,3570.192376061624,32849.52929093423,17900.99358420786,6.163518062397372,34.72617828729916,502.0863531870429,40.889696349696536,1
0.1715862017696921,16.877566872377823,0.8808006370022768,1.1525635196426622,5.175262351753853,8.118824749876321,8.528387488832035,240.5029724260056,50.87946243541364,-0.8547866003338948,0.8016912674292105,14923.326633165829,0.2397068219137616,15854.283028043445,0.1671631145918975,15155.219973190808,0.7793960764223494,2745.068599365952,14755.533449530853,0.8074635030635939,2128.985251222218,2226.5960724703177,14960.935499774045,15589.22255291774,5.113367785768494,18.59703260830646,468.7401007919366,23.710400394074952,0
-4.437880674629137,41.034283764666526,12.219337306460323,6.684690867338159,0.6591496104624008,0.9615331035809692,-1.049327218849506,203.98636795861705,81.44485252877395,-1.879073893222172,0.8127703598427235,31409.90472065829,0.1024585284954995,31779.73122957597,0.0674020406784006,26518.746304785825,0.8279834339810722,1542.4154341777712,27551.2289093584,0.814363830995341,213.6211426521011,1345.7433617733834,31151.404991627463,26450.80726049748,8.288296375185425,95.22899771930336,489.5412060033114,103.5172940944888,1
0.8077808689036963,30.481416238430988,7.227203543447882,1.9459300614916568,1.8654032130644016,2.2663531679654354,2.725928160904381,207.22443387832055,82.25089724935843,-1.742554831110444,0.8418533617389026,63362.17175874624,0.1913543920355918,17189.054414015092,0.1310108242955269,16013.230259459478,0.8375980052734329,6353.911486500172,15697.38139851571,0.8352128200248125,169.84569889577162,5405.645968219768,61018.67256665769,16051.777607575395,8.363137119629341,52.74564539575091,477.6871601069224,61.108782515380256,0
1.2754396206443126,36.62058740676802,9.799039939995597,2.7443981580251053,0.9975666244598068,1.0997713763857733,2.0153209609562364,204.1997927867384,83.29787051691031,-1.829586046966784,0.8736111211352557,81636.40720280651,0.102114460475992,26678.00782450375,0.0713959121015455,24429.608686328236,0.8767536951678088,3749.183470819256,24444.27265377032,0.8730591493754538,333.1624219814908,3417.535314584977,80669.31320396012,24279.07372433456,7.175140709005376,77.56410825851717,484.05140663538754,84.73924896752254,0
0.0118051925484887,32.042459506767706,3.46800367287421,1.212060178108996,2.07258124047941,2.777922118171577,-2.512653105524938,221.5324671293945,72.44272970396042,-1.385958246218979,0.8307850977802839,60062.884712540246,0.1657915417043747,25154.7485987489,0.1167184385481358,22657.893415538638,0.8218786008755868,5363.887116818559,22495.71720899251,0.8316340528317314,528.0458370754749,4468.527414651454,58794.3589240373,22635.47525726261,8.221657919981942,53.62454661458347,472.1797229187245,61.846204534565416,0
0.2359142378714073,20.382753481645288,1.174990666641905,1.2763241312739328,4.141110302209106,6.458192363181567,6.689832843000357,239.4876032443167,52.03346966332679,-0.8943703075762669,0.8261212941209148,20811.85344159668,0.2022200847254618,21316.75969256516,0.1396045652888305,20122.49440789261,0.805161961827962,2662.129772773678,19176.18245297504,0.8262387241727284,2164.392559272796,2135.792677974573,20662.346078155748,20270.27767456878,4.3078047311092185,24.997127139228315,461.52608483666506,29.304931870337533,0
-0.6092418087297999,38.759464177524976,4.040245141523301,2.5318631013835757,1.3510206109323977,2.7418262761911945,-1.7186661980362554,201.34408563474307,86.10514724763216,-1.8694322957585712,0.8704437016364495,83417.5889502667,0.1609669379685373,27534.89453391772,0.1155831148801863,25992.925331275022,0.8603940410356473,5825.564058657131,25481.43439012308,0.8645578767597479,138.51858505270388,5047.094734895517,80639.31456775773,25953.206471264584,8.303840039134156,75.8036596801088,246.67107538298197,84.10749971924295,1
0.6520975663332165,36.951434194468895,4.922591091395297,2.059460475377016,1.4025643314509042,2.161538959642776,2.9486207439049523,212.7779871900953,78.08213749227312,-1.6222153042653162,0.8806108767535272,47278.70648080139,0.1151627938764694,30948.702995827407,0.0820898372313984,28825.28995812776,0.8780377618698765,2105.185165638806,28561.07442725404,0.8810227075351934,451.5392017050352,1866.736628480983,47207.61221419505,28892.2736903571,6.077702185038767,71.21614213535622,463.2151137827394,77.29384432039498,0
1.6112904173471645,44.78225054102899,2.936801790581669,2.4324280069071538,0.6687734667603892,1.5697262188619163,1.190105435366953,215.8834835257674,73.74886237036068,-1.591204876264777,0.7480401624104721,25704.703301801164,0.080945952671593,41821.30799330361,0.0570987944151876,30955.275525611487,0.7738470617081904,1789.9258601195284,33378.809825325974,0.7444787318574729,419.8967969367289,1502.9083449826778,25331.71845053587,30903.80003070877,7.818824509527833,103.62771542422102,499.3654211526283,111.44653993374884,0
0.6753652998235675,31.33139211291604,6.805684547249312,1.8731712401326717,1.8595941142132784,2.3566071922807934,3.002489006647608,221.43863606610205,71.94299393253497,-1.3994982179378166,0.8643402891002055,37032.727079381504,0.1280116910684477,25370.16008507214,0.0896374039004614,23469.0833746377,0.8622446609732874,2032.943482123029,23260.483525338197,0.8694152898473979,754.5748663101605,1745.6653103929318,37073.43303882818,23878.59626760374,6.705274871350742,54.26688422959642,467.3946884425808,60.97215910094717,0
-1.0906353866243694,34.045819726718754,6.15621879902869,2.6355226927660693,1.7734433409086527,2.348620340249597,-2.255980142509909,231.9939703525641,60.35968383657445,-1.1434468266794788,0.7993938458586157,36718.13170652351,0.0974603897035389,34578.74380998861,0.066596439260898,28062.362365459645,0.8123684875042725,1926.1416170891212,29528.981462104523,0.8021647880905276,1656.0057876357994,1639.0734609415415,37207.349327470256,28417.332911017813,5.265819597069597,60.74819010847585,597.4806284766274,66.01400970554545,0
1.9434147378229336,37.75958146473217,6.554421445274007,3.3356899653305616,0.9106372012607707,1.1468340666056862,1.8426873685649447,183.10412597546377,92.42728404711448,-1.944097177863774,0.8809785800691077,91796.0969122937,0.146087074123138,21414.26149339728,0.1044043299899714,20235.949725945906,0.8838884574085154,5580.765605254536,20133.80446794501,0.8810866090549933,94.81415599760452,5106.920382629526,91286.42487415632,20240.90153718581,7.730600984689607,81.41240354429054,551.4890205846145,89.14300452898014,1
0.2654822247792774,24.830788468683885,4.642867497480199,1.2643898139050238,2.8922937042164203,3.4937859144036305,4.021885716793034,226.05865634844545,68.21161575860474,-1.2728628399879396,0.8078096753661672,35975.755815933786,0.2053008405021923,17250.0729759188,0.1341878539495073,15909.833275053745,0.7974163943485371,4954.787619995505,15293.364541322557,0.8083636510836364,539.6577930962815,3979.618494206488,35438.24436669727,15930.899566326509,7.264027758754509,35.871457423589725,560.0615064269412,43.13548518234423,1
0.6601280489279261,33.10761169131456,3.0831149772149224,1.5758903525988928,1.648077220814801,2.233447083049806,2.9114986451621285,209.31546194192651,81.97121810134968,-1.6719723989555273,0.8643870475051982,75877.52394234369,0.1656566568612049,22324.439966304755,0.1169530519828253,21154.056407554723,0.8593500691357053,5689.150353106075,20921.225439385995,0.866994940685924,257.0688868527833,5025.574524579742,76450.05905121636,21255.807183197936,8.430106956481378,59.84051857950765,572.2014663256606,68.27062553598903,1
2.3544886571690298,34.494744004857345,13.195817876174203,4.174317457795749,0.9078048965285324,1.0555521595429551,1.6432900146963652,197.5800966751584,86.7763828785167,-1.9850989896142728,0.8811525051963782,50701.49172438936,0.104945439953442,21401.407918337587,0.0743963536004915,19813.38896003758,0.8817793538743066,2372.182997484668,19702.1067580076,0.8801228545933568,185.98462556037333,2179.6080693760564,50144.87853310796,19834.50683976261,8.136161734927168,73.8300673256266,478.8419608186622,81.96622906055377,0
-2.310118636238788,36.9986096853356,9.08309344833153,4.253651804920399,1.225176022393535,1.5739154372102544,-1.628701917329421,204.9759204406291,83.07717779657942,-1.806419556590808,0.8590554200581357,89312.33097026603,0.130781913442942,26170.391314553992,0.0901878110635941,23872.935544228378,0.8617802943371882,5273.523433495524,23756.728207845845,0.8596234297721064,196.74001170731708,4656.401084878049,89723.91978926829,23925.977293089825,7.908725107533044,74.61158691619006,587.7974443918597,82.52031202372311,0
-0.025926909812186,15.627882233250952,1.34528584823002,0.4028185020193375,5.365495884413434,5.581581695945902,-1.7299846355311654,234.44989723020436,59.90358761307572,-1.0291588662033662,0.8263017988737027,20351.67678079372,0.2553865697204609,10001.510246096348,0.184105554252454,9807.510454615256,0.8039814844410952,3672.778315556751,9369.276789321617,0.8283829520178403,1185.9854334031447,3280.126879434841,20742.2562908318,9695.239700481072,5.375199553001277,16.86532408222385,598.2502911867477,22.240523635225127,0
-1.40768128069049,32.86936892183385,5.578431602721985,3.806536855220562,1.9516898770677569,2.958974950058172,-2.986857082938881,219.89953689714056,73.44047590796274,-1.433833155446111,0.8421319529575357,51945.86670279756,0.1579493123093223,26339.118728708578,0.108048824102495,24161.50382933617,0.8364565083280207,4064.745900939889,23630.62761739455,0.8426298304343129,406.7893053135322,3424.9830424718457,51630.25810814326,23982.007593211365,8.107434241502167,56.45699068318629,498.6271765663141,64.56442492468845,1
-1.137541780080982,37.95769297221946,7.98215420790985,3.672557650050464,1.1787546167269332,1.5949425536326556,-1.8019525588247336,208.98371379077403,80.62137698621892,-1.7123108508959777,0.8598648705639339,74447.72528051316,0.1152695615199566,30306.16316319141,0.0800165937004242,27492.04729799785,0.8603530041088014,3552.4513482040497,27522.509521175027,0.8562452745344946,346.8907004368151,3045.1136293968884,72389.22402099778,27427.37817623327,7.950967474400219,77.40483461112878,468.4180154258082,85.35580208552899,1
-0.0623286750302725,23.889109991688432,6.588427983529474,0.9411330995894204,2.5452910836285594,2.8265508941178257,-1.0842303835963116,218.1740833313867,75.90712808748047,-1.4554331429654133,0.8516067125560881,50421.240988138525,0.1873947078280579,13186.852106058748,0.1317976624848377,12503.713465508556,0.8452975957273958,4952.403263281556,12279.587370510842,0.8561320699640949,589.197006802721,4368.018857142857,51089.121523809525,12673.68911484774,6.576759559905628,36.05829753797231,592.0691998764288,42.63505709787793,1
0.5690823817312202,34.33581481371357,3.947192689428253,2.6564708124675747,1.7459052052159183,2.8292898753959936,2.689734287529928,210.2625636918253,80.73529028364912,-1.6623747614332338,0.8533403025441947,56414.25063619458,0.1709798652211192,24069.59442595674,0.1197995507745875,22612.44791591836,0.8460705354533554,4669.639944501929,22217.48806579641,0.8544678130937814,210.75892324517795,3916.300482203221,55711.22927023265,22888.13406216196,7.263846048976671,61.24736520511983,481.708671017715,68.5112112540965,0
-5.717996820499646,41.0294517725646,13.519482060545116,7.788690919994491,0.5518184932412638,0.7323402051085897,-0.7823698006052591,201.50956164302545,83.17161709905102,-1.9293999644111128,0.7999604568347221,49037.46268929918,0.111923072455974,29057.846656985614,0.0750390587398733,23576.670074643203,0.8073418245790956,3026.9502116735725,24330.734375966505,0.7905897629118387,118.637408857938,2600.8330415947817,46348.224470777874,23047.134154293315,8.930214791960333,97.59212357167952,582.6442280945759,106.52233836363986,0
0.8031756017032713,31.749377156300586,5.570163900502044,2.3246551496645163,1.8745227050868536,2.3538062685963044,3.103730623427976,218.7973684886799,74.28999545241072,-1.4619450960060068,0.8338550234196691,28398.758915373244,0.1570853165919727,24359.74004526977,0.1040990089762885,22310.81732202808,0.824193659506937,2374.13245958934,21733.570925917036,0.8278364384091993,369.925866766889,1907.6135488114253,27495.334914967585,22219.76408836608,8.434732608639786,54.98446912536494,471.0289300474514,63.41920173400472,0
-2.07521996122977,36.06734907647628,6.938009663359393,4.654054327396125,1.3709105230148275,2.243653726983408,-2.3010919779078565,210.3474442485449,80.07264043504517,-1.672951791355396,0.8442985819282683,62203.6856728155,0.1454199845382323,24914.32434657337,0.0979923380704799,22707.534861340784,0.8420630753907782,4156.114110180249,22653.986630261657,0.839967582079208,296.357249788462,3513.351500292899,61366.29387516001,22654.189241185373,7.930866720272653,69.95115124497117,562.1754103493001,77.88201796524382,1
-2.487500294471804,33.9152402812078,9.833858922677594,5.368342603378843,1.6114435163847576,1.8591925420574384,-1.838755982237207,232.20164833873773,58.81903640825563,-1.1628047509834272,0.7391606560163578,13875.004377006127,0.0866141483381506,34131.99029763642,0.056986406891801,25045.317389670585,0.7777717219649453,841.2301705889678,28030.184466819985,0.761412520193544,1017.924899694798,697.4902438187991,15693.311580535646,26944.63335803358,4.65002467221204,62.7983670826492,647.409927323334,67.44839175486123,0
-2.6369968554758474,34.036112397405624,11.342781048331345,5.498170306685498,1.388841579502248,1.673091983221518,-1.8994516879250931,214.6023725192556,76.65587488237351,-1.5809992727654667,0.8292684159607248,70831.37557176639,0.1306206732750421,25115.256489148996,0.084644765905962,22122.384143358344,0.8364295114005579,4422.762662881331,22382.212630844577,0.8245746817266548,369.6157766168653,3795.793112597323,69793.20471907851,21871.064731599206,7.733274301456119,65.83799990069504,557.3659773532112,73.57127420215116,1
-0.2191860791469981,19.67630921168776,2.006148341774657,1.040598868638613,4.2856319318428255,6.007626669879997,-5.930258146291218,237.8668573130443,54.70227228654057,-0.939621443724082,0.8124410701232386,29805.03713350976,0.2229389864010326,18042.21215278501,0.1515039781683212,16943.0871051696,0.7947335652632626,4533.585956321614,16382.8934135839,0.809477715034226,2105.810683524969,3673.800924943782,29073.09296109296,16843.2208626522,4.627657696910867,23.809851172677867,559.6203699301032,28.437508869588733,0
0.1893010979353559,35.641898744112055,4.498326132521604,1.2283331297099511,1.6071643292097726,2.636160655605784,2.170421853656152,211.70856825671552,79.74053382581727,-1.6287111334562518,0.8609450065667739,54400.662478162405,0.1533234992749004,27227.58555807182,0.1069499707335424,25568.40411688062,0.8518129617045572,3729.136991773503,24984.723555065422,0.8551123157904946,296.55284660688704,3099.9984082347323,52258.16660476469,25509.959524902843,7.806156522347223,65.58587659409208,240.55723861549103,73.39203311643931,1
0.9144724208234364,32.82378449448729,3.228265683601629,2.4258631784535742,1.9327950035011492,2.942654817108655,3.009846452176909,215.06455473986597,77.63775930911872,-1.5431452021095444,0.847403333006703,44735.83410607604,0.1708535007220119,24032.972226867125,0.117933640424616,22485.02254674771,0.8395936010643029,3781.164067063909,22032.93109792444,0.8474538998683939,414.407663190421,3187.7749092313634,43981.47477790653,22520.4574596088,8.066929836090198,56.2282838852456,480.5016019402941,64.2952137213358,1
0.0587543082750238,9.430179519005694,1.1967257711626913,0.5940467592351085,9.033712159669795,9.546617701315306,12.897600250116849,245.50229016135543,41.099082323556274,-0.693278971331256,0.7348461521977276,5234.454615384615,0.280471672504725,7696.632692307692,0.1736591859219864,7523.325820638506,0.7097173437862132,1776.0403302089603,6885.183998866484,0.7392925660857946,3386.4405506883604,1352.3934726099933,5297.681428708963,7717.450594901788,4.911059599883056,7.877273734969665,462.0191693290735,12.78833333485272,0
2.0555097818909305,38.37384505476948,7.26160251811582,3.8882582195575366,0.9998379335128376,1.3306130634896296,1.954034261898606,195.41252150537636,87.434145929349,-2.04453801868574,0.8626856234937036,60441.73831296072,0.136858305558992,25113.62970047588,0.095629799965405,23031.87637293361,0.8628082864450057,3522.868408919676,22861.31976080022,0.8614489709815779,122.3276420649372,3076.0907134580366,59474.21765554426,23060.52161766929,8.110822580645161,81.23014293683121,471.78027273165327,89.34096551747638,0
0.0853360196802145,35.290936873488384,4.250313170624519,0.9672658115197648,1.608171800228807,2.1560128953935047,0.3126183850690533,200.1290011037528,86.92075781422666,-1.89382836537809,0.8506252432469196,67714.44889599159,0.1902714938437986,21167.65376718217,0.1358800173906047,19838.03885787624,0.8430751774285593,6584.049647324734,19670.436699546728,0.8527250096996011,161.32627447774007,5781.7907894198925,67375.0710927599,19961.48701737716,8.035608961092715,64.92466686883674,565.8433413944337,72.96027582992946,1
0.9049041679015056,36.84208295520087,3.458787052689593,2.450887140036762,1.5265911451223488,2.78493167241545,3.271559070285332,218.99996573758412,73.24524534349003,-1.474499843379206,0.835531385419749,42312.710010576746,0.1293296481130116,32640.282196851866,0.0877143549018906,28947.50872617971,0.8356351035241509,2644.035412713816,29242.23971636685,0.8321271824866766,356.24449291836925,2291.6859811361333,42443.17392239393,28764.7553642359,8.504060096277389,69.06512654656719,595.7498177576907,77.56918664284457,1
0.7778644699452885,36.639523000489184,5.14567396968386,1.745566509675569,1.3854435055761225,1.7866042620808542,2.349387342684394,209.0535269978869,81.15010221104323,-1.6985735723150024,0.85389797745126,67924.23048964964,0.1413277211619813,27013.188743032923,0.1009035054287977,24519.318252258458,0.8467714095200864,4311.806550745697,24312.627048792383,0.8476892136336208,259.3922199656304,3832.646471905432,65203.732698015934,23930.37281167679,7.003281431425295,70.91522050596848,451.5748237137634,77.91850193739377,1
0.5857176372222326,25.326296259261586,3.622680775508144,2.1333312830954085,2.882177123496731,3.596791407790674,4.11959413438231,232.4726576714782,61.27972107162247,-1.1028448857751314,0.8458330190163638,33325.70733342816,0.1645732124659037,22843.200638042792,0.1139420851968249,21198.01849922237,0.8359027034456352,2775.484910943455,20733.98113010755,0.8412624959995953,1589.0171994259929,2352.346130649086,32165.55013206331,20915.534175263816,5.093300701396371,36.640782737940064,473.534064246406,41.73408343933644,1
0.5487617349768,30.018747571067475,1.6868596760366417,1.7204224648031632,2.392862997784642,4.691900011088534,3.744270420608075,219.2263577063107,74.52167310175876,-1.4401303998438415,0.8394103489934188,24308.86073309921,0.2050591394127247,21836.30355575066,0.1425899621984335,20761.202890555804,0.827187949735332,2731.384528112714,20152.817856463076,0.8364381904776121,470.0783577909712,2322.314215301893,23611.83656323513,20598.40320961779,6.700333737864078,47.110500642107,413.3495104299702,53.81083437997108,0
-4.029572004881569,42.40698460182367,9.085492003280397,6.021887538289048,0.7344504897896753,1.0543877719296586,-1.0422532801740552,215.5664573521716,73.64379476131117,-1.6063896262667123,0.7512743417047798,44205.54721962423,0.100338157979302,35125.967774397104,0.0658930063122685,26264.12347743802,0.777202593564273,3108.9856729975227,28556.623296730144,0.764082349458767,303.5792676672707,2676.2239050907724,47560.41322210446,27257.55498150168,8.264542124542125,97.13262921045902,503.3489170880641,105.39717133500112,1
-2.573796649804302,35.686286316731426,10.100868523346568,5.093686029711298,1.3606379253359977,1.7168667781767624,-1.7147095452420278,215.8204512033284,75.39467162634386,-1.5589781592595362,0.8101251810483848,46781.99462174708,0.1398921265893682,26227.912580377924,0.0921787515928348,22355.4851941092,0.8202168274161894,3330.0608586861067,23136.091040630763,0.8144811639864974,291.80801318230766,2800.418395547079,47946.10002205701,22759.92610935199,8.309932291604397,69.72026481572279,581.4832208068647,78.03019710732718,1
-0.9766360689489388,28.923417088554903,4.509416195371869,2.8491372369627794,2.2743426110168805,3.075247611258516,-3.087204261085314,228.16173500074748,65.56157024498778,-1.228079112457087,0.8270073533068898,37846.56950596252,0.1579937303349333,24228.09337308348,0.1066869231810618,21725.89973255343,0.8259020013866144,3064.88807484935,21941.298544764177,0.8311001511950992,909.4476768770191,2580.453647480676,38507.309355073325,22041.3674738162,6.310658447802914,46.37312712894787,504.9630471859011,52.68378557675079,0
-0.5133157144249411,28.089601025758537,6.243302476882381,1.8507104345397776,2.1697516826566443,2.6641600799608143,-4.002091175496505,214.593713150872,77.6019207047951,-1.5620600552982689,0.8412376880347721,53594.42173994387,0.18465912932615,17148.809466791394,0.1246960016884669,16131.419243725317,0.8419150178383922,5230.887682869278,15889.417062696331,0.8462808675515953,397.8345210113296,4481.369585494161,54480.88347075576,16259.871097398776,6.958290665921926,45.766632187555615,621.7011564057792,52.72492285347754,1
1.0259125891787526,41.90053189051636,2.5586660775192,3.003648263271061,1.0565398989870252,2.5890588011250117,2.88417245288253,203.29869976199487,84.38869512414607,-1.8379701272289903,0.8502166678192322,81290.60058596217,0.1477586003405998,30123.58825213211,0.1057210038508322,27201.34474301495,0.8449624276994752,5420.81814776512,27065.618844953544,0.8481096518551211,282.3052545831983,4576.361899673286,77633.56592535497,26989.79924684824,8.414013901660626,87.9280726073419,242.51226268495375,96.34208650900251,1
-0.0978149177203018,39.40733647071485,2.587674026294886,1.311568712866381,1.3557173927756558,2.565995406046139,-0.665233281318485,210.9602179948798,80.34022584276214,-1.644498065936956,0.8516864189562973,45646.728990110336,0.1450778915130867,30785.34464799121,0.1054267447102804,27894.38029288572,0.8447155350021626,3268.621425081199,27802.272377660567,0.8481627806847323,237.71869453454923,2842.1680335393844,44473.44289736214,27488.772556599943,8.343723117656452,77.10630542250757,534.9985160862565,85.45002854016403,1
0.4321284247734279,26.513041503352937,4.713731450928378,1.6113288865465056,2.611389473319057,3.375571064532909,4.021827498737717,214.52389151447505,77.65839603658918,-1.5636213423641057,0.8170768034336063,49600.15674116069,0.2241605487574075,15103.318189871175,0.1475125948256628,14390.977707549751,0.8102018373283343,7230.688385675986,13778.86806301429,0.8157191812481076,247.0113479879635,6023.132911715204,49076.69760799714,14494.34103425448,7.169876742584369,39.99402689674297,421.94197120708753,47.163903639327344,1
0.1823998441722892,19.12787019239324,0.890460457036977,0.9254677806328244,4.505476589131585,6.893677057851104,6.1486934682915,237.2090623992497,55.70465668047393,-0.9581391571695947,0.8136501773978894,17518.13799608471,0.2369240557045035,16753.463997152518,0.1647032329828154,15996.40120619476,0.7904991768699869,2914.4113615748984,15309.234146560168,0.8153696016667134,1611.726631077353,2419.939701193078,17503.70044068647,16069.95338077678,5.532049591136903,22.551425163274413,461.8346727898967,28.08347475441132,0
0.0009708901194311,36.11381503040516,2.0927596477182338,1.2817342543877523,1.5325074152577804,0.6716812009191235,0.9628874628150428,211.3918737707849,80.33332062800761,-1.628519494338372,0.8493699227090893,46817.502545847135,0.1568171966003708,26386.86402696118,0.1150877780735668,24134.9744901425,0.8365242499889651,3613.263471032533,24140.02058902616,0.8502714963629928,189.9040670736192,3228.696138854159,46588.66989777157,23982.20338116428,8.562126268947296,67.10055125301666,472.8441691860636,75.66267752196396,1
0.8943971276168936,38.90049376966961,6.855441233966032,2.423886655698533,0.9836283536594412,1.2970512696970766,2.133933155717233,188.57471547721764,90.61024065718829,-2.1330464654605703,0.8762652575774629,82422.21193638185,0.1439401976662477,24227.66354013369,0.1022518171953444,22788.728177521178,0.87306029235807,5056.2292318805685,22463.2161570674,0.8758188413565215,81.16001565293182,4577.56074849474,82061.16044255107,22729.5572902987,8.423650200181692,82.86686400033014,469.97586846990185,91.29051420051184,0
1.4245164180979937,33.24905703272,6.537075042798728,3.1249867143788808,1.619581613908703,1.939277547334456,2.239726326687599,209.61432512703573,80.68217736159286,-1.6875725107005806,0.8357004758008302,65050.69285909546,0.1598049318937313,21872.788344521054,0.1074179624620033,19948.25586820405,0.8396756800525693,5300.882237187754,19851.03276089005,0.8433168615156782,323.3559725585149,4517.437732041969,66533.99626715093,20243.833317969027,8.424552735667131,60.69082999087503,485.937188885872,69.11538272654217,1
0.153450673814838,14.77980454983804,1.6565292712701174,0.9899936022733546,5.64746140994487,7.0521162804092254,7.476778228895123,232.59434666719412,61.59322042121978,-1.0913045224578048,0.7604272963717165,18894.882188418615,0.2945010120619483,8008.82097091812,0.1919142100586012,7804.378706539059,0.7451770152462168,5515.659827156566,7374.157325725478,0.7655256137176314,855.1231941391941,4365.273816849817,18664.090871794877,8061.8603690848195,6.742944460653654,15.54419073876637,555.2424824056301,22.287135199420025,0
-0.7142651996351399,42.32658496014596,3.594579325351193,1.548820185407531,0.8949839702593694,1.4831675237126811,-1.6892473291724437,202.8929145949108,84.12905054941328,-1.858112687524652,0.8505446202746139,60452.421955907295,0.121977104829784,34248.23207461843,0.0859189394856211,30635.551730246283,0.8494334376627243,3266.3755207771183,30813.434912523837,0.8443602614154833,168.82917976696874,2796.2806547068617,58201.76373219901,30402.73933301479,8.90911085112606,92.57074501575627,543.165892518878,101.47985586688232,1
1.3242793188082025,36.41395225326959,4.832469460608046,2.8022218520099984,1.425493669577729,1.83832035851464,1.9694178270767195,210.83104995473184,79.96478449903833,-1.6570650563986455,0.8491173634220137,69289.49702348739,0.1355446019786919,26942.36363636364,0.0950294688515948,24344.51720253544,0.8496064274185025,4430.569215541632,24291.24270874456,0.8554629870726744,297.65196237112895,3885.5332980194817,70610.7918248433,24572.52044844795,7.7201696224103955,69.7021304322199,478.56793722934447,77.4223000546303,1
1.253703595833637,28.99975788493367,4.259834373807768,3.13116239712021,1.9641596767461624,2.3590097257340554,2.566638883189796,209.70080480704868,80.69064934165621,-1.684180096301411,0.843738987917676,30261.79459363329,0.1911287529774051,16566.947514671883,0.1298768036815844,15692.250158991244,0.8345600354320137,3081.488048656005,15131.074081187337,0.8455261028944866,218.6002620067944,2679.1654195439305,30459.484357306213,15644.998406984414,6.818887280312583,48.75499404901521,473.35890307685065,55.57388132932779,1
-0.0087806283024289,34.32435671929874,4.04417650118079,1.3159912452507567,1.7375023281723034,2.5209498606262626,-1.8536345782287964,197.38997113997115,88.59725926411996,-1.9507385218865243,0.8581003951794499,75997.33515968302,0.1961078691716501,19538.28549890603,0.1406482322872971,18744.334474392366,0.8495275777467154,7625.690909090909,18185.70904539947,0.857193029748985,100.65801324996278,6635.821330206938,74938.94497171356,18784.713587170536,7.761630099698282,61.32587965183311,556.6418322667563,69.08750975153139,0
-0.2582710763250752,35.236131131237,2.877286945499769,1.400232740597223,1.777562097131171,3.1306430450475107,-2.4981876250292183,218.72165514797092,75.16825335810451,-1.4478856391353512,0.8746194984701794,46420.34398192459,0.1416651756698864,27171.18114634491,0.1069257765875988,25022.080110754545,0.8691813428237208,2749.695437544481,25046.32296695332,0.8778203640159559,529.7482831814209,2576.9786178049694,47089.17236858534,24973.60114209927,5.663609782030835,62.55842583284927,450.3414037412713,68.2220356148801,0
-1.0514860586176422,33.56275920296984,4.917592684954959,2.573288535806366,1.8526240449599003,2.491095997986029,-2.48925081115325,221.57533537059095,71.926399177796,-1.39411947538703,0.8338945376717215,35510.52298320104,0.1499050903159011,27955.074284659404,0.1040586327155923,24867.10211482554,0.8318073636249677,2607.274665275604,24969.13685035649,0.8365512434649309,569.1785223686653,2234.21002413217,35570.055949508074,24846.824831143345,7.231432782269266,58.80435136568904,582.7325055027202,66.03578414795831,1
-0.4272449570405128,37.68668732796444,2.4023474017180293,1.5891242896350155,1.3132702372698406,3.0842201093604915,-1.381926672067684,205.6447898147617,83.8665443689509,-1.765491015157789,0.8769545283889345,98292.82487531033,0.1438812226045462,27932.58669380391,0.1067023023756896,26240.732571678785,0.8711487473636872,5759.582004753899,26328.849010146903,0.8760076142654013,279.4836867740727,5260.558051704758,97533.9377144998,26185.059431784342,8.016975397144003,73.76270834526117,573.52063405302,81.77968374240518,1
0.7965863839630041,19.859645389579903,2.981269474283553,3.4817223691756274,3.8346701873816222,4.792469321438402,4.767007019696398,231.00776664754423,62.84885511091844,-1.1452348643478014,0.7986274720488574,29966.510963030945,0.2354411926105047,13515.06593779303,0.1503893688570984,12901.27836980998,0.7919588240742254,5222.792081414352,12190.72309936426,0.8002746058693151,812.2294153993342,4285.194255645692,30155.797392916225,12934.31920009432,7.1566751982113175,25.02456442127789,485.495881997115,32.181239619489205,0
-0.2767209069001826,36.037722950469295,4.992856569620202,1.5540321442886764,1.48337042645728,2.1168965808708347,-2.8656906576841217,196.9051021144548,88.07055569810667,-1.9789212441676731,0.8591680730199875,65953.52996175096,0.1797147194211029,21982.548470038248,0.1251360360252208,21036.6612111848,0.8523987635206919,5742.87483382759,20493.76729948484,0.8577108921436554,114.00563948284972,4907.6025943777695,64726.40137374783,20941.26626404212,8.485516345529335,68.15492364218032,541.5295211000473,76.64043998770966,1
0.0042957291081509,41.75108096729876,3.4489880524797605,2.6822867353021094,1.0781893328660126,2.497232893440021,0.5777727108317632,210.47448916133615,79.63047663228812,-1.6774548912071887,0.8427333881894633,51662.669346981726,0.1337044076687323,31763.228718774764,0.0946918982079944,28195.609726949184,0.8406160131189304,3350.8078117578284,28365.5440472656,0.8484606476435229,229.4241868520924,3000.5548763403885,53519.869081276585,28446.82412787421,8.088859275053306,87.3599100578531,515.5293920522773,95.4487693329064,1
0.9578764712912192,26.106536858717558,7.0024799728506535,2.977699457525349,2.3830453655387367,2.7256249450934185,3.605717511620662,217.4641592920354,75.28726834312934,-1.4957047134539887,0.8209225049528566,38009.072088601264,0.2008386090052448,14853.688444474095,0.1340978686376405,13680.667390807552,0.8175530471925664,4471.917761234135,13572.501859829195,0.8223398500636545,435.940734218369,3745.969046328908,37555.90260092116,13860.931789639386,7.9669357191481085,40.75249729905379,571.2985518439855,48.719433018201904,0
-0.0773632751050257,31.15437628351468,4.750413232496849,1.4225250553036446,2.080414507810288,2.685620744147423,-1.17654219418684,218.5445957599713,74.92636633375437,-1.4596492272549546,0.8424265298102347,53069.18572402819,0.1732837020676478,22475.30765830618,0.1221431500922771,20538.10985206372,0.8330809377582132,4738.631953319027,20388.95114056676,0.8383213375487769,356.3795143848194,4132.460467251582,52044.53672719853,20313.14940634904,8.13092705713259,52.00197908490741,481.29668813247474,60.13290614204,0
-1.1633445697614635,30.237143530067463,4.30036383230253,2.8457667079022118,1.9164469150990384,2.4652856971533827,-2.55611193565533,215.0583959628077,77.6074435737847,-1.5439860739344446,0.8376118162611206,34016.28313124039,0.1793910253069535,19142.076276299656,0.1268325597501404,17476.783935485735,0.8326696250261606,3243.5193647050155,17269.758515685313,0.8345347844889183,266.710398291342,2808.5177391923426,33226.902029031364,17196.942253922567,8.354007081948259,51.68804203985051,564.7354436608168,60.04204912179877,1
0.9218975904040196,37.4761822762873,3.6733941655007767,2.3570604333924603,1.4154026694179815,2.5281944643794256,2.8651213207753243,209.5969943763245,80.92364041916277,-1.6831795525448487,0.874662944295995,59926.077715162064,0.1382750728609134,29980.273591450725,0.0981780604404007,28335.45349713892,0.8664433875020263,3367.1299254275564,27843.610614841724,0.8667995690340744,201.02371575766583,2879.752860751969,57658.5051765988,28109.99358778016,8.086914488193734,71.95678540318525,251.8919241169332,80.04369989137899,1
0.1859032390062734,20.78427153990756,2.354178341942691,0.9732348101208308,3.703604605673047,4.439232168251952,5.46265636219328,219.95799412785263,74.07851386779254,-1.4191161799500969,0.7937096256975109,33567.30461527646,0.2724589196814136,10499.661446799537,0.1791134619285941,10234.70189785712,0.7831190840575651,7260.149096460515,9843.538805109103,0.79210145642628,366.87741012341263,6041.555642997675,32833.59259524236,10410.35587576395,7.144020133076586,26.71288027239455,539.7048380311318,33.85690040547114,0
0.2699348113295906,15.922440253149263,1.191101215671265,1.6197141904131456,5.343249715797179,6.799409134394459,6.775711049862407,238.80105137899352,53.01795675400472,-0.9166110661054222,0.7765910429940377,9250.700976800978,0.2542213010389683,12902.019108669108,0.1661014539681074,12423.331629478876,0.7505503093997945,2201.0770678773115,11385.45451229864,0.7742498251541254,1095.7574029126213,1716.1811893203885,9266.703519417477,12370.597505016927,6.495360677220624,17.229185489314332,625.5976539589442,23.72454616653496,0
0.1143658556413927,19.97990039378229,1.344828724109817,0.709632594886093,4.276225437800253,8.02344807337311,4.637237699638209,237.03995287657,55.79165669208585,-0.9657383301530996,0.7998000517439883,17963.8187416332,0.2356369567502645,17074.2234270415,0.1600574291475373,16065.470131955171,0.7742971195287033,3208.272767267928,15298.76281110266,0.8003169066793165,1780.0657970523462,2598.591326444181,17787.58776893105,16072.52443893718,5.4298064970965285,24.170608483309618,560.6919374247894,29.600414980406143,0
1.7865994640801526,28.770142904512404,9.789953960517446,4.367008516310079,1.8748536832411544,1.9714472131770104,2.5604302591072665,219.8782414118405,72.55864381263056,-1.4521395415901803,0.8273432996605296,30785.07082828114,0.155686818745154,19475.795020278463,0.0997813572182601,17506.895571225537,0.8256590932294032,2482.524588528678,17087.246337432385,0.816456621159019,451.8640288696997,2041.744211023757,29075.75963397345,17039.04479499179,7.623961712799981,49.43750688138953,423.7170360420864,57.06146859418951,0
0.1838916659569106,23.01593736806924,1.267211622327681,0.9377539443931308,3.621075683620807,7.510322832647176,6.504341220912308,235.42760369922348,57.933692225998456,-1.0135240245568105,0.7945251186491857,22838.57063553826,0.2230723387789617,20167.99297016861,0.1491033833391663,18553.67726390856,0.776767874689761,3813.940521166328,17804.462246092666,0.7947221441867659,1253.7346495871268,3005.12529112852,22410.71972263392,18573.756123961724,6.64772700667265,30.10494053569312,554.2071469086785,36.75266754236577,0
-0.4338139029724254,25.150470037022835,6.110119805728883,1.8162294139832296,2.705030712197337,3.414850578094175,-4.192262404742394,218.26378502849116,74.94187783942388,-1.470588249078412,0.808788385432231,44304.29022502151,0.2158115840396166,14837.59200632613,0.1380249090812887,14061.778828945196,0.8009886683099656,6532.908535557256,13476.846049477968,0.8142611797916732,294.2352404265029,5360.409727696414,45138.58575004495,14127.243234145211,8.061310592459606,37.34804597427096,512.0656168800676,45.409356566730565,0
-0.870255308599551,26.18557115645028,5.893123080347908,3.150933573577924,2.7432515772523542,3.9117602835106817,-4.239557331783945,226.09789298828463,68.02589194939215,-1.2746076317477937,0.8200307247034012,47666.188001487855,0.1890055261201569,20069.39343216961,0.1234318117166065,18669.430070128998,0.817879753460117,5368.874678559449,18070.320033683493,0.8247390007012616,699.2154901702072,4482.538540704579,48561.63314421428,18568.60197533722,7.083808358104564,38.85974315968745,608.4377214193331,45.94355151779201,0
-0.8933669023906067,29.133351688426732,6.3577124127121785,2.265782412496045,1.943979450464632,2.475527173243285,-2.4254382744716976,229.94332820466408,62.93528222992168,-1.1944018160018552,0.8018495129167215,38172.756895627776,0.1358759524341339,22964.75536676859,0.0880839127315595,19329.76328687793,0.8105860922533566,2819.6057575932223,19855.062232307355,0.7992913405989565,881.4978005404387,2359.4830955822285,38037.72868095268,19331.20131668906,5.771207047394937,49.55350108062785,504.4790089470062,55.32470812802279,0
-0.0321383265410295,29.53944923601953,2.8130925446360764,1.283089481776326,2.3966495620841703,3.813670327058428,-0.5026048274217062,222.86600381800827,71.0804018984589,-1.3562386532885558,0.8051946839571257,38273.75539579788,0.2016741065865909,21472.091676872424,0.1359966175369766,19385.98261456213,0.7951741512941605,5075.329165664823,19135.195060312715,0.8068810215167824,456.7289088863892,4179.662606459907,38024.307793668646,19592.95030033071,8.462428412344893,46.41514663869285,461.1289357026485,54.87757505103775,0
0.7873107160263013,27.38857298064366,1.730044124869943,2.966558192775342,2.749296816836872,4.113192301929363,4.406098495865937,229.43568608165128,65.24982766808665,-1.175373859148999,0.8448982323373968,37750.68719869532,0.1752055206053074,24303.275166221614,0.1250652519068121,22784.70087094021,0.8302542635423307,3412.064739744498,22318.70029034085,0.841715046860124,850.4779701824243,2798.47706269099,36218.06328363738,22776.82189543599,7.190194149846048,40.48240493767496,235.02958924027627,47.67259908752101,0
0.5451040096599111,28.637571581954017,4.177433746462515,1.7614233513657451,2.377200510781746,3.485102398018169,4.020586515947344,218.5922744157615,75.18129398516368,-1.452797244674582,0.8439783423880018,40263.30260712312,0.1932485045740727,19812.757924348218,0.1338035866949699,18844.588815665425,0.8371293146799489,4140.565340954449,18439.73674194309,0.8505894552145596,503.6313862483625,3516.662826240301,40852.761748009805,19070.293773627232,7.497145812761556,44.9868632640292,288.63677661465533,52.48400907679076,0
1.2828778493618598,24.894395676683,5.86930450760413,4.0174323329339074,2.6703431230122483,3.057691356795845,3.2356249592100936,226.23925404454076,67.8485565060447,-1.2716886299370398,0.8327897126614147,21610.521094294985,0.1800065385536185,17993.671256558795,0.118516378174941,16935.989343278165,0.8214755436392918,2153.954365251613,16351.056652528812,0.8249511607223986,813.4740861291938,1717.2523785678518,20490.84276414622,16970.362327508632,6.05150612604075,36.95204460091057,244.9065095097776,43.00355072695132,0
-0.7755585747341456,40.041266514191456,3.608228561924051,3.620868850191808,1.0690879987304278,2.054915587054277,-1.8205644376129928,200.198648698136,85.85920646095933,-1.91480984605125,0.8732713433144541,116445.27984865646,0.1377452292603691,29279.315886094068,0.0998442011528243,27078.468467436986,0.8746151461659658,6468.3834248746025,27196.054310737687,0.880807730370107,245.25689133425035,6066.554076111876,120974.28144276324,27182.95046886921,7.059087413483722,83.41232039990466,499.3915778792491,90.47140781338838,1
-0.7937757185555087,25.403072135767054,4.831887032984349,2.722393888177254,2.900305283972888,3.786996745826357,-3.900738780170379,231.3124887317107,62.33378569530496,-1.1400323758969195,0.8379651155605172,35128.6385674306,0.1712129342990192,22051.86691626957,0.1172544043730605,20450.08691794676,0.8282952069039715,3175.127953107688,20043.821019035797,0.8461598373851816,1017.8676668159428,2739.2820197044334,36359.458538587845,20658.39741568065,6.691508910616462,36.83971427604562,490.5168368702783,43.53122318666208,0
-0.5958112482293344,37.10655078431372,5.518218966342797,2.034142849922973,1.3591127572375017,1.8259801806482685,-2.187767537014902,196.7775511221235,88.71639121001076,-1.9688283557449309,0.8762319394096116,92927.96814975754,0.1612665010705783,23815.7618159204,0.1165002316241224,22753.92067741919,0.8686890385910534,6460.604760115629,22313.498609496222,0.8718190904841975,112.29412611344772,5729.635780652796,90439.9559098687,22583.66481987783,7.284194150148098,72.33463181883604,546.5810739704783,79.61882596898414,1
1.0516006286610278,40.91484385607472,2.358076204486274,3.3791677057049325,1.1841293992264044,2.539918309992696,3.1888976225053587,212.77391804221077,78.50687610956591,-1.6135942754437569,0.8680638464175215,57189.31193831827,0.1180170544475498,35247.47565524319,0.0851061601371406,32240.131946159938,0.8641093468660014,2920.418108642213,32068.9593561318,0.8680979614763699,342.24140319067226,2624.4624711970687,56878.79007542276,32024.527542217053,6.818399441570174,83.25110954732334,483.43159686111375,90.06950898889352,1
-3.3243382993957797,40.87898997489196,8.494197758216592,5.746422785124851,0.925599378367674,1.4938026459359952,-1.5489758538444929,193.75040970173717,87.67113798503422,-2.095886686518831,0.8395349408989425,95721.17518582522,0.150704411442669,26879.02287506853,0.1030482217936171,23965.55439326564,0.8438555625153051,6734.61221289912,24087.827940894505,0.8433976658363509,83.93459753127537,5914.460377594139,96733.1811646996,23981.93877956336,8.047738446411012,88.9969964315096,479.2081205311542,97.04473487792062,1
-2.829539520957374,40.13367255218649,9.901657266675796,4.807787758830406,0.8822277549212507,1.3023561164988102,-1.4336482506666717,203.03200452716297,82.52464317070984,-1.889180981928141,0.8440552013290823,89884.16207891628,0.1132721551239606,30562.328665839326,0.0740998465073132,27012.83446930044,0.8538885600196645,4434.454845630851,27482.056786098943,0.8484418251565883,160.2883951777507,3904.305237808549,92600.66512973378,27194.64397053409,8.695596196224969,88.10003654517858,623.9431301869395,96.79563274140357,1
-2.484733671324673,37.37253711072204,8.216242698543246,5.012340126122497,1.3429652153614198,1.7293258658351758,-1.7627204466886146,227.50940622164427,64.56426737762415,-1.2773595161036273,0.782581045433812,23859.85293202861,0.0827810120001802,37275.42309256645,0.0554740763903016,29596.681315733716,0.7964707885566439,1381.1233733310798,30770.06930231552,0.7793301072226705,966.9203022693672,1167.0712961441882,24110.54776935533,29556.27133037701,6.31788516500313,73.66220679956038,613.2260547527412,79.98009196456351,0
0.2665915358471376,19.20388887762164,1.8524012176429543,1.4445711716775922,4.318451532695817,6.931888269711122,6.665365810466673,230.73984280800235,63.80889271182949,-1.1406007608481854,0.7817756967265134,26467.17181996932,0.2639024202269329,12651.80490914198,0.1747571755104338,12188.66623841585,0.7696556293593562,6041.037420446306,11485.03268598505,0.783621125754705,864.1868039411048,4725.807660799292,25975.900431750248,12445.372668334405,7.231448884372341,23.02615090388513,472.38534998425854,30.25759978825748,0
0.1563117978489772,17.694405286969065,2.8927786443283785,0.7520455843257311,4.504877761999697,5.992397843738971,5.289057441407049,237.112295751634,54.99589766055168,-0.9757657394069664,0.7967757648750208,5995.963265306123,0.2297097401655956,14411.139173718268,0.1501395303742235,13789.571180719056,0.7567300020425747,1178.093829401089,12586.451092401572,0.783419690699884,793.1758166747928,945.0319843978548,5913.948025353486,13524.056164764184,6.108796296296297,20.75609370543268,457.4383913958382,26.864890001728973,0
-3.02790679306122,39.95354907579041,9.634987889791118,4.94344278182868,0.9183234646150776,1.247487111241811,-1.2775333117828926,204.98478315322407,82.02499871040224,-1.82926733190304,0.8272873948692103,109108.55533433864,0.1216525999934533,29743.355714857924,0.0824072885633808,25362.429574429854,0.8327782036754124,6254.327772123882,25666.40659454412,0.8175767351639605,259.14729740340533,5612.961488980026,103721.9149991242,24394.37375498993,8.028496922636513,87.14506297199807,466.6112037672913,95.1735598946346,0
0.8403423345493435,30.90829542692965,5.639558278624316,2.329795257764573,1.946299727670096,2.3346173973777797,2.882344882957609,221.46256524665472,71.90633761822657,-1.3992133043156545,0.8395477164468309,36876.436807976446,0.1536713614412295,23868.065404692665,0.1057356732337038,21717.874145957718,0.8339097461176429,2834.846547402397,21534.66799220497,0.8337719027799919,460.5854272279774,2399.654948203659,35671.00304900448,21472.46429829426,7.577940629662576,52.72003285002391,464.8751645721125,60.29797347968648,1
0.3048790068908786,28.70691007480258,3.320156759068389,1.8939383681385944,2.4679692887214046,3.5170681492729234,4.087541981869335,224.00908967507428,70.04836468062547,-1.3272648319296496,0.8368526737690257,31737.25105876953,0.1831668127044173,22468.31546116454,0.1243061195958954,21104.842598547628,0.8282973784391022,3165.3966296590006,20482.18958200862,0.8414609016485846,589.2334754797441,2644.8375350140054,32069.08131610853,21321.53165337431,7.048484970363034,44.53877906047546,605.7486867339281,51.5872640308385,1
-0.0858357122990859,42.3978237893495,4.616267550700181,1.7677004269850574,0.8213429493757431,1.396488266748324,-0.4139297013379461,195.31263106881664,88.05947674226564,-2.033422334743515,0.8715970325638427,76257.89540746347,0.1270697456458395,31969.218540415262,0.0919172415889236,29318.32459577944,0.8675161699540611,3953.9657795375415,29274.60323350432,0.8582571237271078,119.21461792724187,3518.707504948371,71449.68637564719,28643.83359708622,8.463675213675213,94.4150748053558,246.80583544057575,102.87875001903105,1
0.4077201124527098,24.00056458228585,0.8436139212297389,1.9527167137545964,3.442171483250296,6.613455414256872,5.804214753753245,241.56813587849905,48.22398074563021,-0.8355924115234784,0.8363242609584972,17659.711793178492,0.1489743732221666,30660.04622715845,0.1057712575940492,27559.65232476703,0.822298721767355,1411.8653250222617,27326.63490019924,0.836626355177442,3110.9362434064674,1157.8266187600336,17328.54812323217,27483.9527570034,3.741491863492288,32.08821288554834,528.3598464070215,35.82970474904062,0
0.6418022522882032,25.56351364366236,6.886573885207659,1.874909804865749,2.372661962933701,2.562030978465101,3.2518338981775257,214.9665021929825,77.58909795401657,-1.5479042363945328,0.8417722091440586,34111.03915715885,0.1934361304169827,14250.646937533138,0.1318232252391989,13592.358052232095,0.8325712210541582,3716.325516931376,13113.036240325604,0.8391758893832973,295.1200238260697,3173.5703166881763,33502.31071180383,13536.40589632478,7.916051413255361,39.95399036125461,551.4672660859792,47.87004177450997,0
0.1318807587139246,25.71077819875412,2.616114732625607,0.6754181596953437,2.959472476745823,4.721451782946807,4.700366349442204,222.33270069112172,72.35325695439576,-1.3544918646634712,0.8288216817124345,30838.56049870698,0.2251930677721053,17375.077539263715,0.1557526249668349,16622.0173407069,0.8106728806608663,4483.481972829768,15950.41228759691,0.8231624496511778,498.2372501322052,3777.543754627181,30221.014426229507,16498.506166801693,6.785603402445508,36.81170362073149,565.9068744106687,43.597307023177,0
-0.3398605855984818,29.340274997047626,4.784458600453672,1.4486408520354497,2.306735447909133,2.986157868184925,-3.2239331136926754,220.41450845461168,73.45001160314008,-1.4126134546686613,0.8402630825587477,46051.12568527919,0.1773812585241695,21636.65231327049,0.1203826090403672,20292.459576544305,0.8330974418015293,4452.477568203392,19688.43742525231,0.842423523990199,652.4641178268399,3708.494753387376,46121.14038509118,20360.608307606424,7.323080857395267,46.9188291116893,591.768944608805,54.24190996908457,1
0.5614198591119767,26.23597850072717,2.180755484175738,1.9708794224042925,2.897380285992172,4.601127724954843,3.867981284648502,234.58100036516024,58.3663580504595,-1.0495258047720013,0.8513437673344031,24924.531118958286,0.1560820807480142,27481.27573935114,0.1095246248475864,25532.391114054797,0.8364348313938763,1867.537439171158,24944.38051301977,0.8449057486866245,1204.9704158372042,1576.4634483521345,24459.88558947136,25416.42222996831,5.157579683180024,37.90802415569215,460.5702470794996,43.06560383887217,0
-0.2564817340600417,34.60552207626631,2.6771913464630983,0.8531091691923794,1.8238288431529075,2.5905475963245115,-2.9759076670649867,224.14206088209767,69.64797399759944,-1.3291674120613723,0.8397680866762743,40808.1648922273,0.1405074464990524,31018.01090790333,0.1011826498625603,27812.66245652009,0.8244191827638091,2816.517189223255,27620.713544886403,0.8305751623829185,561.4937951725078,2365.97794217919,38148.21283921997,27133.027124827477,7.541576755555909,60.89767476253533,402.79548030862617,68.43925151809124,0
0.5065631731994858,31.5058662085188,4.023133704160514,1.4160527982076732,2.035104957555814,2.7778540752000014,3.5231131978627825,205.35829616584675,84.4994532040028,-1.7624387597268505,0.838017019882565,53724.72710649864,0.206371336758194,17971.53023227082,0.1439091350065139,17059.214436744882,0.829737135616846,6361.184853227107,16689.682424708964,0.8412305766114365,162.2617228727949,5380.759184801729,53224.42757702166,17244.80186433653,8.66727761719722,52.86778713034546,537.95090082167,61.53506474754269,0
-0.6420214187025683,36.13962603683111,3.760153274531412,1.8470990036474644,1.3650846167506028,2.352582954665128,-2.904818473609235,204.6764343045127,83.99495138421243,-1.797378230459196,0.8506180756939486,70617.17948519,0.1669812112094606,22541.81319224876,0.1180052831535859,20556.43145878446,0.843123811587183,5651.546876313798,20525.34250799109,0.8465236631679011,287.0716887989337,4939.063859406625,68591.10390482303,20620.013888189595,7.50517826954416,69.90569506896358,464.4375048311046,77.41087333850774,1
0.3466125117407705,29.99024353679317,2.1368212921838032,1.1672036343515173,2.293914261710159,2.953978784795007,4.2710346887696335,206.6032269158021,84.70026962845293,-1.714165962983199,0.8741976872115111,66995.94924497556,0.2001007577370809,16763.602031504615,0.1524018704964153,16289.284601198133,0.8644382223859229,6604.395582712749,15984.87154870409,0.8769473116236344,205.56734720500947,6201.498075794143,67431.35340160459,16275.053106825868,5.696034520875468,47.82172195750868,433.8674582403878,53.51775647838414,0
-1.1063473713951917,28.07104056846346,7.320601609723323,3.3479432361433434,2.3304559824090303,2.992336933976648,-3.3691511397608105,212.52223036412164,78.9427432207777,-1.6142498183936262,0.814846342155137,68354.99722432731,0.2072227150585143,16173.623038083326,0.1325348312537494,15194.33674706393,0.8140173187249508,9086.049984190333,14703.091944864527,0.8190993853586623,292.87657439953136,7442.674190831869,68937.74708919156,15277.601898025268,8.690285125345534,44.60158843612197,617.4214876033056,53.291873561467504,1
1.4077404630404242,31.08595134959388,6.863765510684985,3.3963117521543937,1.8452407126914137,2.19373513562814,2.361507918474433,216.48103384074255,75.57367118663618,-1.5290629218262244,0.8187940536768856,41954.49455265764,0.1699084569294917,20889.353672078996,0.1116201706415049,18677.84710847388,0.8159255656478627,3955.705869036165,18374.77121184765,0.8166817607281579,316.3554897044298,3249.421366157587,41199.892971658686,18598.057716934483,7.386752625652207,54.00493875248974,459.2294531011305,61.39169137814195,0
1.4122408062896352,30.411285234255573,6.33236552464322,3.354639304485353,1.9085207714793857,2.2572102641826177,2.436622645303762,209.975289301082,80.97591119943222,-1.6680779517761215,0.8543866688483371,57786.79065702519,0.1732272301246608,18411.200842831146,0.1184302337641169,17408.50675896286,0.8482214705259469,4913.102373495773,17027.253187516,0.8527303182882061,259.7984798237757,4211.140737333882,56920.140543680856,17453.769595851798,7.668876634498893,52.01829912803505,258.3971647633829,59.68717576253395,0
