mean_l,mean_a,mean_b,std_l,std_a,skew_l,skew_a,skew_b,mean_lbp,SRE_deg0,GLN_deg0,SRLGLE_deg0,SRHGLE_deg0,LRHGLE_deg0,SRLGLE_deg45,SRE_deg90,LRE_deg90,GLN_deg90,SRLGLE_deg90,SRHGLE_deg90,SRE_deg135,LRE_deg135,coarseness_tamura,contrast_tamura,directionality_tamura,roughness_tamura,label
24.63178105858769,1.3763702860402889,1.903071910146316,41.15915603220569,3.106461543098299,1.0840109931499773,2.106669584372591,2.055414945324979,212.76354375,0.8147333063695328,2148.6302904643244,0.0810382592863926,32390.56552877205,79095.17051225962,0.0914778157555865,0.8101762171018624,293.59163019693653,2066.524109096593,0.0781082383842889,32147.293014657105,0.8179722653734677,152.45553805203977,8.622225,85.82102208607827,472.46663590216895,94.44324708607827,0
16.947922920839176,4.734757118455607,0.3959695636775877,32.83291638313938,8.87672950483826,1.4679643362213068,1.7479909044961128,2.6659221799388524,188.28850625,0.8168142843379212,6626.8354874334045,0.1411294599165169,14648.161444537676,20118.102595842283,0.1553493287761867,0.8038117247395025,40.10003864902941,6392.526811205725,0.1359998338257577,14650.45944691541,0.8171285677883787,22.30615874204418,7.775525,61.89394917197984,246.1595768021257,69.66947417197984,0
27.16298279037388,2.6526249965397244,1.01266862682793,41.842384915454495,4.458598809278683,0.9099060707445428,1.5435557075806845,2.4771583633544614,191.45914375,0.8102137700150627,4762.448278526991,0.1191978611069281,25185.021935090823,93197.21217975963,0.1313087958655346,0.811859077665743,58.31937680054775,4717.0787008926845,0.1168452344494456,25219.04119503586,0.8213929226470542,27.94948855333658,7.9185875,91.1313025000362,596.7977672820952,99.0498900000362,1
16.455163691089158,3.483990515841546,-0.92917231075288,33.97530651415487,7.080744042823316,1.612357883529269,1.9933856151201883,-2.4577778144433133,206.2548625,0.8388749435119264,3428.112861677552,0.1168961989993561,21346.17031313145,28662.62267537518,0.1307122252441394,0.8366864078988148,158.88536933231617,3505.068161464725,0.117950849487097,21069.375129892705,0.843744359045824,107.553732125002,7.7593,62.500435798506274,608.4473535718315,70.25973579850627,1
5.46321594790415,0.5638972214481806,-0.3478034074302011,21.89687402508053,2.557474230216204,3.7972717358644106,5.92496560337223,-6.147986486369734,238.35950625,0.7431946554810697,1870.3421220289144,0.1372386470928783,20451.661403282764,35393.52232296006,0.1563585065395567,0.7434242350198628,1238.2248065787553,1887.99352829546,0.1345820487703121,20625.86212816612,0.7362426503687957,678.1663495996107,6.04996875,28.1245123833043,476.94572559981367,34.1744811333043,1
23.01806392027789,4.779621943068006,2.6059456664919853,37.82607939943362,8.245927543554993,1.0509901324097364,1.3249203866056154,1.3608675749997532,218.268925,0.8001582566862571,1455.647391332597,0.0612949344090333,27446.248704533697,79549.35951746692,0.0693500363080717,0.80480003972355,488.48107992286265,1465.8776944503963,0.0606763306258294,27718.259248121176,0.8197495892400978,361.3576109830644,6.24971875,79.12592301309427,563.3039253292419,85.37564176309427,0
17.688597931287816,2.828535289955721,-1.617943769500193,35.93114544627227,6.190660865190703,1.5658441289142604,2.4594732434920514,-2.782914241237847,205.82185625,0.7861977109085088,4294.298242702819,0.129010191430872,21147.02345094481,42732.80805801238,0.1444337249986401,0.7951569060559355,122.18247168882324,4385.235647464303,0.1321741110900758,21106.30005972289,0.7964341973553889,70.81793277517853,8.63435,67.01740651893796,512.1094115529962,75.65175651893796,1
26.686655942920968,4.695262565116285,0.2995746148351171,38.87984320190723,6.836142879146735,0.7917186181420893,1.0467302212190646,1.8982633182124395,194.4875125,0.8371569230125198,2980.328100385681,0.0865347088397983,24769.42380837348,39843.8925389755,0.0979473878303764,0.8565448914828315,123.21771873301248,3007.638638081222,0.0863333150174922,25365.6399232475,0.8561576648083686,56.40229899673207,7.846775,86.432101008153,644.1758402592652,94.278876008153,1
20.72175590183664,7.451698611347417,1.4744606952614054,34.5289650965291,11.754771932598432,1.1045010703506757,1.2077196293674772,1.9196704256788888,191.0147875,0.8404247386116453,4215.386192152918,0.1061927646475667,17360.484553297163,25295.46286468813,0.1179364656267182,0.8292225627027133,132.2647187540224,4110.294967177243,0.1037669367631708,17225.372620869835,0.8422804717320157,54.87234507897934,6.8252875,70.9198040928668,528.0653386037014,77.7450915928668,0
22.85933039065712,3.767960614031173,1.100858162714406,38.62905876993419,7.096371135086345,1.1193949073530551,1.5536349881411666,1.9683469388953487,208.65846875,0.8026637392360334,2595.628781323397,0.0968669847476309,25879.697148767485,57757.31679234288,0.1069511231196822,0.7988361194847142,172.76680293482335,2587.1063248656656,0.0960933815703846,25505.82980736535,0.8130326240798318,100.12972667232287,7.40171875,79.67696279411534,449.59076820371,87.07868154411534,1
3.793965575259292,0.4309258512139253,0.1524105511022781,17.887475967901214,1.9385313499522967,4.631360321745721,6.152819727111451,6.425218962052584,227.7136,0.7098775166698076,5625.059819515287,0.1959422477881671,9449.281034750307,11599.792563305466,0.2200005088494136,0.7067886204942155,397.6688226098152,5496.672868834871,0.1919566940673933,9563.420447119614,0.7097971159087413,233.81128012588687,7.9086125,20.75163544384887,469.268245057359,28.66024794384887,0
22.899725569702728,2.160623048531722,-0.5321859705687626,39.99830982698739,4.175594713930621,1.1901925206199953,1.9772806467559656,-2.2353744660035524,207.16900625,0.8605877547709487,2271.8287027579163,0.0897313392064388,31858.3230943652,48100.23787878788,0.0995722351591018,0.852133457117102,233.45120328939413,2251.1909023374737,0.0883934463766464,31525.10164635356,0.8634134635091699,112.78724518176762,6.2421125,81.4269593348948,466.8384012747311,87.66907183489481,1
4.976726161806057,0.3402940843794346,0.2504945274807706,20.798509809999867,1.7646924933408603,3.9972632534923935,7.135241172793741,6.486481195945948,236.10903125,0.757381553930132,2700.3769296740998,0.1675120202022128,17524.464274023794,23812.67255574614,0.1848751369828633,0.7480387281767366,1357.1503859462337,2496.318072930529,0.1541010327633487,17944.842826442236,0.7526860260149105,802.8195554844899,5.54405625,25.91959369648591,235.253880366706,31.463649946485912,0
8.593289180760445,2.3416661499283604,0.7556965421174481,24.9938666171032,6.697598055481118,2.622715719534892,2.992593499722973,3.887303291097581,221.09979375,0.7686315737036449,3704.130919355624,0.1405600953054787,14318.988585741708,21897.83301698545,0.1614097819024742,0.7786179614200863,377.6522665117743,3678.845204385392,0.1408608995482391,14606.131058408895,0.7731311530889939,239.5385137121024,7.45856875,37.50490442942313,566.880996145864,44.963473179423126,0
19.924623810110365,3.711511023594591,2.840679359788408,35.98895665741171,6.777601430493433,1.278183180068607,1.6119364892078456,1.713593041431201,203.62366875,0.8072524415135265,3551.067647058824,0.1065698060495226,21579.50678249625,36177.13466160658,0.1222756760070566,0.8125323932233258,139.8007966882762,3634.3782707178007,0.1076303907119989,21597.38126442882,0.815823845943576,61.740623748720914,8.1589375,71.04396322904236,587.9207489658174,79.20290072904237,0
17.551220222506313,4.438063106747414,-2.621308231343712,35.032037704128456,9.230278954523198,1.516584481757279,2.0177497063226406,-2.276562517166975,214.1181875,0.7875760743558141,2962.649813518419,0.1067265310053411,22415.125562534216,72874.97127984204,0.1235415480818664,0.7959704786182421,349.3897994177932,2933.5041671651315,0.1092577322327791,22520.07562109821,0.7991382123532826,163.44173983920567,7.270275,66.19999739901465,482.71011418513336,73.47027239901465,1
8.284181907374986,0.6874694277070833,0.7819193840999772,26.11322420354065,2.4541421093519604,2.8860661878663296,4.405795348882896,4.69556085889102,222.66903125,0.7570436903284636,4608.303676119065,0.1661177358605997,16438.407376103118,24044.435170973506,0.1825751858900656,0.7474377945345227,322.0303996327561,4472.552982581418,0.1581313356768536,16485.32863515547,0.7532352017393266,248.50934239831204,7.7966125,37.70982908380233,554.2456223100053,45.506441583802335,0
18.72378664042404,4.039943795688002,0.4569272537872666,35.39561097384281,7.413440756215962,1.3806855068320605,1.5569000397364383,0.9468112473532516,207.5875875,0.8093782254787667,3306.984720976754,0.1007194104216173,22635.03820443637,37392.909101883146,0.1169700685595303,0.8059310057315673,236.4270736702081,3218.327218945268,0.0993028411574078,22599.34695024864,0.8179056690002156,96.78039343196228,8.1034375,68.66761902790765,453.1972351711944,76.77105652790765,0
3.5653666197696112,0.0925516781640291,0.226294918892601,17.984300107767627,0.6225147564712395,4.899784232279861,6.930041751948773,7.116339078801803,241.1393125,0.7382342215671899,2175.4070204273303,0.1759697236209806,17965.992532651446,23559.00692650857,0.1933268292796689,0.7308425269680222,2011.6697440981472,1949.9952289485095,0.1597781299497679,18446.603134040703,0.719203206874865,736.2551525368427,6.05625,20.36486565504845,215.75251728739536,26.421115655048453,0
37.41067732107215,1.7809507864774952,-0.9493533313214868,47.076785189244205,3.054157570121515,0.4719544471604925,1.789120365745419,-1.9207543235072435,196.890175,0.8044365267237386,3532.5403683795994,0.0929603880542803,33510.56855482282,117414.03791573973,0.1020330673561661,0.7950884943042025,130.258121463817,3311.888940338895,0.0890107407531119,32949.28097768268,0.8109246761341786,59.92569561133089,8.079125,113.91088459182436,525.8661049305509,121.99000959182436,1
9.65390420364854,2.1555836899216496,0.4594287543353925,26.949270813675103,6.095833285368593,2.464809133472712,2.8794772020698094,4.80077072337627,230.0508875,0.8199683985794425,1606.2257690449349,0.0997417966388663,22482.50478165642,33647.084071509096,0.1161364920771007,0.8092392802956841,1035.5178356583097,1609.5170877637954,0.0967182524806285,22196.00394015453,0.8198946467981088,499.6716210500876,4.96986875,41.777703592135225,458.6208732694356,46.74757234213523,1
23.442987549114918,1.0047259405328834,0.2164441200552687,40.890004979397474,2.133505700038963,1.192343542519037,2.6342963174899383,1.9221838829162503,193.84210625,0.8194669310071605,5742.162919634448,0.1444341176651307,23377.56235834235,77423.78373323784,0.1590276394435075,0.8259451959004999,81.30383373268049,5950.947624752578,0.1471077832958038,23206.55338102902,0.825528192395055,45.28881857875087,6.6671625,83.03716529723627,448.9103476566506,89.70432779723627,1
10.848468650146804,1.471666691616866,0.997545720095516,28.951650905813626,4.16185006495605,2.3249161030380194,3.003416299192104,2.984238957686692,224.88435,0.7986838743925084,2423.430831973899,0.1207380933673099,22123.303565600385,33471.92237629146,0.1377184479690167,0.7926365888120175,530.2509750443202,2404.498486294832,0.1153731967911391,22314.580958449296,0.7908348504150468,272.5242629227824,7.35321875,45.95943779756076,503.31751412429367,53.31265654756076,0
28.672033076987237,8.982629123924392,4.162278625188003,37.78870397027528,11.599455223673354,0.5773132557298379,0.6742926152537053,1.2035853409807284,194.99894375,0.8203855226536463,2900.65704054996,0.0733311902293425,21734.96200179993,48178.53867074854,0.0836307861461673,0.8278676499069038,95.80699839659376,2934.098535375992,0.0742178979707287,22011.97114910449,0.8381307207254922,69.68081785147653,9.1552125,87.99428459003757,612.199630314233,97.14949709003756,0
13.88445222053654,0.6670320759382082,-0.1454456505124668,33.74338418413929,2.537671873428165,2.03449347478707,5.042608746044569,-4.842541997948438,230.10314375,0.7647477863392923,2122.898150323945,0.1201487600150692,25027.271142906982,422638.6998892209,0.1379582787163494,0.7585736585215177,642.0790148794254,2138.1621686334875,0.1214343292586396,24201.86769250731,0.7514679398798516,406.0413871661815,7.3666875,56.98526094151536,475.8414310619268,64.35194844151536,1
5.275722249701941,0.7495565390934489,0.5252453549376889,20.84531466725899,3.1513731018086544,3.755607099318412,4.827491174132204,4.912423723583711,235.7343625,0.7510113658297085,2372.7646006389778,0.1458155992163163,16593.935408699366,26625.01124600639,0.1639862358441128,0.7384176909735081,1113.281615302869,2275.2075805880268,0.1419602434158159,16293.546039698476,0.7352486106060809,466.09363325649787,6.406825,26.68809142531514,226.64767123287663,33.09491642531514,0
19.332782857359984,3.793407210131708,1.2702498538380624,35.726642556562446,7.035612417332637,1.3269139602743394,1.6216179056578688,1.9806453548570289,210.05520625,0.8132746705865106,2716.6243145743147,0.0962482574941685,23607.0953803549,42490.99132395382,0.1100853166922355,0.8183543374321519,268.5148271372776,2688.1836395197456,0.0957160143541199,23759.07344980283,0.8198932287049426,126.94361825499692,6.702975,69.99223670527246,550.2146635839963,76.69521170527246,1
10.28513339423296,3.100571337957503,-1.0689699021508354,26.09738151470001,7.9738297602554145,2.1918000822115085,2.6119683478489715,-2.7659073741625484,220.4408,0.7908886535886905,2844.7024687551875,0.1196971571949903,15455.47504413217,25953.80247586976,0.1374630896897166,0.796783223167187,297.71604996912555,2863.7059801453474,0.1213444338791167,15361.240357440289,0.7955095385158405,185.000749459948,8.22425,42.112140251581785,595.5023425299325,50.33639025158178,0
20.681094848469023,1.9813587420017835,-0.4586875866395425,38.76588257884984,4.464156148527179,1.3544214140496331,2.2994323707628044,-2.6239490953401288,218.18276875,0.8197578794136982,1755.2052394094712,0.0790117727920956,32815.90130929024,65092.10167783765,0.0899890477694805,0.8077734929077511,529.7772399264936,1742.2342342342342,0.0790822418356594,32081.779472091486,0.8229414602963903,224.93555445462803,6.2226,75.9487892934646,410.35880694465055,82.1713892934646,1
11.049552144748908,1.821016635271366,-0.8618746424299292,29.2461921036098,5.175213718589686,2.30231540701294,3.219610809494858,-3.10726504063226,222.88841875,0.8054264240813469,2589.487572578181,0.1235230022966307,21740.087325241788,32335.55589793216,0.1389232525464651,0.8036387702584491,494.72180720425706,2619.645108473189,0.1229701377629586,21321.2330224252,0.8002571621482667,258.99851340334726,7.14015,46.80029865378064,599.8595516762547,53.94044865378064,1
3.74538259177534,0.1498873578561215,0.1788155686643976,18.358986293408236,0.8992815434658156,4.758374259488672,8.017812479088848,8.5051087999226,239.33320625,0.7204718204854452,2675.4674728940786,0.1749038948001809,15739.599525341524,23671.113584236864,0.1937273009063438,0.7284993184308939,1470.04696485623,2500.307348242812,0.16724602360043,16322.968956915049,0.7077251772863467,785.829200307574,5.507675,21.09342523629227,456.97505073415306,26.601100236292268,0
23.818488540315872,6.397031859589792,-3.036383779460345,38.65975002579696,11.183152325786576,1.0269881580491442,1.4313604478053334,-1.6210960375725252,208.77591875,0.7800910802422255,2366.4112390569944,0.0865588828609236,24841.469476987164,73659.80725780086,0.0966317386745655,0.785152047345977,194.9017789485079,2363.8353119474614,0.0866760268657973,25162.168447279037,0.8011451079727311,129.59851313453146,8.79419375,82.0270938861156,474.7735839206473,90.8212876361156,1
17.441121188977434,4.424161140918646,1.121028391260861,33.67783419219822,8.45135735491626,1.4494941365081802,1.80657877703686,2.1969631573595296,197.4872875,0.8070298181823626,5305.062264098191,0.1341222167215802,16559.98390768245,27497.75326418207,0.1482973826409589,0.7987781017444013,80.12843463188702,5201.066462080527,0.1313938408814862,16580.036253981714,0.8126498493146311,60.284410242802174,8.221375,63.881367363728536,462.9829104731295,72.10274236372854,0
17.674896103156247,3.986139108570059,0.7167072572567207,34.367989119362015,7.558243980919629,1.4545770683361765,1.6305027881947982,2.7159991106940717,209.0927625,0.8397365685600318,3031.048363398184,0.1047920396690027,22056.501509170044,34548.826320168526,0.1132658003767681,0.8364549282860082,301.47987284351893,2994.6206736436047,0.1026757457962248,22119.410290305743,0.8408438284855484,146.84732446327007,6.98749375,65.3692857247187,562.9094654747453,72.35677947471869,0
18.106731587370145,3.3031139013602595,0.5018377927453193,35.32910012662367,6.577399025742708,1.4665460322746724,1.906754582847709,1.901068218555676,204.54376875,0.8110585113243072,3966.1778351346993,0.1209267245558889,21338.01945853771,33544.61755121794,0.1353156217602528,0.8116244874196938,176.75305418560424,3984.604003481288,0.1201606373990649,21241.21435088221,0.8160605818308434,109.75230691539016,8.0576125,67.06931784603427,551.3619598316624,75.12693034603427,0
7.426856830925524,0.3294654870263645,0.3578705888803094,25.35413517046331,1.398744287909628,3.15250618155134,5.218016343475409,5.434389812969053,233.4471125,0.7851126826277713,2333.555904498846,0.1448530303870728,22217.31644296189,39036.52941844186,0.1615076605322926,0.7800796294847545,1170.2937301226716,2344.188702105104,0.1432765831562287,22042.343211247822,0.7771692319228485,627.8170611439842,5.17120625,35.33349961350944,455.0217953454008,40.50470586350944,0
24.84916806698797,2.260815923618652,-1.0172397942782316,41.352078659162366,4.731881031733484,1.0802533652814224,2.323500313362394,-2.15414551202436,199.11415,0.8366369406608819,3641.919193827286,0.1137668293872521,29037.303294921745,47266.7901451634,0.1247050805121472,0.823171600780532,106.61758881421028,3444.5047107537207,0.107231395056652,28839.456052681933,0.8360392277727821,78.76827816146701,7.9721875,86.57822685831871,240.6275729766164,94.55041435831872,1
18.27525058018073,1.6707394654678007,0.5041941433760849,36.72635844191583,3.8090747892762304,1.5296606509016533,2.464006884799998,3.08457648665874,213.74516875,0.8286649487302759,2660.2239228801886,0.1075722056818088,27899.48728544372,44387.47320480031,0.1176322058169909,0.8277431965794038,342.05534829553307,2605.031029786226,0.1044308763592322,28149.04753053484,0.8352336027992066,144.11156250579702,6.62575625,68.89610132807367,444.9548702114673,75.52185757807366,0
38.26175023383696,2.45563376755103,1.987576679055676,46.15377379822343,3.763695800276992,0.3838550313307976,1.4462085070782116,0.9619582384108424,212.1347875,0.7272331399441626,1551.1797999607766,0.0500490468731924,32525.090511135106,190941.14081192392,0.0531503431892186,0.7234137676927914,380.8664460673937,1567.4463415111702,0.0489992055687258,32413.272161116995,0.7542179533261963,145.5373915487021,7.34461875,113.13637511323668,511.1126678342089,120.48099386323666,0
10.031155387527404,1.8787977437352128,0.6129844476945061,27.590168669806825,5.61162341574121,2.4279245668342653,3.0819843718025264,3.7513021574675935,229.69768125,0.8077632852722407,1689.3080737444377,0.1030653323498863,22565.485402159557,36881.61611570248,0.1196654298575301,0.8154142158203112,974.2893271984298,1606.3043534219248,0.1007007946659143,22988.45211676289,0.8136341442128316,537.5705683213997,6.56841875,42.91981850592596,456.9545100077983,49.48823725592596,0
27.431909097029408,3.8360570177690425,-1.799824497502832,42.157698856837285,6.652896089141257,0.8968411903624534,1.4837065216462049,-1.4079628411763343,216.9255125,0.7552097696687388,1756.287967454913,0.0744572235025598,28740.996971947592,269379.60726173123,0.0814568969776342,0.7596325734176511,426.8516299292652,1737.1359319907417,0.0735278013116816,29005.96595237324,0.7750522101846025,127.78169520514663,7.76305625,92.61913643654805,504.64660766961657,100.38219268654804,0
26.496570518518315,4.412479682158006,2.066789022428612,39.05409019635988,6.129433744835308,0.8197475007001871,1.0699269075354103,1.6658782866808008,180.40846875,0.8398392724260916,5214.75076364506,0.1141323915840312,21114.021033341392,29385.92860326329,0.1263529133583088,0.8371931817732168,54.60063097030922,5121.926251222917,0.1119810736049435,21062.91881804843,0.8446790038752297,19.3563285895567,8.1337625,86.29879922543041,538.5550974209717,94.43256172543042,1
4.441139250670688,0.3305157611596532,0.0638790313724524,19.827396134389243,1.8133570604842848,4.28889232647316,6.938249149439428,6.455294368309462,240.255525,0.7528332054808581,1878.6101489244347,0.1524572052280207,19216.87955242864,31988.76138996139,0.1661030478642728,0.7430057144267842,1884.7801604004324,1761.6069051817303,0.1439491978692724,19495.776671553205,0.7374154583934004,877.6736001627422,5.52163125,23.97354353058792,243.8602761982128,29.495174780587924,1
22.3203896808424,2.0276469215973063,0.8970814133646674,37.62049013576035,3.5906424278084983,1.1096880072898163,1.6910119280487357,2.503545567230956,202.9693875,0.8440349424295635,2894.3143177605034,0.097560631419094,25735.77153404478,36808.26940632156,0.1095308201594089,0.8474034272622399,112.82372865555227,2860.176302419167,0.0942532318679356,25972.524767570307,0.8467934092004976,72.4462507801587,8.3758375,77.28651912912632,571.7862196582128,85.66235662912632,1
22.644348252191605,8.321195870865814,2.164180947811242,34.87621314862273,12.733540584825958,0.9242157226904796,1.1102413135215867,1.7330123841374745,199.90479375,0.8541658559385578,2644.7693500263267,0.0757086828202909,20727.680831521877,32386.09031474873,0.0861342919366422,0.8539286925940504,262.1319805910896,2620.766181443905,0.0742796188590467,20716.07974525713,0.8642222217648572,110.49291246120724,7.8710875,74.4633662707907,470.4636947176256,82.3344537707907,0
29.060833021980745,7.509368726806431,-3.1808212812380887,40.657137363490286,10.785978293152072,0.70575424907284,1.0109238818663866,-1.1012632727283644,193.51203125,0.8323347417092,2985.1759389329163,0.0848542114376009,25449.750601435087,55891.94574465266,0.0944907377547346,0.8318658297292573,106.99323992296964,3009.971246430706,0.0856497274464919,25338.915487836475,0.8403857841674713,65.35547763576267,7.99315,93.12942681230491,580.6831593281886,101.12257681230491,0
3.5761684151965003,0.3618009718787089,-0.016975321808616,17.438788168698693,1.4073116564231198,4.789101704678349,5.184416746396186,-0.8646712181147503,232.42938125,0.751815476659686,4024.300999091735,0.196428424772654,11001.901887886574,12842.21267938238,0.212741051887365,0.7608214008739184,931.3235580214,4031.16911049465,0.1955936759326224,11097.426290652013,0.7465759826718386,449.84978207250737,5.81169375,19.89942328557058,604.8101704709625,25.71111703557058,0
20.8362077050632,5.311419179162156,-3.341061608112334,37.375191813558935,10.209431112396905,1.2577518624055413,1.7317549369671188,-1.7620053006518983,212.56296875,0.7948588156374333,2239.7106257874843,0.087556475587199,25333.06134123731,60903.611106868775,0.1022244323997086,0.7900177619445048,240.35660634364663,2299.6486475968086,0.0915427071986541,24376.099493826896,0.8120977574531852,108.56233823399948,8.3423375,75.06029544126017,511.266640716232,83.40263294126017,1
24.316383047350342,5.569402519742527,-1.886626656846211,39.1935243793703,9.439050085562528,1.006569993087662,1.330464162862086,-1.4929470782547458,212.923425,0.8297912111099692,1386.039433653171,0.0586923109358697,31292.139410709187,64275.48373508074,0.0674550397165547,0.8190316225599032,387.4019700662732,1334.2985113711902,0.0567649249087382,30960.260513269423,0.8426567584022189,158.00348892724668,8.23051875,83.580536647041,477.4991810195066,91.811055397041,1
2.5299253338301257,0.3099262527784793,0.0033839183744513,14.727946311942656,1.7631561877465938,5.800850185550307,8.550938046142697,6.68093150615387,237.84589375,0.7167658574054481,3271.436444144968,0.1903451101539324,10021.01754877528,12289.664388506522,0.2090382990235086,0.7221236340233703,1516.9614123094732,3239.585954080648,0.1834000888753091,10096.89689499392,0.7050761884440253,775.8592566496388,4.98975,15.339575784518908,579.8521961422263,20.329325784518907,1
18.953868533011725,1.7714266483919618,0.9218339997987878,37.0907103286887,3.870178080627665,1.4667039607961434,2.340759281160291,3.000343876127358,207.0918125,0.8069558988473524,3965.8727955475088,0.1247130052324291,24429.697865964885,40218.16755515322,0.1407046245188872,0.8024296040043224,167.78594353385395,3778.1501587574016,0.1206120198762135,24496.917117325327,0.8080486063672191,74.26363346104725,7.9966125,70.50775932733231,480.4978696654328,78.5043718273323,0
24.52650865920323,7.9299093570888175,-4.068118808434762,38.424071402686494,12.771890274519569,0.9476198951492923,1.17452673868877,-1.246180421438979,205.45294375,0.7815053303409426,2726.0323318929445,0.088952219016212,22820.19184352845,77400.64651830091,0.0983842163618585,0.7793545657103654,147.56068846815836,2669.4524268502582,0.0874387077302769,22906.328794786543,0.7967575198494069,84.32225440313111,8.86338125,83.21064120705776,583.5157936040808,92.07402245705777,0
17.921489115847674,3.587644716339921,1.0372345482712455,34.65328854840939,7.2636152919746335,1.442017073055485,1.8270379619862367,2.686703880326489,212.70386875,0.8036483107428024,2569.2468014379037,0.0990655828875324,23303.299802024343,42045.92928375401,0.1142981049855028,0.8023140549433272,309.84610878987854,2510.8987855831933,0.0962128925092068,23274.231648259956,0.8102902141987981,122.92477530640036,7.7865125,65.9338424970539,252.33264071662745,73.7203549970539,0
18.58802916469499,4.166598610050971,-2.5365668189701096,35.1194182963171,8.257726309428987,1.3874230654124236,1.9085979785320035,-1.9808406106194247,205.49658125,0.8181852779420665,3112.350408610724,0.1031937953186936,22445.304473806424,34785.95491993887,0.1182001753921683,0.8170269110450957,118.04420184619494,3123.6183250705258,0.1037670023763121,22210.767109416494,0.8201139284616039,66.54597188999891,8.24330625,67.9277533479076,569.7553663587654,76.1710595979076,1
19.528232849450056,5.835213886867751,-2.783940508116317,36.04682321182435,11.355792166279564,1.3179941255684948,1.6087468997604406,-1.6127086632072254,230.99983125,0.6884639847394745,787.1207819076835,0.056844823133461,24744.595192022494,197823.4973960191,0.0593314254150637,0.7230329459055015,968.1897795723836,796.5833057523002,0.0537538411980208,26884.28530009133,0.7448651465531877,529.3800295420975,5.5976125,71.34532596091223,685.6055760557606,76.94293846091223,0
12.162406146736028,2.297818662424109,-1.090933312746846,30.499248899717248,6.120040801386077,2.13847156154319,2.833366554795038,-3.232265139790241,220.42158125,0.7878234171402752,2998.8712171207694,0.1223999182591066,21340.19157617895,35099.21059206185,0.1429680363040458,0.7779378690481008,301.01916056217044,3064.26469254814,0.1254248803815715,20622.57107905157,0.7874504808157607,163.33647998946236,8.4759375,50.4437122200622,576.5041143352099,58.9196497200622,1
7.722398613713842,0.6667661803696697,-0.3530737704927864,25.69335390765859,2.4393670349244614,3.063616224704617,4.421227690574227,-4.435428805942867,227.76496875,0.7546437750671339,3569.965348016039,0.1583859907442074,18468.50573029749,28575.184990125083,0.1767458930132726,0.7531645174324886,540.2933128834355,3451.6691411042943,0.1576790354933088,18298.50931317034,0.7549040112378219,279.45511697126483,6.26388125,36.37030381300956,558.0126926563916,42.63418506300956,0
18.7706798694852,2.39696897159702,0.2647827121100585,36.64435336873496,5.17742462214961,1.462096412813385,2.219687539987227,2.790470106890277,210.590125,0.8247830861263374,2946.0996147892142,0.1074752676431228,26619.697410162647,38563.33437736257,0.1216914140585409,0.8107140141045045,285.3267130089374,2749.281051507373,0.1024923862991881,26316.517375959247,0.8223100366465825,127.23476848090984,8.07498125,69.76411580681348,232.30872529678467,77.83909705681347,1
24.37688131894193,5.02271079740039,2.1311082322077697,38.41222420913531,7.972742700656299,0.96638978517643,1.263604253708981,1.767572887647273,194.07955625,0.8322095191150908,3649.56039098909,0.0996900157926347,22877.09481721761,36533.21771469013,0.1117764939436024,0.8284389847348593,95.497058306396,3568.578722425849,0.0970639594588799,22866.828246863035,0.8402128133476325,48.28366754885994,8.2914125,82.0280512784558,567.4820635462931,90.3194637784558,1
0.9783749067337212,0.1499639334375838,0.0492780072709953,9.085055750830712,1.1583320987137835,9.459422713515302,10.298862624971225,14.239527857932796,247.57101875,0.6985401328611285,1457.0553913519432,0.1785056140274135,8702.707861918789,10236.293924466338,0.1964337251794543,0.6997997739704106,5071.71566159571,1441.2313669694647,0.1759140121783042,8884.064965607888,0.6766599660091565,2365.426596573209,3.992275,7.423654581313006,448.9684210526316,11.415929581313003,0
24.25135258869768,4.489986166065137,2.276297808459758,38.66287681692636,7.275831512535082,0.9892505335882334,1.3316999549344286,1.7615425416203203,198.90340625,0.8292888479329767,3271.9667997357765,0.0973604832729123,23943.59533355251,41217.84195410552,0.1082044186312497,0.8268577321632323,141.3620983834119,3251.605569854536,0.0973796115594581,23809.071494876112,0.8355938197753782,55.35397782426206,8.2794375,82.1581890589489,466.15259934034873,90.4376265589489,0
19.80454130783912,2.091226747824518,0.1323629830169,37.65739108712397,4.331680033934053,1.3992111693218303,2.088619784074694,0.6525638781270223,197.1533625,0.7929745458719287,6060.535954329424,0.145206597723368,21186.545763752256,35200.60662560815,0.1596817790104971,0.7937231830974097,61.87893117593437,5834.202711941659,0.1400375428179701,21439.80657602197,0.7966579179554266,38.218233298608325,8.01026875,72.81021112057871,568.268952491646,80.82047987057871,1
23.537433014754857,1.5211947374922845,1.0296059691402553,40.57681149813987,3.359327405974023,1.155917252330144,2.494957568995756,2.981106748781286,213.5139375,0.8106243115694642,2008.291454509572,0.0837542419398369,32279.23094364069,69622.66710084863,0.0959740187410501,0.8096778202597983,296.37365783822474,2010.0897955937328,0.0842458842775661,31861.663411021527,0.819131773931484,146.97765766432815,7.96786875,83.20992000634963,582.1105488516935,91.17778875634964,1
16.895930985301007,2.629777067056124,0.6201326448338006,34.65610310638161,5.5791805622253365,1.58918421683671,2.074718619575882,2.7719797403701807,210.75295,0.8089150947148704,3245.5790386887184,0.1174489385456419,22756.709680228752,36593.91570067927,0.1299204359318653,0.8066017467071775,277.5765949554896,3246.059013353116,0.1145657169535599,22704.961079312645,0.8153430623519161,117.97519509476032,6.73469375,63.97157293130946,450.8163836163836,70.70626668130946,1
4.120166877221277,0.1120599732045296,0.152223910411761,19.413248387049244,0.7579914194386876,4.529387205395709,8.9209720685505,7.275590383713176,243.56181875,0.7519989401716596,1407.044413211525,0.1469045938535548,23636.915823152976,36897.55910049192,0.1621201591141128,0.7508972811565565,3067.9698618053512,1266.497500735078,0.1356781297841635,23787.59400574861,0.7289612240360758,1423.5027792482797,4.60075,22.887900480528607,511.61434450323344,27.488650480528605,1
6.516389350070779,0.3084805331933523,0.3133537709909748,23.724526367502943,1.455161061506726,3.4117845657388206,6.111390598116922,5.42284629765254,232.1826375,0.766086185862824,3008.359776816052,0.1606820773820631,19051.505686550165,28618.54855323867,0.1793623445004775,0.7574682654828021,1018.062456677976,2937.277042063405,0.1557779454594428,18650.36619762896,0.7653619185995654,501.3109618198749,5.891675,31.836348418712102,414.7238743851683,37.728023418712105,0
25.904036406255045,4.633027042312567,-3.0798207887910363,41.19395643588607,7.932673423580524,0.9703263954952802,1.420436296374361,-1.4113295302538933,220.80214375,0.7220184633811302,1524.5794737767949,0.0699484574134207,27263.63115260703,218763.3453371196,0.0801801964641279,0.7309460436975038,420.1986515536447,1564.8875317568888,0.0733888989355985,27280.49066274892,0.7564724503155129,235.42572144179465,7.77903125,89.08488516109843,667.515474482476,96.86391641109844,1
24.71934894776928,6.623267864986924,-3.3708915757267124,39.1222007942248,11.195052930452182,0.9685235722100995,1.3235996596578985,-1.2936314656521632,216.01589375,0.7763159641775119,1629.454710329509,0.0717621562267712,26381.29830291604,104668.1242230962,0.081958757819004,0.7756475205454748,363.3560631229236,1567.9835548172755,0.0707788212038491,26393.589161553835,0.7986678045517613,227.10492290544303,8.6423875,84.25281164505999,573.898999142122,92.89519914506,1
9.39986292987273,2.000442234716921,-1.0383799369778524,26.20699153188488,5.555437334306858,2.465901195848519,2.8783476318987136,-3.20016542794954,225.634125,0.7918937734190933,2398.531344893152,0.1192916873949868,19130.98213686404,27761.019950620088,0.1409037152150858,0.7940982626780484,508.9551886129005,2473.702241975864,0.1232683680809974,19003.90967382116,0.7919525889302138,251.03824392288348,7.6585125,40.51684680747173,519.9566120470805,48.17535930747173,0
13.305591993081594,3.0439349924362893,-0.5096163968109219,30.307763077821484,6.889758897753101,1.880494064275613,2.4716532962039914,-3.896224500524842,208.82575625,0.8041157654454404,4092.919036620413,0.1285240439883416,16762.827348307852,24371.556799548634,0.1442853557371876,0.8084193680891208,240.4858697744413,4114.14564194096,0.1289703377257167,16835.142132894412,0.809366707031434,123.33685165333551,6.9727,52.30678851732509,640.5547215669454,59.27948851732509,1
27.44839604096386,1.0440570183466795,0.8120210770632033,43.2050046431297,2.426500442090611,0.9519454178512164,2.566551914911777,3.336381949020538,201.98436875,0.8039491876452028,3803.505276701334,0.113880915644011,28766.510785212267,103115.56305236876,0.1255355053453697,0.7941604351464846,227.8920012199624,3505.939017930237,0.1067099718892906,28641.650572426483,0.8092232857295016,81.8158392331032,8.5551625,93.26492994054098,532.2942202131095,101.82009244054098,1
25.845499429770896,1.6397960606946869,0.0414560729076188,42.19062762579329,3.460299782845505,1.0323336896091997,2.160830918049684,1.4958274800920497,206.71921875,0.8029704348636231,3237.920803525056,0.1050155291323285,29827.83777439667,175264.51473520196,0.1178526533729886,0.7866225135621939,134.31534834992144,3070.523869390606,0.1018441942041282,29197.442116837195,0.8030758972456156,73.65466601256509,8.64391875,89.40418054527856,252.41257233632132,98.04809929527856,1
7.242378599533721,0.5579487597756569,0.2315731683002642,24.818774453197275,2.2676053806178973,3.185823037158641,5.333843994618709,5.594007085316722,224.7056625,0.734268372145621,4897.178033753014,0.175879050936661,15555.06410817893,23394.15025448701,0.1941743709488355,0.7291676806155075,264.52001420803845,4689.385857537091,0.1668510232680308,15791.428764829225,0.7285633359732007,136.4974953344465,7.56510625,34.42623177021573,394.247572503376,41.99133802021573,1
4.352490788577594,0.1452159533005541,0.1737027441217693,19.83025758641215,0.768345991663254,4.385592647264304,6.532432200001435,6.257235228955228,238.18855,0.7422691085165773,2659.6491211126136,0.1757632886793828,17549.52018513445,25223.56673749276,0.1950839443550907,0.7445200374843373,1489.568304934502,2541.4240126071118,0.1687549643807325,17821.63485982193,0.7321311871061372,767.9778970917226,5.90750625,23.71869517068423,458.5871688991843,29.626201420684232,0
19.512036544192423,0.0714315676820051,0.0671216783069878,37.52565015709818,1.9831753996587969,1.4178913394911854,0.0743758485668821,1.7195279288474288,214.04028125,0.8019937549597302,3090.3046468257053,0.1150995396910574,26977.047000197937,52758.92808299013,0.1277841481264398,0.8001352892461812,199.6170915019684,3040.6516085417743,0.1153514106125209,26497.776175501032,0.8024906848493277,120.59431822407318,8.9364625,71.68888946988008,466.1304619225968,80.62535196988009,1
28.514530656427407,5.348310966563843,1.1058035472891627,40.6817486525168,7.631746971900257,0.7473019795824246,1.0654544559456098,1.843207531197529,186.3646625,0.8406019060603304,4050.765140307481,0.0991874385701354,24746.955309474764,37553.81856485153,0.1093052489102624,0.8446888128193257,66.87647752026568,3940.863943148948,0.0968183574783264,25024.46986752292,0.8513696381968128,34.94787708293159,8.51930625,91.95331573232308,461.8719266564801,100.47262198232308,0
23.658302936978995,5.776488436142872,2.7766944006614764,37.367357100966586,8.82305079410737,0.9734685959139304,1.1528937334437384,1.4614971696575858,193.07494375,0.812777274497848,3848.728660531834,0.1031564269086949,20194.880194106918,37509.5648364564,0.1149425894955459,0.8197597044320388,92.38223815213064,3839.6110447364927,0.1015603378490619,20450.419554096407,0.8299777786806338,48.42163449486087,8.56560625,79.51023116390633,633.8660460305147,88.07583741390633,1
2.455961946785997,0.2837607591534199,0.126730026189189,14.446428509637135,1.5796550603530397,5.879582132620147,7.680889199353411,9.786639667386527,235.99108125,0.6882889802217131,4144.382714979196,0.1930207488081501,8666.035956571848,10606.679871705965,0.2219414934337192,0.6898676984688843,1178.610856538597,4023.1570320761366,0.191209346863858,8803.903398160175,0.6844907988201901,533.4400756441573,6.38988125,14.922672508884512,558.5441713925646,21.312553758884512,0
32.8760095721568,2.3400017516284377,-0.7169367218895633,44.69770948326342,3.510084765022304,0.634146982890481,1.262416987500837,-1.4726105476320943,199.25835,0.8220961185759806,2753.7528392629506,0.0831517734069952,33338.89482146786,75711.42586047051,0.0921631368263126,0.8082384054589675,102.25757530256163,2673.268896963873,0.0807334664498963,32522.87544253303,0.8291045969550281,72.12321031630977,8.959325,104.23042402975398,545.3864798983761,113.18974902975398,1
22.67304940921703,3.4993847102769315,1.9880056927264609,38.39273069842904,5.928033816336486,1.1199855030564043,1.3679499393859198,1.4810559871760662,205.6225,0.8047958192748115,2864.4736629667004,0.0918294593306506,25084.029232592824,50424.97902791793,0.1035016155861315,0.8132685239833078,198.0445738073884,2777.9427174115376,0.0891054616140974,25489.434258831174,0.8194183566294055,130.44491552236917,8.2471125,79.18484305800294,467.9160023999314,87.43195555800294,1
12.181186577481546,2.137224118834532,1.3906409488853573,28.59970672647019,4.88891544751324,1.9591062449803365,2.309665612586796,2.583177577714939,215.4725625,0.8153637608821027,3123.277414159767,0.1196271552162288,17127.392610499006,23981.04540292776,0.1376177366483375,0.8149588925061187,275.5184555161601,3180.3046543561577,0.1211369287411579,17011.083589860435,0.8203279398234044,160.8623842547751,6.26641875,48.12192314885896,468.4648693488179,54.38834189885896,1
15.863465502644656,1.8067009754808587,-0.4230155043125849,34.73367570986569,4.430285664488375,1.756374420326635,2.651217907973188,-2.8304950938973787,213.20124375,0.8010631316220205,3441.118443250029,0.1253687169823827,23858.76399893617,38618.94568245125,0.140834664374808,0.7960213588182697,257.7677687270404,3362.8610844912955,0.1232216851974257,23714.70159637951,0.8032644401516544,154.54527559055117,6.37799375,62.05629566543731,564.077603104124,68.4342894154373,0
18.222601050636204,0.8219763039191929,-0.2027773679083467,37.62817980283433,2.158498792681893,1.597043241400243,3.290322161987272,-2.236764657053356,216.47490625,0.8052917144002251,3232.940758791648,0.1304345275988387,25393.93015980121,214656.42991891096,0.1416746024497051,0.8068065254813537,305.9032218091698,3354.317719950434,0.1325073099583211,25139.84215816443,0.8036783000327204,138.5610641825215,6.65880625,69.66364132885866,450.489678135405,76.32244757885866,0
18.151422081253106,2.373912078639869,-1.214183456443717,36.56392128080163,5.236390520507041,1.534024975805539,2.1983410820420266,-2.156797383823554,217.3469375,0.7890934247310912,2432.157871697783,0.102838640718112,26591.13146103813,70199.23653395784,0.1183370820802537,0.7856922034991918,335.2006669630947,2468.712227656736,0.1060423215028987,25976.96719800827,0.7934713916065441,216.44326241134752,7.69916875,68.73931489767205,575.1278966365015,76.43848364767204,1
16.580981268559643,1.6765688015570452,-0.0900271038275112,33.705887865980415,3.7229249830953473,1.5716541321093551,2.6048723288155453,-0.3550804773143219,205.3436,0.8255852088709161,4209.581909646229,0.1314723021283997,21102.78296767462,26314.43282265704,0.1445032314155726,0.8268200499038669,171.20745431280554,4161.5762000065615,0.1302426313078055,21150.08164143973,0.827445712312586,97.75461141845194,7.94820625,61.90715731229454,499.11490936802574,69.85536356229454,1
6.064044658083327,0.7256793935838779,0.9042268230087812,22.154048946158447,2.6365604180391173,3.4471960759977227,4.445318801461752,4.349024741227308,227.72389375,0.74830349893413,3937.985554254137,0.164039163655887,14051.121795184368,19001.451211820884,0.1851623008912736,0.7462867529458936,632.1466100929855,3940.72983057988,0.1619238291043104,14011.613834847974,0.7488891590297515,324.639422678132,7.21203125,29.40583088515831,473.39703167688106,36.61786213515831,0
19.35621022216024,2.3048776736376047,-0.295250305532689,37.1962989320111,4.625582632369838,1.4266543172715238,2.1097303289202998,-2.828565856670924,197.1271375,0.8063915163886423,5559.0021686847485,0.136616368591339,22010.733104403214,29780.928169268624,0.1523633920153548,0.7982696536155361,66.8914878121921,5294.091005155007,0.1303070023766318,22097.794753926235,0.80514350301321,31.547741755985108,7.9096125,71.45511244415991,248.68340047515747,79.3647249441599,1
27.412021365039543,1.282048080774395,-0.2094095542268213,43.475675110517486,3.32914759939231,0.9653858487611058,2.7133107712317206,-0.2525271121278637,215.2044625,0.7809201077239415,2388.501418134937,0.0986646061302065,29705.82364068892,739586.8734207134,0.11255139759069,0.7859275108315207,271.55354151453975,2511.8586400927798,0.1036701055030217,29063.919296360706,0.7844674696828111,132.9605255323794,7.96554375,93.78360469127092,511.81449512232496,101.74914844127092,1
7.790727502030875,1.6831543681516992,0.7004901599116256,24.33769691567674,5.595943483464402,2.857870251241626,3.522001211834967,5.20829848725848,226.5401125,0.7642921187412327,3411.246190248162,0.1486112612611997,14759.507325104234,26548.579617475563,0.1664705787291288,0.7594663077363447,624.2072476272649,3302.285303422491,0.145374780548077,14764.254476459031,0.7637330118558917,290.7844807191862,7.63051875,35.22166532743968,544.4301801801802,42.85218407743968,0
21.72514796994128,4.32454592335911,-0.4800895657263969,37.76747989874341,7.713883247791277,1.1864647941343902,1.5196584113822746,-1.5555767049244515,200.48125625,0.8164896200647989,3818.476474781679,0.1092679402733459,23153.513433875647,38731.2923572744,0.1232537416394157,0.8123957107153544,102.20389090798034,3628.789390098647,0.1050048779865924,23234.450534940115,0.8216345576795276,49.42766733358875,8.63791875,76.83555600191924,258.55056357149624,85.47347475191924,0
13.307615938699508,2.2215979860184007,-1.424726791442814,30.359991647810084,5.048051950428964,1.86597247985404,2.242141787809246,-2.3342917749722925,218.04783125,0.7744559223930622,3416.6252916167014,0.129890603192489,17814.45325929193,38358.29344816309,0.1424451829997636,0.7558367203059605,375.35387819830055,3198.694667329404,0.1259289601342147,17002.99672528626,0.7765225574332993,167.82631384311952,8.80605625,52.52615267218379,273.3257237729584,61.33220892218379,1
23.726836989994705,1.5172863107933965,0.9251684055439904,40.60268878269466,3.246562252157174,1.1424012988296528,2.2973848831149635,2.71575615129178,204.84573125,0.8404741625871084,2939.2298835890965,0.1015864945669005,30981.81947063768,43969.25144116379,0.1127488812976647,0.8290031556856473,172.93780407626562,2818.1597633136093,0.0974263387741695,30665.28988107101,0.8392456049369735,74.80221919109871,7.972325,83.46865955797261,244.1708746618575,91.4409845579726,1
5.920837978634886,0.6611747415372535,0.1630015577397346,21.9805798833046,2.3107410367997536,3.5236128998105736,4.429318763270054,5.437766115753544,221.657525,0.7441032088788406,5848.324507509265,0.1824981842885663,12054.379151809706,14012.116564267602,0.205837836171928,0.742878529717345,357.58683937311514,5722.035299352351,0.1795381782118875,12088.338616044191,0.7416493770030017,152.28745845485994,6.96219375,28.976203994547177,528.9249391933934,35.938397744547174,0
2.6812824602565675,0.1968672011315562,0.2292149402236674,15.354052363453713,1.1445212872617574,5.642640105130059,7.529479761584952,7.372626772492182,241.94293125,0.7153378439989615,2206.542868029976,0.1737894751624615,13713.042560666983,19120.34853296075,0.1933324795574184,0.7168156736320458,1632.4793304590414,2188.2627441034747,0.1752201002124311,13815.408601605988,0.7040334678435424,948.6557564660104,5.92965,16.206182072069794,633.6606635071088,22.135832072069796,0
5.067199021161058,0.3253338187781187,0.1576314394337888,21.10006820609292,1.6560115182010264,3.978509936078272,7.1361066711102525,4.207769336869638,234.34334375,0.7393876531524134,3290.055253587768,0.1673789310677673,16532.773928296105,22500.90290540805,0.1872495708842322,0.734508531510693,1082.4316465409313,3083.103792253948,0.1625858238903163,16777.57307434231,0.7257596121907122,519.7546705286024,6.4975125,26.417885920919645,563.9485972850679,32.915398420919644,0
12.341561435565373,4.26244121993466,1.6458847089477946,28.644159552398317,9.675366196552703,1.91956225888671,2.020970881165587,2.6750981500166064,224.1035875,0.8015450195536113,1926.1860238241936,0.095323891951913,18765.31511745855,35843.16194290409,0.1088686016563501,0.7964193104318273,590.6960270856478,1840.7548537269215,0.0933075510453212,18559.591432004563,0.8119140485175238,260.957270315891,7.31698125,48.85714993973371,387.8570452993399,56.17413118973371,0
6.976567584416819,0.2126827820368713,0.1991763230398752,24.85601370953341,1.143418946864343,3.313914117164344,7.086171493716964,6.173205476697536,233.81284375,0.7317764146224743,3010.999232834676,0.1591272057981306,19772.87063818881,44116.325546605294,0.182039939260758,0.7343690785679375,815.4179902439024,2849.5591414634146,0.1510254021288034,20290.708535025475,0.724139103523749,435.58512221041445,7.2382625,33.914191575546894,553.1587861679608,41.15245407554689,0
6.074014153869794,1.1832816424451122,-0.2193217508016715,21.9258878286917,4.358543177747065,3.417805548192766,4.638376208254959,-5.036203446793264,223.4079875,0.7350905515648022,4783.786523290025,0.164486219188198,12193.786119266872,16100.775093081991,0.189046404661224,0.7446951857474021,264.4994555918494,4792.694561103333,0.1656773316283205,12152.284496729835,0.741817598269368,140.53130263563685,8.2829625,29.339650064681997,479.91002520845456,37.622612564682,0
8.452922061315618,1.3504075975525442,-0.5530733818974357,26.213039900425983,4.718441255923204,2.8254702902042625,4.192348512284368,-4.711108942642598,227.82490625,0.7871504355042012,2565.004421562689,0.1339531518188176,19475.601180292528,32612.441187159297,0.1538984713610884,0.7891243005952481,624.0477690761245,2617.431361958772,0.1338619136843794,19328.909829835146,0.787113223290806,442.60192643496873,6.88969375,38.42125712979217,604.9311326124076,45.310950879792166,0
10.44970345846111,3.9395925314393097,-1.3621945508488498,25.25955872010017,9.598564257526707,2.0523215326425284,2.302580449382981,-2.4770775925172304,222.38245625,0.8085933475093985,2260.2828641975307,0.1062750034226012,15120.10368750983,24353.12577777778,0.1231240850811802,0.8040858929971918,483.0598538684816,2226.1848163347013,0.1048286224106504,15054.274819494398,0.8140354303636452,253.7558537714021,7.33110625,41.63684661163291,456.477017581021,48.96795286163291,0
12.846056646567652,1.199378660109131,-0.002842767503127,31.712779489188804,3.389608216784802,2.09170509453392,3.320195461785757,-0.3854519492359433,218.29279375,0.7602215572223407,4166.852249421827,0.142164562992112,20683.3373527492,36854.34960946022,0.1630073922613231,0.7607931040187895,285.02837988826815,3869.101452513967,0.1339675404572281,21189.07505506796,0.7652913665423777,144.82308350654114,8.7342875,52.76008187432723,435.60564549605647,61.49436937432723,0
13.21214232832718,1.1753303807469515,1.6362336123779464,31.895540662935723,3.266811087544083,2.0227118736178,2.83476994740156,2.763202341039749,221.61866875,0.8012895743737466,2552.25008620265,0.115313252236573,23975.5588092066,39672.93672725481,0.1291655920321419,0.7909328140425798,454.4951126764158,2417.913508409259,0.1112592724054738,23740.510344263825,0.7981162166995615,248.2353327392956,7.83445625,53.619076403537406,448.24572098475966,61.45353265353741,0
11.540722615903052,1.4030940415171116,0.5753760818964216,29.957126057885333,4.147418363916967,2.247037866520586,3.371642437154281,3.7914762335946985,219.8069375,0.7926547669965962,3371.435483497394,0.1352962638660186,20649.05435899279,30612.77852924146,0.1547068158090982,0.8002771831132574,464.4255704370837,3305.241962814234,0.1337570625445184,20875.496550546097,0.7980226440572955,176.20191993730816,7.962,48.27482374275269,287.239041442436,56.23682374275269,0
13.734830535780688,4.174030471714155,2.5829102019500665,29.989601963563743,9.253918759088512,1.7641727586732394,2.0240964197789286,2.1166569085962434,220.0609375,0.8251225648545266,1888.983559735284,0.0917005014667279,20434.37562607717,33218.5861140137,0.1012735830364148,0.8116304037535649,560.9683897716108,1809.1872169099145,0.0876783044892147,20132.48625498016,0.8291992903584182,245.32297686273648,6.90384375,52.522080799088776,246.64229322312303,59.425924549088776,0
22.84647502485764,1.2404594008377368,-1.4918115949435329,39.66659808281288,2.8707997835699968,1.1756116168098718,2.049817900064258,-1.7643877621357875,201.10663125,0.8117103037032175,4126.018951146803,0.118325556030613,26829.995057685843,42024.22449352071,0.1367424180945495,0.8261560936245558,100.58709031479135,4359.279925792868,0.1234115318610243,26943.65761004837,0.8263484219965389,51.66161030140088,8.4231625,80.66410328452505,489.61705599216816,89.08726578452506,1
9.241147510091148,1.4793462619230109,-0.8063592206514268,27.38359713785856,4.738934526440755,2.657294803845432,3.625572361673852,-3.718253673637838,229.7373625,0.7819474071520534,2138.3084640109087,0.1210376124113526,21949.987819058213,48671.19398720821,0.1400506976426105,0.7932714732140606,667.4240301896447,2160.707697719786,0.1235517073542819,22098.372366322277,0.787205159139372,383.1489285607845,7.02086875,41.33740372268808,470.158329830461,48.35827247268808,0
24.733693438448345,3.6260336103127417,-0.9988814385354122,40.23042929082148,6.14181442239249,1.030929169671424,1.4358684418852703,-1.794963659621457,196.4028,0.8469508366341172,3552.1321729334672,0.1045431783478121,27429.365714821783,37630.1680564905,0.1150550588330432,0.8356526498542095,160.9422295007906,3416.8128529478204,0.1010212714149056,27180.0965800762,0.8483331595226274,60.14257703823428,6.8251,85.17536842416919,248.05435882608063,92.0004684241692,1
27.429055177556467,0.8214386169761275,0.7727533404133567,43.411307618680205,2.2938152942281884,0.9595227267700822,2.348420486257829,3.5008337260256064,212.27938125,0.8282977919195751,2314.333220076637,0.0860939564915028,34753.10339643696,402779.33910942485,0.0958546524391686,0.8199092022802956,287.2838476615042,2270.2921102186697,0.0852215235314498,34266.334851670144,0.8319054327021279,157.91665322363824,6.82530625,93.63026275312968,476.3183165382336,100.45556900312968,1
24.055454096785294,4.473140539506578,-2.7887146939099394,39.84564169500987,7.879595133947196,1.0750759099151788,1.6867858811823389,-1.8272314696664305,192.63425625,0.7887647996414138,4993.26460562822,0.11960155170846,22566.773098983253,47192.4110318404,0.1370103191368823,0.7975418767534964,39.05606009055458,5035.937580151273,0.1212031662431869,22736.62029521027,0.8051974511113124,23.67948514027725,8.0684125,83.65483147020501,489.2570708736992,91.723243970205,1
22.683918239606065,3.169400712233288,-1.7599613220065076,39.653061161773664,6.077072848362299,1.1922235759098692,1.8244210322888808,-1.91558436029366,207.305025,0.7866695255895052,3139.663279990291,0.1041865538929648,26242.588899918577,68396.55439776687,0.120678451715612,0.7918448343613376,128.1178266178266,3279.0682064848734,0.1066641212232611,26213.512153698168,0.79664957431784,87.17482116398745,8.66345,80.91024216150693,604.181158167675,89.57369216150693,1
33.279909572306686,9.116566325581145,-4.6938490877303325,42.39216898351411,12.602784070274613,0.5003009487967474,0.8347611539176271,-0.8362469087919336,218.85920625,0.6974553776222963,846.1913543931449,0.0328215921237762,29338.562389818333,297051.15247474104,0.0348402595810907,0.6880988000859124,668.1632372415198,859.7004176428644,0.034168363976036,28538.121981598662,0.7327171862449127,304.0787391332625,7.976875,101.97515753296028,633.7205250889463,109.95203253296026,0
5.399925363202821,0.4514299976090448,0.321067996752927,21.48773208323024,2.1391813706848524,3.8024600755126334,6.67656570384233,5.981286952281183,229.1293625,0.7242780327006143,4365.683728619571,0.1753488660067667,14025.461405256618,19404.18140777008,0.2043544404442411,0.7264638430588529,694.3766967591089,4206.907579398584,0.1719887555645684,14181.151808905948,0.724486471082786,320.3973199918078,7.0771375,27.38831578878635,555.6383987563157,34.46545328878635,0
5.286040045088227,1.1532968379479709,0.3274292077107609,19.90313291871365,4.534079482688213,3.5646750483997987,4.191211051572493,4.205571754950592,237.3020375,0.7531393482822832,1840.9474856188533,0.1281472009022006,15690.148138956843,27334.847699016515,0.1504559807976026,0.7649040282138534,1248.9011286681716,1900.577065462754,0.132848071436263,15930.609149549864,0.7577321137761227,681.3243232003992,5.46611875,25.90541669556054,473.49344096871846,31.37153544556054,0
24.448119728327168,6.18423458662237,-2.8313952954253816,39.06617479802979,10.391498256230348,0.9885672476165136,1.2992595057734266,-1.3290770223799124,210.0475125,0.7869582305789157,2187.473949455273,0.0767481099300618,26107.95470860066,77887.39337063662,0.0889760725620987,0.7809894440619324,298.327849677395,2190.369618533751,0.0784974248647733,25578.912226633845,0.8040924678959589,162.66435347406204,7.45214375,83.74602562854264,484.2887316276537,91.19816937854264,0
13.15930444986076,2.133780734062414,0.7094212431586832,31.22950317623987,5.3420585011854085,1.976165498071988,2.45628726528176,3.0004983927444955,223.4548375,0.8036817273586194,2168.605789324321,0.1077888062830127,23552.715979585137,42631.207863574215,0.1222395511645361,0.7885708971796839,614.3764264666488,2102.915510313421,0.1061199217201392,22991.70193357486,0.8027874883045314,296.75249116823,7.12545625,53.04652723808788,447.5611814345991,60.17198348808788,1
10.560367720234574,0.9260734916655088,0.2393500711355779,29.3855678694788,2.968192834986572,2.451396995495088,3.809697246729266,4.302412801374584,225.48549375,0.7816952476251193,2913.555886079436,0.134890175329071,21835.08215070502,42675.18746212747,0.1518675545805252,0.7833142138596986,590.5985123966942,2915.3717906336087,0.1353484121075672,21921.4309236318,0.7818694478860418,318.4731398064731,6.86601875,45.81416163741533,497.2316138625186,52.68018038741533,1
32.096666068053416,3.307849093449029,-0.1539004736609761,43.88392851224048,4.770754318939586,0.6477350529182427,1.1734179663871758,-0.4743747266707195,193.9494,0.8295658143687632,3356.7575335078327,0.09113403387531,30930.623371869493,55985.74294658477,0.1015978245987803,0.810972531440086,74.87253151693263,3248.5208876926035,0.0879129198983618,29972.04129117977,0.8356160705384483,51.43703405198469,8.6560125,102.04377630300031,246.33664319672627,110.69978880300032,1
7.811325957470629,0.0542689117817018,0.4025673913719613,26.31644010597141,0.7786397757021087,3.088652313935591,6.462737538818889,5.514722272322256,241.41441875,0.7890577769784396,1019.394707306988,0.1088695573787558,29789.70395400021,114787.82479768444,0.1150719452542631,0.7785144285401062,2512.469347477489,925.8260762304182,0.0961828216973656,30195.800408241987,0.7755047336577795,1448.4875034789868,3.70800625,37.04090956224598,452.0658399098084,40.748915812245976,0
20.20681012965125,6.99572113759429,1.946999036057709,33.203360133106266,11.201353542047665,1.0612369433932716,1.1699525323594653,1.587488115568498,203.091425,0.8546431253634386,2449.0984944901443,0.0823645096764528,19555.26595929353,29245.83052925656,0.0936235703369545,0.8467505842849168,237.1781754032258,2431.4915574596776,0.0828676426280049,19276.31415536908,0.86109272453314,103.79660258609118,8.25644375,68.53067139640042,475.018922852984,76.78711514640042,0
8.72092362658706,0.8061181696972365,0.1447015326114016,26.828459061060112,2.85345152794935,2.794840241648957,4.439905332963656,4.603684882947765,222.41714375,0.761228330623821,4453.268515757033,0.1611620341973592,17808.913659810027,23849.11499652053,0.1802835921308092,0.756262793930445,273.0081749335473,4397.450925322233,0.1575440071300511,17730.523416752323,0.7599070894258576,169.29355069289124,7.40295,39.44727008205937,562.7973094645411,46.850220082059366,0
16.341332875673864,1.7626591691588929,-0.4048301724185257,35.25198090700712,4.279669900518626,1.711646874476244,2.465709476507679,-0.802504110279455,217.30986875,0.7819339506046649,2804.3054863667426,0.110092340383695,26016.817817369243,53113.5267705601,0.1275877499579939,0.7780154715976637,363.461886466456,2729.6096801327667,0.1109986980325371,25344.69149656415,0.7859600839420833,166.48440140119513,8.31544375,63.64444116711218,589.1917738830919,71.95988491711218,1
10.061995437470925,0.5409228068458164,0.6250922253965632,28.956730729030102,1.9265905252609885,2.55041004952199,4.181556875363473,3.554209170619425,232.339625,0.8103665339995053,1596.8166469087903,0.1121465844055898,27946.533192253864,46043.56658404282,0.1222354102236938,0.8064766549184887,900.4405161102202,1550.0108616416387,0.1094355170477904,27930.16804772289,0.8099474374009842,491.9964276085198,5.58441875,44.33527456811727,438.4309146510981,49.91969331811727,0
17.843477864457086,1.225446545437628,-0.2900615361403159,36.857565853604726,2.8313075979903544,1.5936568640594355,2.306940368472336,-2.844513841832457,222.2571625,0.801826264777373,2289.028738512949,0.1076509073535538,29315.116003056344,82268.91726936388,0.114551756298304,0.7863578662733838,442.8307235285232,2148.7300236644683,0.1027113378861607,28442.85543347952,0.8019532493513398,264.3018328645314,7.681175,68.27791550381845,389.9904964771424,75.95909050381844,0
13.074103427894194,1.3721371524365027,0.4780594092012321,31.832087388048272,3.735482777200674,2.060216779864303,3.05000784330204,3.746664843678612,208.75159375,0.7706487117076577,5968.903126085446,0.159440740303677,17968.222309045617,25956.313997915942,0.1779609456603951,0.7779163574494131,168.78817821852817,5541.35272714301,0.1531622167849257,18520.25559818224,0.7690605955520833,62.70005968961401,8.52535,53.24058818955724,533.9834566826295,61.76593818955723,0
24.04865051317868,1.7785031175215915,-0.6954341343045402,39.31009533695647,3.5341280002812114,1.0393386705624823,2.160870191079083,-2.553369937168833,199.11358125,0.8110551298256128,4430.907534443996,0.1210249789295392,22713.17265377509,72163.19455813685,0.1309787582244119,0.8027014513316217,186.99262161087464,4289.5471495265165,0.1183413385779882,22643.983254408697,0.8147028648643249,58.84888621312462,8.0711,82.43595672161096,457.7472677595629,90.50705672161097,1
12.383103398438,0.7729611552316356,0.3456470343791795,31.441880675615828,1.9215365260632264,2.1856931700801825,3.1145609741769853,4.544053791976425,208.039075,0.8030468031246248,5774.549645817893,0.1665213480371482,18085.52911676644,26023.28913669189,0.1808442313796233,0.8043579618052018,133.54391552709018,5706.831538861001,0.163990412985532,18185.07504446909,0.8002603115221728,74.17836818422445,6.47564375,51.2789852267823,420.5349482143867,57.7546289767823,0
10.917214893726626,2.787910911798949,-1.1375727536566258,28.52378607350664,7.427078975054262,2.28336684501498,2.9178917900408106,-3.3093088793802514,211.50740625,0.7714185384588125,4962.3958927766935,0.1443892484886873,15285.56511877035,22576.963057516143,0.1664097528297027,0.7717727011862904,153.9222050008403,5068.504845847883,0.1439754728936478,15079.185717532551,0.775769125525475,81.96655912859472,7.93825625,45.7957364568524,614.2710648350685,53.7339927068524,1
15.924510178673325,4.088536271704405,1.7669507920374388,32.4905912859465,8.28449029629949,1.586370931661042,1.88954713597809,2.1285704568308894,206.83733125,0.7908060255269622,4012.3998168932894,0.121592315934139,17040.460591714513,32035.9129564952,0.13717110283712,0.7881241164901602,228.66706884070464,3915.837429763177,0.1211350080893495,16920.386687842798,0.7966920621163037,73.95212850892601,8.14654375,59.62104625142218,463.95612948876703,67.76759000142218,0
14.388381470826294,2.824112223522097,1.4655806446333504,31.793950245094965,6.248515895674646,1.7979858809828124,2.204747484511396,2.3532836802778863,208.562775,0.8092474697238778,4076.751289917724,0.1274696929510699,18069.197613681485,28436.19624180728,0.1441503333220732,0.8012252103066859,185.97519741374745,4011.8344551027258,0.1249653258458933,18024.61134977021,0.8094188577423967,121.7341399715693,7.51895625,55.76162521781501,252.13568364514612,63.28058146781501,0
