mean_y,mean_u,mean_v,std_y,std_u,std_v,skew_y,skew_u,mean_lbp,std_lbp,SRE_deg0,LRE_deg0,RLN_deg0,SRLGLE_deg0,LRHGLE_deg0,SRE_deg45,LRE_deg45,GLN_deg45,HGL_deg45,SRE_deg90,LRE_deg90,LGLRE_deg90,LRE_deg135,coarseness_tamura,contrast_tamura,directionality_tamura,label
44.1639723075652,-1.4649887059336089,11.138195634863996,91.596394997039,3.5677883161562534,22.829198303945383,1.6130599746058447,-2.5599263194442954,223.6087528075539,68.94211069937145,0.8155711456529848,628.3696017274472,41527.80425263916,0.0939522337687475,71078.89671305183,0.8182465070967226,339.62433959858924,3379.0403393719635,32924.47910086259,0.8112028892848252,684.7058246925303,0.147068595136209,310.087376851655,7.331193708074488,66.444129676876,471.0761904761905,0
21.09398056825888,-0.5827070806308575,5.294454389747692,66.90396452716784,2.070589976586032,16.507019946795705,2.896930942276321,-3.81092875995004,235.9054713175329,55.83417743564548,0.8201615763772758,1565.686373117696,22104.9399948567,0.1221956166301895,43708.77169471669,0.8123254381103066,722.1792133927135,2360.33471052208,27253.88367226485,0.8132254282752102,1242.3398197577635,0.1860464043633741,791.6019010493152,5.174468344085273,38.196586970994005,449.2782494729044,0
11.970280600251655,-0.1442222339104152,2.805992320857086,51.89560622375927,0.8316741423174271,11.786650477360444,4.1821311329503255,-6.609879601319897,239.07903286495147,52.108692681622415,0.770889459828652,1803.8981961235847,17317.24416298855,0.1656934703516056,29026.70655024628,0.7598654651308708,1130.9715407551737,4071.7369291175855,18809.001859888405,0.771858034289224,1670.0234507470327,0.265421611620198,939.720092881077,5.475682039787508,25.01700555501507,457.9144625773776,1
11.574791743195858,-0.1452642019628576,2.748207802267119,51.12089262230152,0.7709017101870838,11.75738281356896,4.274683857748459,-5.372671790369895,238.79577373332592,52.39873841572639,0.7517344720311417,1356.7554376657824,14848.79685234306,0.1744519361573266,42603.44940760389,0.7408104777827337,726.8751497102903,4154.186482374648,16712.24015149063,0.7461187236925917,1916.5445101716923,0.279700942936712,823.058504910758,5.34355114005306,24.394778851574834,560.5732899022802,0
40.77347198141628,1.5815079349442618,13.148647611572246,85.79933376052588,4.017039049430337,27.250271625437485,1.674838770787154,2.695574134070001,215.332565367162,75.36502775028728,0.8238005871788893,408.8733308050061,63777.7246452025,0.1199404377885146,40367.92332182279,0.8315015920942903,167.0415596304565,6197.406385741376,23691.599097626364,0.8303422763382291,402.6466553667863,0.1840856356894576,161.29826724580823,7.174838885993569,61.343704387162674,508.71398188953935,1
26.94145862082961,-0.9744852193089256,7.701213606353328,72.712371311406,2.8536884479885285,20.26408681711908,2.382849261014019,-3.0199813189104447,223.52496144167543,70.00748198760182,0.7997021351386397,354.2619669043455,22230.161899636754,0.1377182364114188,29374.041409928697,0.7997806854108835,162.85252344352412,3375.0898937890206,20461.7561873492,0.7986887083417407,394.5915893364802,0.2187515819420577,190.35267924910187,7.603647482209054,45.20906045688213,501.9583005982958,0
51.08025995386193,0.2638225179425845,14.401299235304167,94.98933152447084,1.602349269818161,26.07447324795448,1.359861288995672,1.6004247089577537,201.74901386990203,85.03243475333838,0.8436188070805364,133.60940120310036,80402.89220487748,0.1309776336598692,32113.253510433267,0.8413950994365968,67.18642217155336,8225.741818940878,24418.80577410964,0.8339827950636016,124.56875213675214,0.1933645328174343,68.63690298417106,7.294094611528822,73.04887685142836,250.85017850547837,1
49.12156381448394,1.6681734104472663,13.829910701771212,91.8248924370182,3.901882891193867,25.60078848273676,1.3691397917365025,2.368649102855381,212.83696157336027,77.6001465585796,0.8248401503298842,259.80443364035773,57302.41979080711,0.1107990094290111,141747.55575503467,0.8252612784785187,123.85753646005966,5062.504101756712,25412.32815089493,0.8178433607816658,304.793255506559,0.1710130957242739,114.85592719046087,7.888279469153198,70.39459002412204,564.3913786875376,1
20.45197302870517,-0.6328990146201537,5.8987083746584,64.49389198429421,2.271143817349892,18.288283749709816,2.886680493046717,-3.931924644581031,234.5406388914655,57.90071689241065,0.8104271900104071,1270.770335441003,28694.94714392884,0.1333314998847944,38590.27885542814,0.8033268884906128,649.6661720163438,3541.035696135629,22965.81137560222,0.8013374845405302,1632.6665934210816,0.200345696559744,618.2814913934676,5.075537463699349,36.88746959326728,466.5026908511063,1
64.03608410312208,-0.1649593677369681,14.503639786975764,106.96199530259229,1.2448856831863018,23.55733771322104,1.0993518743887571,-1.3212664800135556,195.16792127429645,87.74467960304548,0.806625426970751,45.57176441474883,78644.34522704776,0.1466739622463171,62941.28554967829,0.8060390781309019,28.299486678797024,11498.90856373615,26255.70928564032,0.7979345979983498,69.31454072264533,0.2199145676540787,29.43618305571808,7.960892510843659,87.70166603246238,545.8852713178295,1
7.874214069959603,-0.1892442297098786,2.3053974247153874,40.43538047952175,0.9148832296048418,11.032512562536116,5.2046758902598445,-6.003896724102354,232.14798475945648,61.11334818036027,0.7373134035991955,565.5398621091474,20763.84482423772,0.2076291914528913,9813.698120994368,0.727813417296094,271.32913681108954,7798.346771133284,7999.194959708922,0.7317791739175356,615.7520525858862,0.3331568956374911,291.6864473125014,7.576891296364304,17.556279954922676,562.4368986983587,0
40.966055378344855,0.1096530125819605,9.837125686691474,90.0976970401398,1.2035989453449134,20.938012868184572,1.7774304532854217,1.321521513390562,222.01754385964912,71.45867381425576,0.8484680807803948,697.122034637115,40542.42273710329,0.1194824165435795,175225.05879591595,0.8472847180819231,294.15167486343177,3330.092674174583,28674.038911939508,0.8494903623875097,601.1821376817629,0.1695864453193511,282.829087540528,5.533590288853447,63.03426948649478,444.51675814225615,0
27.68443939309576,-0.058544905345211,6.887140371460388,75.29762445757444,1.2256806263203028,18.38706892595664,2.396104118943244,-1.6877662964704636,225.61090916321984,67.72120067471272,0.7625266007660009,386.44089424598496,32123.53661492879,0.1453832659725273,42595.75928419919,0.758687857983036,234.54326138787803,6296.297276948174,21853.667398669844,0.7669798597039583,486.1263989690023,0.2364377995211418,208.6309640637413,8.48444559338212,46.68147395037864,452.7575732147352,0
15.843839782260895,-0.2172916494322391,3.657939575447769,59.55601916597385,1.1118580804243472,13.390359575911557,3.5520505431811573,-6.055829110736106,236.8509813868186,55.05444968718981,0.7517429874189991,1340.335368970434,19526.63939630357,0.1584452848951961,50885.51639719136,0.7435525993807383,584.0211710384124,4861.40126731506,19994.624963159447,0.7444624509809146,1304.494553615414,0.2613984397930778,572.258961300957,6.6724353221212,30.99290762978157,556.8443218851844,0
33.880281685257124,-1.4876893721017663,11.345674332623132,77.30771772748935,3.582127209782216,25.080815067100133,1.9088155115952887,-2.370942737594532,213.41805990725652,77.41806896353687,0.8314882169533718,240.04300060826492,52367.70054743846,0.1388853029003144,28315.189666943905,0.8281746864566815,114.63989008255652,6067.331410567709,18406.498643798783,0.8262064482189841,275.60234960400635,0.2057080546677669,129.54481581971777,7.674549860049296,52.59348453376878,255.3588886297074,0
51.111646150985976,0.2462633547402879,17.200111040027995,91.2444374088805,1.6403600015083235,29.80227372891852,1.2758048539176068,1.909269991064065,199.90693853224303,85.59639066468469,0.8583727707572516,144.2171349009901,112523.55167079208,0.1202570727054445,29628.79535891089,0.8619669826490933,75.58187862196466,9407.909162015145,22051.145714082555,0.8596536831750365,149.00457312362883,0.1753262432196529,78.62005314690303,7.495487589161465,71.52599119056528,613.5825192233225,1
19.07324484994548,-0.7868600800702708,5.286691164461865,62.45237959607526,3.2026871368531937,16.721477332090895,3.0632760773292724,-4.449112818778719,226.1801139699229,67.19868509640204,0.7785105767448915,640.8994508294174,29907.25088225858,0.1689269815961879,22366.96225631735,0.7769032012986428,227.02453483491885,6615.706945998881,15580.694022803582,0.7722986035035249,424.7734406208983,0.2723722916862503,277.8903991711009,7.611645942856134,34.75738557439235,554.8336594911937,0
22.401597690567044,-0.023214678173159,5.350241610465289,69.86594252093067,0.4986724744707549,16.357514905312296,2.8338019573241184,1.0566836773689965,233.90235749992604,58.72260245567001,0.7691700727597194,871.2506613008976,24361.414550880603,0.1294218607187129,71262.07772829011,0.7754228021825856,502.442193376198,4454.220348578592,25017.12976667071,0.7789285404396387,1034.2410356832029,0.2194003402370821,555.9041040392173,6.511987162421984,40.29598942699552,650.7633998882284,0
58.24382099504368,-1.581453968553986,21.10197596396169,92.99023657608852,2.913409648026341,33.13951361692482,0.99835114122921,-1.8540604871019108,206.5245400705645,81.12190766194576,0.8564577881456248,269.1661823942068,76488.27026023988,0.0853007632411976,41291.86303688617,0.8611371613157383,137.17786223609198,4593.051325859935,26660.72723548179,0.85361341186524,346.9274747474748,0.1242332614226154,125.69697761291502,7.172704553091398,78.12424384366055,477.1275507033208,0
6.801924754100793,-0.1815917455011199,1.9530714529441144,37.68239388120022,1.1672772512649965,10.043825679631627,5.650918165747803,-7.173464666498536,234.9348323830341,57.78765587133666,0.7252698946605847,664.2160717975969,16513.175538039148,0.2094838248888642,9735.099695923009,0.7222740220377873,327.5624359181911,6611.525174032702,7729.044169229939,0.7257826438584362,897.6455530529007,0.3352537921310792,375.3751319457601,6.748863844286089,15.718586715227808,556.4383313727265,0
48.35689189899876,-1.4375477479096757,13.711651105741064,92.75374278857402,3.037096047483268,25.80719469707423,1.4277296832998772,-1.9241211295157576,214.83639891889013,76.08017088846513,0.8166749075122062,339.7176722105197,59612.29325829744,0.1076930665902438,57307.29863447249,0.823849503929851,162.9504199777456,5504.896192136126,27686.012870126928,0.822040742960956,323.2306918238993,0.1624820504745443,188.44545176834612,7.731160462267668,70.18219602505307,473.1151266956744,1
53.84677083546994,1.728621887876065,17.494431990251137,94.74339231331123,3.34530738654104,30.29035628982772,1.225190872796872,1.6964745230297775,208.1181083836562,80.17173016279972,0.8350377673450666,256.36551389001374,80866.46600793715,0.106151793289751,49502.89234631894,0.8404751015716366,120.45691211110773,6544.5301936431215,26279.682240203125,0.834567856668041,204.8961832554681,0.158862204457293,129.28336873749032,7.920398400125481,75.22981336737676,587.5547732375392,0
11.36373233855267,0.1707784742406778,2.851568792640351,50.33774967197851,0.9031547581449526,12.252766157073312,4.286329846575814,6.232740124752577,239.51606889743152,51.40024314331706,0.7644081488907305,2405.1414621035656,24275.059263572835,0.1625672779994224,28259.83947769217,0.7595070208133025,1098.1235235112283,5656.838768449712,18090.87881021106,0.7616240237553816,2290.874436692211,0.2596223027060691,1056.1379736154274,4.643925146018211,23.986543572792755,560.9243406830956,0
61.44984717017088,-3.7670948612081534,24.706522179169585,90.37391783426006,6.015998074738557,35.91894296051822,0.8163468259530606,-1.3345436940495967,206.64747930297065,79.61881294730782,0.8249472790063378,254.7280494172805,57335.03730738037,0.0782189256530602,49504.49098423491,0.8416550849089253,92.14949078438887,3578.882761264388,24814.80038540836,0.830707458860736,247.37151021480653,0.1174804565179344,128.67873569752658,9.135734400474284,79.4039486801622,598.580330052542,0
64.22509028518122,-0.1520468861051875,15.195382795842216,106.72637212191914,2.48961891638081,24.92985179865057,1.078117147755079,-1.432106294861881,214.17144633972995,75.89483512619323,0.7957705933364273,289.66277470599795,42125.27472003143,0.1008826349404213,427442.8370428584,0.8075215258216104,109.94631646380525,4316.798206278027,32752.797168481746,0.8099832068293153,248.7311277299084,0.1636837627986245,121.89793195463642,8.065391791044776,87.93325035925793,511.1170348970815,1
65.05489977078487,-1.0666610557418714,15.05700017241846,106.90054234259468,3.051445179542915,24.26884541146023,1.057242187161989,-2.9424860356777347,207.27849637583168,80.97691424264626,0.81507549375239,155.7932006559993,70248.2720003546,0.1159764232755744,127465.94335357477,0.816517250366217,116.39668437832094,6850.2350605738575,31149.23477151966,0.805187979002107,318.66731821001,0.1734631712057553,90.05015152415473,8.384053659328176,88.52618263505026,237.20876044937015,1
35.938094093238945,-0.9762292484181664,9.35963688252192,83.65592703601168,2.5571659247380074,21.307135421620625,1.9378523570656927,-2.8759844896706506,218.45830908169205,73.87542188724943,0.8079811194050003,284.968714796099,37978.16720847147,0.1324180848444335,37144.973719785,0.8122172569262129,200.04670951664616,4862.147346188327,24268.046937442068,0.8074935537416507,449.7717158154995,0.2069061370243433,208.83382649732172,8.031922983045757,56.6180809834081,477.01699570815447,1
68.06811453014762,-1.509293547263002,18.5564814225616,105.37311516237568,2.6441926756080862,28.538580309056226,0.916453428393409,-1.5544896639853172,216.1390189334828,73.69507239096741,0.8014706407374741,314.9733584281148,36915.359125793,0.0698516441636998,110780.76437947204,0.8099569119492093,168.22621557973804,2367.8857147254844,37591.5250350167,0.7825610311198303,589.7072472709201,0.1067547136475522,160.62625660769396,7.905721457105485,90.37360832768518,224.91933144118573,0
7.508133525901978,-0.0368464988425924,2.029568341914112,39.92288843380729,0.4146168218915685,9.873925801364004,5.362589668514193,-2.0559249451022987,236.52571240421457,56.327792873778336,0.7781467665566196,1416.5412978369384,16961.380299500834,0.2017266074258411,11752.87547420965,0.7710198482730892,554.0362180474284,4768.504896827841,9926.844287034186,0.7855712565560565,1270.7444853550933,0.3009479654048512,612.6473905592771,5.370794420498084,17.071234023270048,605.3269716531013,0
62.614064777527,-0.9633184641029034,15.911497347238814,103.82052232120766,2.068175090113362,25.736067171942185,1.083393642836179,-2.390037895602675,198.9331966386885,85.75246660363592,0.8071631760160147,70.65425496431034,54753.756843299016,0.1319389948194766,116691.704153788,0.8156107170263328,41.59975580230422,6895.894347971281,26404.25971572884,0.8093600596486176,67.3040246233166,0.2016249001674918,38.02821539458691,8.370127794741682,85.45456791490784,592.4415138470724,1
8.208043881681181,-0.1737427993205882,1.9399824726247688,43.157736905417465,1.231731816577852,9.795633334592956,5.176580751819674,-8.062361418086562,242.16746322865092,47.34949551169096,0.7460857956641584,2283.298174620629,11767.84723993842,0.1785203335327225,23513.137233340665,0.7327091146271121,1055.7183619338505,3521.486838403729,15858.70333159185,0.7493940350274679,2323.490503789568,0.2793558968325295,1043.093435860467,5.062940443063135,18.79088387536893,455.83154484713504,0
36.26630722183766,-0.6514659310332257,12.259511963531038,80.38015025285648,1.8219387666799216,26.771045714604217,1.8078764878864468,-2.8081763834794446,217.06262295977848,74.15921020069645,0.7813368273822858,191.75653712853037,38535.59907086498,0.1379303414230866,38320.300995501806,0.7852153020487846,107.87739198916783,5718.446564516352,19965.638573027343,0.7782587472645899,268.2922892553208,0.2138580990545175,112.32528326854684,8.501288800641213,55.899451050162114,450.7139883017746,1
34.47813283917323,-0.98061797321187,11.942656489477212,77.51747279348295,2.2421728932449905,26.167355890422943,1.865666147212376,-2.438114240502256,210.65929215680893,78.90538072400048,0.8173012690521635,259.15333030970584,57910.72007688653,0.1497072869094811,25691.850470821995,0.8161737541364794,103.33330246723048,8045.50661563471,17001.62961705455,0.8096722367375553,173.3009893580728,0.226747741217393,116.11721976780026,8.351385464480446,53.24916871601494,474.1661937576004,0
22.29587040566533,0.6643393163140411,6.808212843154398,66.99826954759963,2.620586227371099,20.13028317830512,2.7441285056808904,4.308507116416367,228.0133414932681,65.29775835200314,0.7949657939510852,651.9926475593982,43368.50420042208,0.1406455817376929,31137.99778065219,0.8000772749175603,346.2898449049134,6800.456089799804,19371.60981934805,0.8013068687178614,722.8734240368927,0.225834854968701,405.7536295534112,7.091158127877834,39.15500715519459,613.6424661390723,0
28.396687210365624,0.1505334387253767,8.214306504858882,74.9842969500745,1.0939785918058973,21.204952294758066,2.3118147349774616,2.4335644648122807,223.3976844748221,69.68190520494188,0.8022661173195823,408.52715722926354,39626.10601501474,0.1374232088087526,32561.75743898362,0.799545498869803,235.9761640324648,5763.340452797949,21361.61594760074,0.8051675427669108,687.1697208010081,0.2179692285712489,245.8336930591844,7.386075851273229,47.222324838853936,593.3956673560024,1
67.15163102904043,-2.907877114898988,22.31644218223906,99.71378898052969,4.493011495518544,32.844216037029106,0.8330495258190945,-1.0828494924511642,211.81048505892252,76.47488289030213,0.795612222700754,341.6943054451356,37808.66789817456,0.0768440549204419,84542.85120578653,0.8134209505519144,184.69645083176917,2559.0009743376654,31059.49484890602,0.7977697280348831,339.69072323418646,0.1169984337475386,260.9648298774201,7.061542508417508,87.23200868362626,566.6146685925212,0
48.91645399694733,1.9793425590505689,16.491598639455777,91.23756462615704,4.034868332344721,30.55887331504368,1.3613680087975135,1.7396723421258968,218.07288914394115,72.74022451309753,0.7894217693557832,346.95241735398645,43307.88663582109,0.1047278883620022,76292.96881915108,0.8064957459592544,152.08659751188725,4038.7347715581714,26552.35766316839,0.7930889455438113,299.9431120656511,0.1624241816309621,248.62764134080948,8.296789131587023,70.06184463714936,586.1976177990861,1
39.389208713942296,0.7951247166895608,11.303403889079666,86.99047454459641,1.982877198558468,24.89583120209361,1.774062753082444,2.2969735294269507,233.1242902930403,58.41037128674403,0.7742355214350397,1512.634828540287,33235.484480590254,0.0784130639061038,213907.32070093064,0.7929550489491872,617.5904881328278,2328.767914066867,35525.18488918433,0.7793972832847943,1711.983231504848,0.1174959625977322,582.3282662842479,5.205872252747253,60.90154490975953,600.0856710511,0
82.38609781868956,-1.674734587674832,19.73048158382615,114.0625237138698,2.520944260447347,27.18485221487694,0.6699057401225682,-1.169716992574743,217.96268656716416,71.44563265588319,0.7164144555594003,417.3830875206018,22471.170434856103,0.0607640621794585,186844.2780289904,0.7502827654662241,153.70556226204846,2054.218608970192,43442.43201782896,0.7147362945273714,441.43795435333897,0.0957689321058156,180.2686274509804,7.751983009480897,103.90964055088332,488.4586832555729,0
35.34297840404426,-0.8268857564374973,11.37468537577668,79.75716280057196,2.101825136711608,25.327746283922885,1.8616348937916227,-2.7208903838685443,223.3592008136877,69.34711561083218,0.8442988641620042,566.122851474257,34228.05953994539,0.1058557577464165,40539.13100359479,0.8409771384756477,382.19880896114944,2572.7573683713017,25366.370469798658,0.8441008106393869,772.7763315022689,0.152943920327585,340.8571320783189,6.722485171347721,54.70759673446845,459.4076913665838,0
28.902716861180963,0.8936132870892229,11.24213587097893,66.92778511711319,2.3505209014821618,25.664675961219668,1.9460125787901428,2.399506040397262,222.08087401369983,70.46102179505725,0.8090418604371409,394.4065620918482,46444.7385453634,0.1201835893440301,33240.995052705184,0.815745894189237,212.18022999215376,4992.000049038838,16340.264258042367,0.8111259426187163,517.7342497891185,0.1898568831971198,233.21700804052227,7.584344056186595,45.08409567802848,608.0138036809816,0
76.21319865341006,3.259704308390023,22.836919867434155,108.6038306819606,4.927518263949919,32.439254303762816,0.7356412178541624,1.069701975519465,217.80708878423164,71.32268988499979,0.7218041981841642,368.8353847101584,39119.95082855911,0.0746704543641528,217748.01032464733,0.7576076935645499,189.5702826948481,3750.406118890357,36423.01851519154,0.7384902355749459,323.81087988316904,0.118691700251207,170.2394461616632,8.127664399092971,97.39868851424816,501.9081167631482,1
11.548895454013882,-0.3034943643966979,3.073675663468789,49.7858357480604,1.6597012110240204,12.629253616114488,4.222950020601798,-6.093204391799697,232.7329187787577,60.48881174296045,0.7475042569066355,647.8864510739332,23606.43535515642,0.1910790908982329,16643.780486732474,0.7395204211744888,407.4941928459088,7420.429850385127,12218.4024075493,0.7416740312425621,886.6650453589123,0.3036815145843969,370.1808572987612,7.231985224436137,23.882536761850368,257.46361940298505,0
54.84996152722179,-0.0231684173090274,15.48485764658528,97.89188396850976,1.4571043963516104,27.40014732270256,1.2482419233293054,0.9276751339258352,216.55416239344515,74.44690191086937,0.847621361790766,584.0282333888164,75195.47205002475,0.0833061207352939,59133.133267353456,0.8503757414350563,360.2383586668045,4184.110019646366,34106.05947333954,0.8368343816699003,671.615314577911,0.1239518302858073,304.88433309325376,5.659906705925167,77.27967131488334,448.5133638333736,1
37.33702143272535,-0.5174130584192429,13.309589990307517,78.8018696081764,1.1627469241759203,27.040407313486966,1.7169770906064985,-2.3501156293681,197.9811824830381,86.81184198095788,0.8304144789287079,73.71275106145924,86023.84963413533,0.1584409955500286,19011.22901924177,0.8278132074468781,40.809610206762414,12205.08421449877,14600.747610511571,0.8202156551594643,96.65087470888172,0.2325474127702272,38.78052584993543,7.612705965283284,55.80570382822678,244.89847079468544,0
31.4036212970314,-1.301303608399881,9.465491874095177,73.18408941809784,3.2915583828030925,21.338991175500173,1.9658225106191176,-2.53368661953105,212.8281184327278,77.48127219361602,0.8204856811079503,244.5106500183621,27505.98182152038,0.1455422877910749,22493.529494124126,0.815527391900354,107.20598164819944,3786.5074878808864,16267.46435682133,0.8216406385399412,226.10121734372865,0.2225250356710339,96.74805909804512,6.788742041439002,49.18939133614349,466.9389571638093,1
38.463238514037535,1.301155033348845,10.935118892508145,85.76645421682043,3.447322220698491,24.084146165023075,1.8182586843301125,2.8871182121028105,219.40162866449512,72.90722271752836,0.8308712062880592,402.3849527665317,23090.723515519567,0.1135773845556026,44755.73917566352,0.8353373143012638,184.33429015353013,2037.2939456982592,27074.90206199141,0.8374687756507714,324.19198441413863,0.1732284547770226,195.9629258517034,6.905390103924306,59.49185455099104,503.0105852026545,1
19.396690612082786,-0.2680662905811915,4.89947356614348,64.31707933077222,0.9883810150379632,15.735698279639772,3.0873489605529127,-4.741050436944407,227.2750621497183,66.22688038399036,0.7742708624637744,415.5518104455198,16738.022326047056,0.1672839302763134,25185.959085599865,0.7655728057707539,209.2560505719446,4092.398615291993,17099.872636965683,0.7706323354130047,362.7992334426869,0.2734148792139813,206.07242289145665,7.237360438946176,35.68979305921355,577.7483443708611,0
33.34901868404718,-0.1437591163026911,8.701161813667401,81.86526517281895,1.1376625161269942,20.98117525102169,2.076979446550323,0.0515567026360992,224.87513120027089,68.37003498120825,0.7833094993151718,499.2393725526976,48784.2690567188,0.1280725312326426,50493.03501840606,0.7842215909188853,317.0660904931368,6903.229017926217,26021.189993589884,0.7829642387401374,602.7612171347024,0.1997453922537933,320.2679251932948,8.174865978217934,53.90921110365693,465.3176699147012,0
33.17750425759984,0.9159393638290704,8.923654098617332,76.65156866485306,2.3520287682218486,20.13384218067781,1.917038684944312,2.588750975635446,218.4143722599605,73.99073725909423,0.798481854606587,293.6849806161157,28584.2965525866,0.13419472863756,36507.80586935679,0.799490735830165,134.54276214042685,4078.041099597897,19644.668612743582,0.7906833736668201,286.89243822250506,0.2135982345810503,181.0606589147287,8.348731753143518,52.08692941536431,570.3604855898434,1
37.88036105604657,0.8033573880410785,10.262797948930436,85.8560378365429,2.050677679546216,22.96888369209648,1.852731108913432,2.583481481830682,223.8186244273156,68.99179672221159,0.8019822039931791,604.9911901916181,31186.7500481937,0.1128997702901008,63150.22462119752,0.803238135784769,260.3826304606187,3252.15356358267,28403.50678863399,0.7986526159089358,603.4935418215977,0.175237385176735,356.3826418228433,7.223611784703617,59.12963776468011,580.5412765957448,1
63.44636788272999,-0.8182651435574217,18.19514318708252,101.58524453172004,1.883703913972841,28.714558838255694,1.0081970868700312,-2.247592147007848,202.4518826761474,83.722318930458,0.8543354070952188,269.63454887641353,85644.66914922708,0.100421823504694,43089.86858783599,0.856962152812947,100.68913241016162,5566.011641904644,30020.45564193571,0.8489736963211874,173.4892877917694,0.1465253661188027,93.59823444081576,7.398513251454428,85.0247804056194,458.4423641534086,0
35.489563012360904,-0.9235420168067217,10.821453306093078,80.81661518976979,2.442656029210798,24.258584177609887,1.8769888078985288,-2.939573256672492,221.03974892709377,71.52404656279205,0.8088266669447015,373.0706927511577,25912.29368679709,0.1205679452135761,39009.0477979397,0.8043636284911574,182.1944091769685,2944.9263615101904,23776.54520547945,0.8005340292079206,384.64649303452455,0.1848682891165066,173.96206336131087,8.388507696656644,55.34944651105433,248.37072723101628,0
12.53639638471178,-0.1466231641604007,3.234084868421052,52.43199750446798,0.7218091866611169,13.137506321371715,4.029463033967001,-6.277787435952305,237.9845426065163,53.74604775739481,0.7730896602040572,1797.926777429897,24385.32351395205,0.1665578622970847,31304.413236739263,0.7654874355863727,807.9190221865698,5444.74752485698,17626.85478457284,0.7730804019450803,1405.7436063600803,0.2590256074562589,673.724958705688,6.208342731829574,25.72060159837755,531.4893444286585,0
41.75040817237653,1.948524578222661,14.197153884111092,86.7358658869812,4.2700090932021695,29.462475539139945,1.612177698553915,1.8673470990860692,233.1403085201372,57.21937139238195,0.7208276198714084,1802.8555506018724,12938.826645861198,0.0654371625210453,172274.81754346855,0.7639309023352574,601.3176995039869,986.2264079864382,35054.52793997614,0.7484516820730843,1029.386159097962,0.0987756856256937,701.1201226571545,4.647845293481836,62.912456808876456,505.4260666277031,0
60.61127043266007,-1.0541842940550583,17.48258228051822,100.2895896631768,2.5776067388801502,28.50558841338115,1.0748979160177634,-1.8825561615175244,206.81258102876356,80.68201656156073,0.8102197399649066,214.91720863608532,53089.36898587221,0.1074957594656313,52925.90652327099,0.8142520849304374,68.47747263004162,4973.631732680335,28769.561531619576,0.8044548650431623,165.22612957973817,0.1612612799665854,73.86391860961747,8.518874672532032,82.70136110405608,477.12053370966703,0
45.995992518268274,-0.3783842672492923,14.48337875922594,89.54605392630431,1.9784176263944009,27.641306690279343,1.46518074001598,-1.3714931594283468,212.0444681085448,77.87251044764085,0.8333669095870728,273.490535322687,48497.95938328243,0.1128615254791095,39052.035463950815,0.8324670896204779,127.13903450035076,4695.219654358778,25023.098054970986,0.8288134769749514,371.8853573644875,0.1747628003928183,138.4506130356096,7.540906253442515,67.22223799960878,464.0823713746682,0
54.06451460094097,-1.062520685858108,14.190861469818524,98.33898087713658,2.250822841334544,25.523165749507577,1.292174960177512,-2.2080711992171937,214.4013471191385,75.82521480415228,0.7846980795263366,230.38313586705647,52163.932868793,0.1154239843464209,76488.24655441496,0.7899718179699287,108.34018802613522,5859.733773016816,29267.55984884173,0.7755114317742485,327.4133505218758,0.1783797150958274,113.4420229341915,8.419019119939366,76.87599920284434,454.7556574047551,1
17.214435021308816,-0.3095135029233583,4.661099319350521,60.410361474434765,1.5965237969100912,15.990067690989772,3.285867966388414,-6.07108442971446,235.1718397788109,56.96471405009359,0.7917758931363111,1247.1705013453409,21321.85783317775,0.1451582297527058,32698.21259129098,0.7859222555897225,853.7825335502237,3658.822997153314,20498.91927612851,0.7893299176800979,1778.6852439291183,0.2312009981064121,718.037455848347,4.479712595097211,32.58748765194308,588.220194721695,1
2.7808484386529115,-0.0741060087151428,0.8530746982416572,24.04014218539419,0.7291699426211131,6.735806727917557,9.032656207573144,-11.667284103020378,246.53985159197535,38.31368530070117,0.7310042850519213,3200.32297415045,5135.132249007648,0.2031118860118686,8823.917804240487,0.7018665736378777,1570.8441681775016,1979.132608132608,7099.909004575671,0.7287652751437725,3506.236808738906,0.3137890874534958,1474.9631411633302,4.827277283548428,7.96666548413742,458.6839775745057,0
61.17194394623655,-2.2122981075268804,19.512347956989245,97.5688705958703,4.061423505868891,30.487548896410523,1.00312978626503,-1.8010196292057623,199.60662903225807,84.15028610619724,0.8374339021127601,129.8750441486317,54101.707961368425,0.1095616493665518,40694.70095848202,0.8388426911663598,58.4071637766724,4403.678722514062,25336.438020082747,0.8336624882909873,130.84860239869386,0.1644868045828093,68.19440070396443,8.138655913978495,81.86034435502587,463.9252231830521,0
33.62649423664356,-0.9621103768656182,10.459889416039498,78.60755884261108,2.500023465728677,24.11242828399482,1.94848675049392,-2.6909336828004733,223.4825499028066,69.34754855011154,0.8149139866105336,495.4163344027595,33557.34078222651,0.1222885617590726,42073.61250301356,0.8128630033107352,256.4435629345523,3521.785372773604,23783.59347799436,0.8085377548066124,474.4214393653192,0.1825971950332081,226.74027980129543,7.551065361968908,53.05503150878322,459.9471539253885,1
49.21769367710251,0.1330737634032798,12.556157622113783,95.46789287843129,1.1344859819821322,23.935084143676352,1.4522586851235564,0.925838018945126,212.9749611288104,78.39897366638951,0.8579628927972617,423.3892526834537,51611.49559170999,0.1039529554101489,41562.01697157902,0.8552967078589688,169.78544066261162,3707.433881195807,31013.04213795781,0.8538168032890264,350.3675981596341,0.152891908928706,168.0988545527332,6.714683227809815,71.81281737424888,470.9731022917831,1
29.263253658017344,-0.4470300747570188,7.43472148302205,76.46753596081845,1.363123551074722,18.11814153386241,2.3053825016273626,-4.122502881611188,213.1334859042488,79.30940906188114,0.8397950725328077,331.7314998921975,55477.40330115229,0.1698682385806276,23650.80310471217,0.834812144030393,148.60588939652868,7804.951708343506,17987.704646647835,0.8395943059613846,232.30206581791975,0.2387706965947939,127.40160289076252,5.67652645972701,48.19985292002944,280.5073848827107,0
51.4777022600263,-0.0783112343852716,18.305211004273502,87.01976469898398,1.3493269056431778,29.123771022230077,1.1661751732047685,0.169742662023085,184.51703648915188,91.84018187195343,0.8697513964223613,39.0090777951012,49209.0319981349,0.1282735311337316,20344.99232103047,0.8809921597136382,25.09398202422821,4356.400882040975,16704.63872606487,0.8823225341382244,51.82320188278514,0.1796591348200409,29.609822379111336,7.176947731755424,70.11961821470452,674.6829621582473,1
51.12259813679245,-3.88939808962264,20.82375507075472,85.63725671006127,6.753071765128801,34.22332000774572,1.1193873384671051,-1.3788089671870398,206.7543691037736,80.76444020158888,0.8442755504282219,185.02825982164376,44549.3107977826,0.097454300795914,34690.6027054712,0.8488866301496187,97.21494411798594,2961.1583419748818,21463.569334024654,0.8384156430297686,222.98444039059984,0.1424386664779943,90.07586516073984,8.758183962264152,69.78908148078811,483.8459003530796,0
53.4239440216101,0.4020515254407996,13.119762299563334,99.32292193862637,2.1943586690914443,23.89605426901047,1.3510046583455604,1.113599754087501,205.7726082483868,82.48842673110049,0.8330684136507576,164.4294236054303,70998.73955164205,0.1270910298257984,42739.78064652518,0.8314119460564615,81.64571509023872,7458.297660216644,28135.66495956636,0.8235719099361852,160.23247459229498,0.1881319044719961,90.88790279978868,8.275654813717097,76.55274805441105,239.35247020749404,1
47.22738172283562,-0.0081774506266379,13.175579033460824,92.18113100738292,1.3045469439002144,24.94570828828501,1.4842129650259044,1.6692137282122868,201.481436578384,84.40483984558082,0.8299521578590837,86.84795844087088,58725.09716983213,0.1416122456127197,28711.85777468952,0.8268451638073504,49.07301946199522,7329.308137692032,22011.812987342302,0.8203400952560023,120.17000419315724,0.2142028350361096,44.38538842765164,8.515835558442184,68.84250703352629,248.5124697639503,1
62.75055295798696,-1.1789172019301428,19.45509255835399,99.2154807371732,2.581797654481018,29.93082256803161,0.9856119337028452,-2.216857326286394,193.51396706703005,87.24795070450563,0.8469041320597075,79.49791720665013,72978.7234605843,0.1200887670120882,34975.73100492465,0.8492999244612213,35.763794746639824,6466.058955562879,24437.365241246625,0.8493673923380878,90.06574740763392,0.1761503719719998,48.31786617001463,8.429699019862955,83.66001385531136,465.24149825653336,0
49.049100587885896,0.4069080171796716,12.25877629114059,91.62059896894866,1.508063507065247,22.38435200004005,1.3646138947350994,2.783475059971465,208.1884318981404,80.9211335380384,0.8223954631008359,133.45660445732923,63039.03648003865,0.1308193479060706,57487.62835457309,0.823062016105966,93.25249851336058,7117.185340776122,23081.8961654294,0.8162948415500005,310.52510148289286,0.1941771197543757,89.20284677056294,7.486764952253309,70.37915550327754,460.3570771212958,1
31.97077079450542,-1.771568981385609,13.14495726053243,72.58111447679838,4.322481726489102,29.32582908809741,1.879767356513836,-2.4318699487463853,222.199661765721,69.63023039235534,0.8149711445173616,407.6656035484212,29427.53395289893,0.1203544677711163,32358.99482521913,0.8168455995354478,255.9071936949616,2933.4468615545456,18963.14017451445,0.8062348163036991,459.8958188757807,0.1846963316810709,236.92245273214212,7.640706610524378,49.7095259534724,406.44535500772486,0
21.74754083209741,0.2117978221840609,7.265817071266879,64.09096899551903,1.4961884093818827,20.8211585220712,2.708098201676941,3.94975008116598,220.96415970650224,71.67306016887744,0.7892368903754942,303.4938635661527,41408.47920352739,0.1623044595865979,20178.15460443171,0.7908738056413264,174.35921196075378,8054.674998702175,14188.12168405752,0.7935338593505146,298.2831548198637,0.2553410769927077,159.40389632302362,8.03502068534853,37.65560249546005,510.4811729882288,0
62.82868219908013,-2.176704899145821,19.993953024725247,95.7543395167002,3.571149136796545,29.42045808161571,0.9106873451561434,-1.6950097096453534,187.11274425972763,89.90837466459726,0.8604962868644358,51.46082486117748,84883.96178879203,0.1226269075685855,28628.63762790621,0.8685911795139061,34.498860088809806,7087.031440895406,21570.59825875587,0.8601370249380832,98.91433214223534,0.1784635187204574,34.34343900769071,7.745335325514622,82.24719533638087,547.1431061104062,1
26.37292738817638,-0.3889795230937065,7.04352642189566,73.37511390028307,1.950062230455212,19.16251481891747,2.470740760769584,-4.558894060867734,226.51026861799733,66.41976930879085,0.7983606008847636,575.2456913392664,27440.56474929455,0.1435704640360955,37195.52537443022,0.795658407962403,323.1065597191608,4192.577067515716,22122.57078128827,0.8025201588583667,618.677566107478,0.2234855038502081,283.8214628175048,6.987868702458938,44.92225518537838,607.0245580506449,1
28.09116443637855,0.7676708212953406,7.622179563398938,73.5532816488723,2.3322135591776614,19.70876447945565,2.2742586974875016,3.122490128185413,229.7033143159117,63.27078396762407,0.80023809552295,908.4106106318036,33956.67698794968,0.1164196825573825,73104.08119409304,0.8048603402518603,456.1631168915308,3802.4346058534848,24672.96324970441,0.8030202842119412,953.0979482511116,0.1856870387174013,439.01143329765495,6.311044358918197,46.59859088790403,503.26882857035,0
67.80733571967518,2.12114063248539,21.64247267833189,102.62949258043298,3.7959447969404585,32.522755408727754,0.8815259554388827,1.5061176535595089,205.46762719172176,80.19013366271234,0.8216580201060628,213.82435080842723,82585.5414778295,0.0871760095939259,65500.17992099461,0.8393721433397964,87.31873376554812,5494.287943741685,30518.81311286156,0.8291488816729908,161.18931269303764,0.1386887346486677,87.24729375710544,8.683580650570088,88.63001360480581,630.7218079096046,1
20.105779113211277,-0.3713193588397324,6.25160310992406,63.248289958040125,1.399728226684915,19.18279505611661,2.9004336851775308,-4.230999996945116,229.14279246374164,64.06124149434567,0.7809576973385992,776.1566850113305,31601.671486637173,0.1565899488310503,29011.83349519801,0.7757819898670879,297.1799635209079,5921.324799027224,17120.546527730865,0.7746071497944855,615.7562135850726,0.2405493704945308,320.9851112043643,7.25482810573894,36.08375310985451,560.9475491131033,1
53.83886190910355,-0.0212823940288351,12.48540822528885,100.83652319943336,1.1936118750717564,23.02915645260585,1.3570893531284078,-0.6428589420544872,215.02769750634877,76.53029203793274,0.8047141713099921,223.48217731122665,37043.66149972203,0.1138152846541299,147263.48615062624,0.8057735301362741,139.96640707801484,4200.168978388093,32039.733821790087,0.7933899565258364,270.8473651518458,0.1762685013393969,128.44638912489378,8.321470332194938,77.63822157235442,526.7522717116043,1
26.513191693673065,-1.1049267010796084,10.362322275264724,67.40427708547806,3.3628510961455294,25.62523944976961,2.2370719379463213,-3.2600431121726605,216.962941400969,74.67262122253746,0.8169100471656615,346.052982346182,59844.94235871723,0.1476584391065369,21038.70155646088,0.8220116025349048,160.29758323009457,8184.506636776591,14783.165919414783,0.8210750284573054,275.5594514261876,0.2241162259200295,173.42561433598485,7.426241809137542,42.995280437370205,588.1262786941413,0
10.597840079515676,0.2572336495888679,2.8552405529953915,48.38299127542312,1.4211081888357315,12.682257742237894,4.442025877783361,6.949207234323168,240.5759067497967,49.49116318106584,0.7685285210822663,2101.142050594217,17670.274337939423,0.158490291263756,28011.403880345613,0.7571113417131106,1005.5933012985528,3781.682684056976,17670.184228591042,0.7696276958545026,1923.0602896914972,0.2487470318865414,1066.785114828466,5.597292852624921,22.66641760816242,474.89048612721234,1
61.76667616362104,0.5914165546249271,14.596113110714672,101.92042591051596,3.468495683726312,23.89249218350943,1.0697150859249978,1.527852201956944,204.2568755264218,82.66489503156207,0.8328504868375849,275.6799019836329,97824.49284520472,0.1047161033978333,57652.148635961086,0.8457647502742862,146.3560504343373,8164.342829843439,30341.65261757708,0.8471287819350325,260.42670973994507,0.1653346566581726,148.30000062276972,7.058030646249784,84.05684480019256,497.042213159925,1
40.82908476403647,-0.1971489366063222,10.940477563787216,87.89505940523121,1.2270813617405212,22.728859738236206,1.7402498702458746,-0.1283157475947891,202.873606191788,84.38916256353482,0.8170291788389439,95.56199180031116,63928.10445307684,0.1581980644667859,26625.919010949227,0.8118229518413389,54.72037011075284,10017.82566475069,19822.199037338192,0.8105098480272438,108.50303875660056,0.2373131548295458,67.8500140594245,7.759322117276663,62.01080692616392,552.0427062431378,0
31.42787715027001,0.6189717591335572,9.69528716022566,73.5893367098974,1.6554732021150464,22.568294874957708,1.943921165373532,2.537708082741479,231.12050864331613,60.99705302815389,0.7830523322875758,1103.1170022371364,35730.44304889741,0.1021612011525992,149228.46305528923,0.7958443187721372,658.8173107633344,3442.4480706135128,23027.286606079964,0.7839914404048207,901.3095241872788,0.1617705109490297,432.913863012106,5.772745648173289,49.70672833484932,502.5295298566694,0
43.90149927997379,-0.3077830910251096,11.886926285699502,90.27692694554348,0.9644130865029652,23.78423807735293,1.6098229823139822,-2.2063856591729643,205.58732581401765,82.72345673370508,0.8073997122478666,113.15754694349334,55914.52171068415,0.1498317207982996,33055.711741870764,0.8096049011568692,55.774224496322354,8461.746918101448,21868.220380246963,0.8082037549613632,173.34463289296664,0.2244593190398486,59.31461105292086,8.051928118101545,65.55137963972274,562.3336090432865,1
73.28074646664903,-0.2228776235791686,19.06330855141422,108.30293191436762,1.611829047856041,27.72190730795966,0.8215795473947867,-0.6815343741110547,199.35217640320727,85.15882077515435,0.841369947230401,142.36971743309329,66849.99803786815,0.1002741151989901,53065.94451250486,0.8439879567897383,74.98249618752578,4848.137930042297,32885.89832442957,0.8269839407875741,131.84603274885296,0.1462221257541893,91.40680196317604,8.440259053661116,95.09066164670972,240.2536191417157,1
12.713485937660884,-0.7864564082197019,3.940177250194902,50.33985439460334,3.55132104761876,14.927493898793324,3.841873904758893,-4.612643776193195,232.89744494947263,59.67900506634059,0.7784293729171742,935.6178860149588,28009.2514767252,0.1748294372434185,17486.041771667034,0.7742189095822586,405.8908819968334,6342.786681568408,12808.899189717798,0.7756014253863455,838.1827189452612,0.2751131741482514,428.66096164960754,7.16872600503067,25.24533447597162,482.5221674876847,0
24.630280584459783,-1.0430299280365645,9.079488840805212,66.05808195380624,3.19167191434587,23.649770225096088,2.391235337564011,-3.384396302420205,220.61291938150345,71.76292517793813,0.8054251024254534,271.34109532914505,35553.28083173996,0.1545323533720858,23840.851287216607,0.8074764970408698,145.8937531218278,5361.235212606545,14756.46871727116,0.8035768846213586,477.5264560865551,0.2305492560663823,145.6160131774433,7.9318827190508605,40.99694080097494,570.4875881891821,0
23.547233813063546,-0.5443777162942025,7.266305582603049,67.63154313835942,1.824273654533272,20.17210141197435,2.615311202910629,-3.809724882534126,218.03816467570712,73.57719304247638,0.7893500803452855,249.44557208758368,44716.50095510364,0.1713678718017229,20209.53507894224,0.7844239700487389,150.19119158306827,9125.213653046245,14623.327342794226,0.7858404673615711,254.52368335182405,0.2686177930172753,112.12733711219347,7.143748862026108,40.39081640511181,410.7733198329325,1
21.568005726988872,-0.1450792940736756,7.867153888979733,60.37934556593736,0.8457997389319512,21.10732196968543,2.5514888853322235,-2.752803319256686,221.28071589307544,72.43315814891137,0.8261543828867236,540.4012139264338,45622.502571163626,0.1508683291763703,17688.88449433782,0.8273750437769632,249.4387831479897,6159.929560521813,13244.099497433705,0.8320666451441283,613.1827896591915,0.2199889540569034,271.7218450452388,6.586142322097379,36.33740632400384,599.0411168600558,1
61.46891686370323,1.0825687745201074,18.08647692044977,101.35362991556556,2.0938128830884093,29.650952573542565,1.0620325291297514,1.878341019947586,218.51430923357157,71.94977863825247,0.7679222202135713,306.09273048054786,36647.28677372088,0.0934629625231498,131658.76865225323,0.7785026194407166,158.3633167061902,3413.8389075149234,31719.69536893177,0.7622932230693148,372.59232735007424,0.1477536892342201,187.81180332353145,9.0161701345103,83.79541194783138,480.98339563592106,0
21.981354375563416,0.6979276367796965,6.554025501005477,66.81702373483306,2.403168738896793,19.548878532561897,2.766058918541213,3.7674632182464234,231.80928160321756,60.80474616399656,0.8080554602973277,890.7404016814572,32748.35039701074,0.1311415190502067,40557.06497898178,0.8093802069756565,449.56450774508784,4117.838028901133,22082.23020410992,0.8199405077092592,990.5159786339692,0.2015490619886747,448.1768549892816,6.7739893211289095,38.93043517708019,487.3015179113539,0
40.96466208141548,-1.5226463937333714,13.224113969708483,84.52555802783624,3.3269470708223645,26.65125080525544,1.6241257537356577,-2.1381322904819235,213.5310199456667,77.00167606469003,0.8090033395196246,192.15795685319668,57572.620099733125,0.1236812744642353,37467.18142284505,0.8204632666155267,135.02001944405865,6428.343981270213,22130.20644431658,0.8191482014597525,349.0879062784157,0.1885097039808237,135.1261052944971,8.479533521951494,61.13184802563164,297.28283537738395,1
69.00251937268644,-1.879852800732443,19.884911404194195,104.22687444233276,3.859035580314967,29.890648938500416,0.8663818835668086,-2.0904739699128743,212.190183032226,76.26521009588984,0.8247253509216369,406.6108286879594,54513.56585913122,0.0685426623273484,78635.54468323808,0.8357060027888552,152.23607441595317,2866.315083811132,36287.55967637611,0.8166239256980883,368.7575793631907,0.1041179308726315,141.85741769052512,7.803439648300302,90.4436654321991,474.23342304869095,1
7.037429320705237,-0.1803709377682604,1.6134746762006285,40.19905190929908,1.3678567017462624,8.81533731737959,5.644894967188712,-8.147380320808104,244.3629477298669,43.40135712614781,0.7554113726189455,2349.458538184202,9738.94143996504,0.1834544358256861,22271.193051458537,0.7298984528725948,1388.0053760714104,2749.782167672566,16661.60840898717,0.7414808472631232,3262.0661205043284,0.2686186956175185,1167.2292382299454,5.028262284566114,16.786434589426218,213.51298778318116,0
46.05845149828526,2.007631922190364,16.868075054815314,86.77621456778392,4.382831002215815,31.52203800486929,1.3898109684917788,1.9456035475080176,216.57481587676392,74.4559070014635,0.8126215541004183,394.083542684453,66618.9570791579,0.0994846413133271,55549.79082810342,0.8255587031889273,180.7078975343781,5354.582335996708,24963.06704159665,0.8122239618590643,382.8863049334827,0.1562614734643149,182.9663502426872,7.720408163265306,66.1502004543764,559.1241016736604,1
44.44489102254428,0.2036415401426277,10.573892138256266,93.4165452470133,1.4066898331629196,21.864440463440022,1.6505192716298602,3.5860104624783817,221.2038043478261,71.83816241493604,0.8142547998830169,498.880511168292,57458.57584275737,0.1129976078732899,146717.17736285596,0.8191066184879641,292.2272630651969,5988.660886904942,30191.057433218957,0.8233822042725358,566.6742582710779,0.1759085947431934,286.64511620841563,6.734020588911894,67.20064291850437,633.3962440120397,1
49.5331284643359,-2.9244412414828025,16.44191337808242,89.73961356584206,5.792599034179343,29.277442733930627,1.3009919400221823,-1.8770980609927013,208.62910988535583,79.56376089603013,0.8242594773306253,189.72765546402275,69873.97481227673,0.1108210563073222,40541.19663556171,0.8301443971152184,96.43508963913516,6320.382725337483,23363.13267617916,0.8253311158719321,214.31990247426404,0.1732196242015467,104.38798302434668,8.499428807051698,69.93329788198764,583.4270158984331,0
18.921968066502465,0.353502155172414,4.953546366995074,63.22908947262696,1.3089809252764368,16.067133162602598,3.1067270912555607,4.015199031841862,230.51247947454843,62.799060922925456,0.7870099197799808,846.8481917577797,27484.369343986546,0.155390025851931,28160.539676198485,0.7889602978727299,468.3486013986014,5212.121794871795,19072.44512432013,0.7915372215827448,928.8467489023624,0.2483742778467246,653.2098107482543,6.123866995073891,34.984907287743425,502.4222140492828,1
35.15966775236992,-1.4817669551407149,11.841698205897789,78.9094894959956,3.5304213244215346,26.11893673259275,1.8475375054049028,-2.2765145297723257,219.11149993046115,72.43322828603443,0.7957028596184621,374.8677044595384,38420.529366567294,0.1294659206590351,37690.121630758826,0.7982985367085704,169.73798569606282,4897.287368677531,20405.227243410587,0.7918445310450457,326.59014084507044,0.202101171805995,172.43708845243864,7.367263803460792,54.37368291856642,453.4278481012658,0
40.08695903095969,-0.7510753701702141,10.450113504499068,83.79005783756628,1.7071562448787196,21.20686261684041,1.649649222682234,-2.6891170857017843,212.5368114635068,79.01381708743362,0.8335356784395361,264.0816924805785,66911.11515121904,0.1271922296609036,30286.768671520007,0.8392828128816393,127.80866452636629,7080.364570648363,22570.42962839957,0.8397006803050288,271.7569598051157,0.1921148105802452,120.08763988781206,8.440693194703234,60.26737788888717,570.6995559231226,1
49.43779579039226,-0.9522409183680816,14.12420720977362,93.39551406819152,1.990303667632828,26.22930217478395,1.387764507605708,-2.1592999615648467,212.61393418386112,77.85067679777323,0.8229193957728798,262.0869033572884,59176.49451893167,0.1129068872124809,46465.893939718975,0.8219803703865857,167.25611420712872,5362.221630386815,27592.26852222462,0.8125727896449968,277.65356847616425,0.1694166365440913,145.36039626160604,7.020481901643601,71.3612237425085,443.1963452179958,1
23.006465564060896,-0.783558597759151,5.569442549749114,69.88947392266847,2.993554561660639,16.50853504235386,2.7502324495770143,-4.2064544379776905,231.97590589006728,61.46982158543183,0.8008090905394069,1015.5334865900384,31320.29888888889,0.1393469104210928,38640.63590038314,0.7922445946691007,455.09180345788775,4476.448523383556,24643.17382353477,0.7910909430741067,932.6255605381166,0.209877127100638,459.2688925378581,7.151670657999772,40.84449401329094,228.411040904556,0
27.14640030563784,-0.6257710584473593,7.713305191141203,73.04178193119935,1.937755665043338,20.26147013028524,2.381901166723234,-3.7423350534615434,221.9364320308459,71.28473247643375,0.8070057692846571,374.2529301370348,34442.49318366913,0.148360855240013,28459.644523919123,0.8082838915965376,194.36578846888125,5222.919551106463,19864.871656955027,0.8143125701171543,543.3521111855797,0.2285414893434685,195.7351377316924,7.463549160671463,45.388060095358334,288.3931013975616,0
21.469125282610168,-1.2859592093684418,7.542804643606578,63.05983163659092,4.055745479355606,21.62578600705057,2.676588926949468,-3.1547282742286544,228.14613145603465,64.9781218648756,0.8108331700810768,512.8370106324135,20056.892999815624,0.139300861411166,25301.50709851884,0.8047487963195973,345.4362529492296,2671.188109871545,17287.28236870467,0.8032864860871699,834.4976513820098,0.2098654902059661,342.0111592223417,6.042902592567522,37.254857808667694,241.6083231334149,0
70.96984384548881,-1.372971489364872,21.37647186945699,103.88257076461866,2.301902696837527,30.97447625069669,0.809249141700457,-1.6113693217273817,199.9549218202686,84.04920888362818,0.8129669276665784,121.24209762669707,71497.3132276229,0.1007001638067222,57070.4746260407,0.8249995428720036,118.20348283413796,5747.032874437235,29463.66659882277,0.8155266906056728,125.65110501077211,0.1524531521625525,63.11055981190968,7.769932477753432,91.3105774249728,462.13391496048223,1
64.48230106191222,-3.8773132092476463,24.11742309952978,94.42944904773614,5.982402903436979,34.50237357656275,0.8230437017126495,-1.169616951425666,196.3516653605016,85.66563944838785,0.85684964674795,93.43555831779574,83626.58317795732,0.096336348836209,36592.92970374974,0.8613973860601504,61.05411205335418,5261.131901620251,23733.90348700848,0.854777032516282,193.9421887829482,0.1384047189363713,63.20859981817892,8.383103448275863,82.7438424848742,483.20555754818497,0
46.8229091574872,-0.9630671757490612,11.81126036438079,93.8080362673472,2.5769979813763184,23.43440577784405,1.5273164501072805,-3.170117301151026,221.01679286656503,70.77524423041349,0.8101446085119816,535.9829860999647,38265.98600365959,0.0960259529897057,65623.5433212417,0.8176570157964592,193.5148735382902,3242.9814190674365,32633.365654582223,0.8067234064503616,367.91624589750063,0.1550438739668085,185.2063837611238,8.512064653178696,69.36794347871772,597.6387951709281,1
49.47145964728072,-2.062540702716365,16.848734624433686,89.3056161235851,4.233434395702716,29.763230013819268,1.2915581920639858,-2.099485750711638,207.2462929475588,80.4595018963287,0.8341649993532496,204.9211500630517,64769.51373518285,0.1157609128342071,36561.99333165195,0.8391484686951178,103.3275966912155,5427.266594596682,22939.03962240476,0.8300419693034358,269.36175086803775,0.173613677979787,98.68910466145734,7.915362927531159,69.78297103339071,449.53091537132985,1
12.529825599301631,-0.2484125912193971,3.0677656397128064,52.524783208043054,1.313859667454503,12.390996507946806,4.049586914611441,-6.345212215015184,236.09419628844947,56.38893917789937,0.7698298873420155,1253.554587670136,17242.169319455563,0.1802082491541995,23024.45482786229,0.75510529797978,685.4852734503484,4281.501091409264,16337.580898842809,0.7548010981617648,1244.0896138482024,0.2740112759050248,689.7325418369478,6.183007689893283,25.702493140145343,234.75276913052923,0
20.521368841042,-0.2137171982987768,5.272726767676766,65.71171765064558,0.7750868945862099,16.36120894441541,2.9621503528954314,-4.808308597316581,225.781807549176,68.03211780772924,0.7796644946514832,496.7752130762101,25048.93204168833,0.1686969490093137,23962.869735265525,0.7716622464913442,269.070176909533,5679.510228892429,17357.94451664291,0.7707674399064666,535.9425772213907,0.2689728558720491,285.9838584575394,6.724635832004253,37.13984571593448,563.1810737033666,0
51.25905233226744,1.979581788273885,15.453306613226456,95.64352650317274,4.043903467642534,28.81951272712061,1.3433411556099282,1.8010649761671051,228.630874339478,63.01397893989815,0.7597256052254436,919.84477779953,21886.693373140173,0.064256962677128,182068.5278729444,0.7773291106791723,377.66925769255545,1665.5338944836917,37568.31311331086,0.7583155424216151,970.2455114124724,0.1021761920038241,450.6608284381479,6.355602245653535,73.85283377367452,619.0401579986834,0
75.1119763511023,3.122702712442837,21.975153859804795,108.31398459846284,5.070655342382591,31.48898966440149,0.7702138819099895,1.3279656953369956,207.59617227493004,78.91832488519519,0.7946196082750494,173.76166185650044,78909.14287312348,0.0852284614772558,121504.95861765515,0.8118051948417213,115.43224423116192,5610.492492001906,33415.92167313321,0.798113257709685,263.0122116788857,0.1325573222751446,97.59180379896416,7.561826496484882,96.26596196871776,466.62670483246336,1
9.811218273420478,-0.2049573529411762,2.899225762527233,45.09667641187994,0.9016774634532724,12.974826054590476,4.510532459451199,-5.05402681753783,238.81742919389976,51.716434770942016,0.7522672231021494,1231.9494376004284,4916.194643813605,0.1587940838922041,20335.06588109266,0.7270661059865046,446.196059859822,1367.3305550293617,13628.009850350443,0.748922469126218,826.7927688693699,0.2664366400563247,437.6630710064722,6.125149782135076,20.94670469956896,440.8809083707421,0
24.31314588815789,-0.7891207541422994,9.07940177266082,64.82557060832225,2.1261853044049808,23.39717249771887,2.374754435934852,-3.0257640304682005,217.6941337719298,74.668068398057,0.8215518045402844,277.08630480585936,31556.178368616434,0.1533784047502568,18678.75495133942,0.8176999966529493,126.04918938484693,4576.971614181479,13951.352612828869,0.8175082716005754,291.06864075506854,0.2299545346355414,151.76266722647378,7.892616959064328,40.35381163892486,251.1314056435082,0
39.10084244938599,-0.1950010537670089,11.212703908065054,85.78748318496477,1.6525605238655303,24.24417156926543,1.772328103122366,0.7710143473403794,219.835168436774,72.40746604266984,0.8174462957464603,439.1184031274063,42296.35165551146,0.1171370432502882,43463.93121779305,0.8222021567477112,223.26483892321272,4552.965660856135,26280.41580703884,0.8179784096307929,412.7367631706636,0.1831576448186334,303.4290170303427,8.091217225356788,60.089386253823776,581.5275076550355,1
67.88353645034415,2.719729069157653,20.02401909210095,104.76921932920304,4.8598426321748045,30.561462456848428,0.9260398937981282,1.578031537687315,197.88658800393316,84.39306825550044,0.8078223937899585,78.86722752132066,84483.55712203639,0.1169174798633509,60655.03215053608,0.8191982660800411,49.075610117244814,8574.558413762468,27074.16885406992,0.8111575422237288,87.71875472812813,0.1813935452144867,44.61543731905719,8.056624057686005,89.64934479808603,475.90122441349655,1
32.732685989799954,-0.8452972742127146,12.044135905624875,75.15688040905229,2.133871844177325,27.09719894841657,1.923026662122963,-2.8223970141849986,215.3347506932066,75.78258358816244,0.8098311091543926,261.791087521002,32129.631663357264,0.1394783986370267,27207.906655720177,0.8120171299345222,110.96774077537222,4306.0891534201255,17519.689347622814,0.8053338136810977,326.4298960490912,0.2163448792636656,145.5867392129571,8.45941027926322,50.9782242677333,471.3927525991722,0
16.620416196723376,-0.3947413266951382,3.618887886081027,61.17285060823336,1.96825146764182,13.09192441517665,3.4428449655466293,-5.7610378807644445,242.50068033631425,46.04414363052504,0.7965302674266154,2932.4059145070587,15105.092099571357,0.1143648305683086,81366.26170907232,0.7930795622963357,1750.7549424609028,1783.489524933609,30904.25649159044,0.799784221163026,3292.6082216120176,0.1745136555593837,1652.1593690107622,3.7833109176281834,32.28986222549732,527.6762563461114,0
28.261879050364083,-0.5747918234223295,6.601564396237862,76.65297193269944,1.8298692034078805,17.370038564455843,2.3935074336640345,-3.655063834753068,222.37126061893204,70.6902618022579,0.7997140286984271,379.9464353293936,20563.0111204914,0.155417085681997,34395.84015021397,0.7922501727580854,217.7165887207703,3479.512627235213,21961.01122420908,0.7933737639120004,504.97127656394775,0.236542973154964,232.1577407802291,6.708055218446602,47.555555483123655,404.34480756951297,0
39.28770378701617,0.1030666908199103,9.391761707023816,88.37499080369848,0.6296190788131193,20.873103184597447,1.8241228641524907,2.452300139545412,226.56163854539085,66.68390631944199,0.8046362669583559,593.6713742248163,34891.36041482099,0.1065259802116445,78853.2254764014,0.7931734483745325,320.4247849569914,3430.528572381143,32371.916116556644,0.7891277290455798,606.81603081438,0.1578768380014766,337.73142310104646,7.503097454354352,61.22371641757152,387.57105038080886,0
76.72907569890837,3.4657309497546693,26.26092434673462,104.98682114996524,5.372442442442924,35.82348432627017,0.6595713749941768,1.0819410029752528,206.52427827013045,79.08495839087988,0.7944233772282558,183.4243367212916,29094.9639515852,0.0781834705645515,97060.05651760998,0.8149621934109095,110.04650514659431,1854.206867080376,32413.12193898406,0.7958566664299446,225.53349214105384,0.1229280711816026,150.49143797618166,8.368095546004335,95.6576382986048,486.5257359691535,1
21.887141042842067,-0.2195447513875505,5.151593992248061,68.62926101233907,0.7225444554622458,15.632701272706427,2.8758284531471072,-3.4649606987496684,225.89706894179167,68.04764227258119,0.7834402039903232,524.5581545170722,23101.345359036623,0.1694152286196363,27929.802145795133,0.7729826297943106,233.8631166285528,4985.368927054651,19282.62969617772,0.7786110448532984,428.64980870094,0.2590688517090362,239.29277956462963,7.282853997523049,39.316102668239054,452.4766505636071,0
66.60195382995484,0.4195983925703733,17.530063668454385,106.23954932760526,1.2706411980539136,27.851859274784147,0.9826693731818428,1.78851151189975,216.7192793079417,73.379828126844,0.7966421377056144,371.38317923866606,46389.72572849583,0.0741347019661764,125480.01674424535,0.8057145528421362,163.15763813651137,3052.3679636346506,38133.54205332328,0.7859002860845499,418.1723014309081,0.1151208354113725,149.0876375556076,7.845407993212738,89.61067017960863,558.4961121080065,1
59.935094924858326,-1.0799068818263933,13.621060072267388,104.4096200641495,3.280224347831141,23.390712878216924,1.1843815934038309,-3.231609215693979,215.88135829843148,75.1279985190563,0.8331026846658455,451.7429294334274,49235.56259852429,0.0938935594614575,288222.6134403688,0.8370820046697579,199.39230788529568,3719.159286484859,35989.41326927419,0.8288778661209667,364.6978298947706,0.1435538718461169,171.02480825442825,6.744768826476143,83.81055622878156,475.61929926544417,1
80.80884087750255,4.546185855668479,29.106423822291436,105.04713233055932,6.310350522338674,37.61307785207421,0.5525350631132363,0.8039526332276549,204.4685007935178,80.5516434509705,0.7767304690615934,136.51717227385456,44778.59089656555,0.087372055343976,119065.3812595506,0.7883574918861673,60.84212222350098,3659.6298078029695,29690.81044999425,0.7662174312579499,124.53731997576038,0.1387540486711337,70.46921253501797,8.869207566512562,98.09954866237484,589.8250291618064,0
27.346116445048136,0.8005091566580883,9.142640209465256,71.8067469731347,2.730218374154923,23.39351089496041,2.330268355931984,3.4400228240768707,215.8144629920885,75.46221558665624,0.7928404452434306,174.94621219858684,63177.09790066945,0.1558458717250972,24016.55058913102,0.7984905582602149,110.8014140766478,11163.613615686549,15743.875956364644,0.797372463590783,304.76537661877546,0.2464210450289486,119.2944266273728,8.644445238776093,45.03140867546084,501.9456138765922,1
47.56819939521304,-0.3083167912602662,11.455887889822892,94.51476593838537,1.792460640697072,21.50053074814746,1.5317067097542905,-2.518926056393189,201.7662025154004,85.73699080481805,0.8393536593139522,209.3853350047711,70876.21604580239,0.1527184118540381,56563.1677081969,0.8404333975312209,81.23528619528619,8661.835573512906,21996.003483726152,0.8447173931602551,138.08560051856654,0.2165608113944782,79.3486602357985,6.531274063141684,69.80972169430751,437.6079155987363,1
32.423782791951126,-0.1237394933524967,9.258664121451671,79.55937767780124,1.24730963741139,22.27052969931245,2.085616984008721,-1.4698441965680933,222.27768595041323,70.7934419848502,0.8055283448283922,461.0971652267818,44918.54667926566,0.1381715301912936,38404.68590712743,0.8026510752364802,234.1974490641047,6105.491685885756,22962.05763178349,0.7966670137557936,413.0611235522827,0.2069740489292225,225.27357719423725,8.068595041322315,52.29461496381309,475.7817793784181,0
66.22527738316751,2.3400012389966376,21.09669896854648,102.23498514101826,3.914092994494556,32.302659240382155,0.9192661748718924,1.3225471876631056,207.88743245902813,79.4496666350232,0.8018334016831887,327.5329860051977,98298.06211642407,0.0942777832704083,76151.49317341598,0.8104281547035437,143.86632590635952,7755.526406065076,30083.47995174468,0.7897499383980516,272.25663173202287,0.1486786470877332,190.98728296121277,8.008992789665784,87.59648006962779,455.1575056252009,0
