mean_lbp,std_lbp,LGLRE_deg0,SRLGLE_deg0,SRHGLE_deg0,LRHGLE_deg0,directionality_tamura,label
223.6087528,68.9421107,0.148212131,0.093952234,29777.54302,71078.89671,471.0761905,0
235.9054713,55.83417744,0.18627377,0.122195617,25902.40014,43708.77169,449.2782495,0
239.0790329,52.10869268,0.265335348,0.16569347,18841.72144,29026.70655,457.9144626,1
238.7957737,52.39873842,0.282543219,0.174451936,16401.76624,42603.44941,560.5732899,0
215.3325654,75.36502775,0.18385959,0.119940438,22036.04293,40367.92332,508.7139819,1
223.5249614,70.00748199,0.219165356,0.137718236,20049.95231,29374.04141,501.9583006,0
201.7490139,85.03243475,0.194608251,0.130977634,23637.29389,32113.25351,250.8501785,1
212.8369616,77.60014656,0.171803206,0.110799009,23184.59256,141747.5558,564.3913787,1
234.5406389,57.90071689,0.201842145,0.1333315,21325.04477,38590.27886,466.5026909,1
195.1679213,87.7446796,0.222482594,0.146673962,24276.27634,62941.28555,545.8852713,1
232.1479848,61.11334818,0.335362376,0.207629191,8301.338775,9813.698121,562.4368987,0
222.0175439,71.45867381,0.170464972,0.119482417,26474.14334,175225.0588,444.5167581,0
225.6109092,67.72120067,0.236066138,0.145383266,20337.17378,42595.75928,452.7575732,0
236.8509814,55.05444969,0.260706099,0.158445285,19177.5695,50885.5164,556.8443219,0
213.4180599,77.41806896,0.207086319,0.138885303,17710.24508,28315.18967,255.3588886,0
199.9069385,85.59639066,0.174126914,0.120257073,21237.39719,29628.79536,613.5825192,1
226.180114,67.1986851,0.272151983,0.168926982,15522.8786,22366.96226,554.8336595,0
233.9023575,58.72260246,0.215791586,0.129421861,24048.99268,71262.07773,650.7633999,0
206.5245401,81.12190766,0.124445002,0.085300763,24503.34179,41291.86304,477.1275507,0
234.9348324,57.78765587,0.337512312,0.209483825,8006.460787,9735.099696,556.4383314,0
214.8363989,76.08017089,0.16437602,0.107693067,24923.46741,57307.29863,473.1151267,1
208.1181084,80.17173016,0.15991136,0.106151793,24000.19616,49502.89235,587.5547732,0
239.5160689,51.40024314,0.262073418,0.162567278,17744.68865,28259.83948,560.9243407,0
206.6474793,79.61881295,0.117617777,0.078218926,21481.74785,49504.49098,598.5803301,0
214.1714463,75.89483513,0.161043149,0.100882635,29142.64326,427442.837,511.1170349,1
207.2784964,80.97691424,0.178481414,0.115976423,28106.72143,127465.9434,237.2087604,1
218.4583091,73.87542189,0.207104449,0.132418085,23145.34819,37144.97372,477.0169957,1
216.1390189,73.69507239,0.107616468,0.069851644,31399.68913,110780.7644,224.9193314,0
236.5257124,56.32779287,0.304111863,0.201726607,10395.20829,11752.87547,605.3269717,0
198.9331966,85.7524666,0.203819807,0.131938995,24354.52476,116691.7042,592.4415138,1
242.1674632,47.34949551,0.282536419,0.178520334,15931.03292,23513.13723,455.8315448,0
217.062623,74.1592102,0.21731304,0.137930341,17905.78941,38320.301,450.7139883,1
210.6592922,78.90538072,0.227334378,0.149707287,16174.254,25691.85047,474.1661938,0
228.0133415,65.29775835,0.2234402,0.140645582,18882.49165,31137.99778,613.6424661,0
223.3976845,69.6819052,0.216784217,0.137423209,20629.18992,32561.75744,593.3956674,1
211.8104851,76.47488289,0.117593147,0.076844055,25454.34177,84542.85121,566.6146686,0
218.0728891,72.74022451,0.163599236,0.104727888,22489.42791,76292.96882,586.1976178,1
233.1242903,58.41037129,0.120635063,0.078413064,28197.66761,213907.3207,600.0856711,0
217.9626866,71.44563266,0.096020499,0.060764062,31435.86494,186844.278,488.4586833,0
223.3592008,69.34711561,0.15458642,0.105855758,23681.6988,40539.131,459.4076914,0
222.080874,70.4610218,0.186523496,0.120183589,15070.6925,33240.99505,608.0138037,0
217.8070888,71.32268988,0.120976949,0.074670454,26258.95502,217748.0103,501.9081168,1
232.7329188,60.48881174,0.306924618,0.191079091,12445.60597,16643.78049,257.4636194,0
216.5541624,74.44690191,0.124282754,0.083306121,31050.94971,59133.13327,448.5133638,1
197.9811825,86.81184198,0.234017543,0.158440996,14203.95246,19011.22902,244.8984708,0
212.8281184,77.48127219,0.221302382,0.145542288,15983.74676,22493.52949,466.9389572,1
219.4016287,72.90722272,0.173059905,0.113577385,25695.40275,44755.73918,503.0105852,1
227.2750621,66.22688038,0.270627976,0.16728393,17495.55166,25185.95909,577.7483444,0
224.8751312,68.37003498,0.202273415,0.128072531,23652.84211,50493.03502,465.3176699,0
218.4143723,73.99073726,0.210317986,0.134194729,18535.0831,36507.80587,570.3604856,1
223.8186244,68.99179672,0.176389346,0.11289977,25594.66798,63150.22462,580.5412766,1
202.4518827,83.72231893,0.14873002,0.100421824,28253.19227,43089.86859,458.4423642,0
221.0397489,71.52404656,0.187116156,0.120567945,22333.70753,39009.0478,248.3707272,0
237.9845426,53.74604776,0.262455382,0.166557862,17379.0402,31304.41324,531.4893444,0
233.1403085,57.21937139,0.103719462,0.065437163,25087.96254,172274.8175,505.4260666,0
206.812581,80.68201656,0.165848352,0.107495759,25613.96174,52925.90652,477.1205337,0
212.0444681,77.87251045,0.172379241,0.112861525,23691.24426,39052.03546,464.0823714,0
214.4013471,75.8252148,0.180499325,0.115423984,25271.16007,76488.24655,454.7556574,1
235.1718398,56.96471405,0.232520348,0.14515823,20063.05116,32698.21259,588.2201947,1
246.5398516,38.3136853,0.315903472,0.203111886,7606.788744,8823.917804,458.6839776,0
199.606629,84.15028611,0.164107907,0.109561649,23394.06564,40694.70096,463.9252232,0
223.4825499,69.34754855,0.183617302,0.122288562,21870.43074,42073.6125,459.9471539,1
212.9749611,78.39897367,0.152978524,0.103952955,29975.90265,41562.01697,470.9731023,1
213.1334859,79.30940906,0.238455467,0.169868239,17616.91895,23650.8031,280.5073849,0
184.5170365,91.84018187,0.179423814,0.128273531,16355.08489,20344.99232,674.6829622,1
206.7543691,80.7644402,0.14340592,0.097454301,19569.75623,34690.60271,483.8459004,0
205.7726082,82.48842673,0.192480078,0.12709103,26829.7651,42739.78065,239.3524702,1
201.4814366,84.40483985,0.216323225,0.141612246,21567.88439,28711.85777,248.5124698,1
193.5139671,87.2479507,0.177158184,0.120088767,23082.68912,34975.731,465.2414983,0
208.1884319,80.92113354,0.198235472,0.130819348,21284.9906,57487.62835,460.3570771,1
222.1996618,69.63023039,0.183483407,0.120354468,17280.76617,32358.99483,406.445355,0
220.9641597,71.67306017,0.255047881,0.16230446,14122.86507,20178.1546,510.481173,0
187.1127443,89.90837466,0.177124367,0.122626908,20580.23656,28628.63763,547.1431061,1
226.5102686,66.41976931,0.226671089,0.143570464,21120.37101,37195.52537,607.0245581,1
229.7033143,63.27078397,0.184526124,0.116419683,22402.36758,73104.08119,503.2688286,0
205.4676272,80.19013366,0.136801379,0.08717601,27120.35382,65500.17992,630.7218079,1
229.1427925,64.06124149,0.244561434,0.156589949,16253.10515,29011.8335,560.9475491,1
215.0276975,76.53029204,0.176309929,0.113815285,29309.36549,147263.4862,526.7522717,1
216.9629414,74.67262122,0.225245205,0.147658439,14182.70398,21038.70156,588.1262787,0
240.5759067,49.49116318,0.248658726,0.158490291,17236.12516,28011.40388,474.8904861,1
204.2568755,82.66489503,0.162344102,0.104716103,28369.27632,57652.14864,497.0422132,1
202.8736062,84.38916256,0.240329806,0.158198064,19449.3807,26625.91901,552.0427062,0
231.1205086,60.99705303,0.16199176,0.102161201,19390.72616,149228.4631,502.5295299,0
205.5873258,82.72345673,0.227047529,0.149831721,20723.77107,33055.71174,562.333609,1
199.3521764,85.15882078,0.149824765,0.100274115,30145.30869,53065.94451,240.2536191,1
232.8974449,59.67900507,0.277077244,0.174829437,12839.3193,17486.04177,482.5221675,0
220.6129194,71.76292518,0.232431583,0.154532353,13781.89202,23840.85129,570.4875882,0
218.0381647,73.57719304,0.269001846,0.171367872,14454.15548,20209.53508,410.7733198,1
221.2807159,72.43315815,0.222474522,0.150868329,12742.68712,17688.88449,599.0411169,1
218.5143092,71.94977864,0.147135128,0.093462963,25654.3672,131658.7687,480.9833956,0
231.8092816,60.80474616,0.201162179,0.131141519,21008.59903,40557.06498,487.3015179,0
213.5310199,77.00167606,0.189776832,0.123681274,20298.807,37467.18142,297.2828354,1
212.190183,76.2652101,0.105738729,0.068542662,31530.34006,78635.54468,474.233423,1
244.3629477,43.40135713,0.280776816,0.183454436,17087.44887,22271.19305,213.5129878,0
216.5748159,74.455907,0.155855318,0.099484641,22070.76203,55549.79083,559.1241017,1
221.2038043,71.83816241,0.175065768,0.112997608,27974.95795,146717.1774,633.396244,1
208.6291099,79.5637609,0.17111943,0.110821056,21533.08001,40541.19664,583.4270159,0
230.5124795,62.79906092,0.247489147,0.155390026,18827.12251,28160.53968,502.422214,1
219.1114999,72.43322829,0.201281135,0.129465921,18586.34552,37690.12163,453.4278481,0
212.5368115,79.01381709,0.193437432,0.12719223,22031.19805,30286.76867,570.6995559,1
212.6139342,77.8506768,0.16842314,0.112906887,25136.54979,46465.89394,443.1963452,1
231.9759059,61.46982159,0.2144691,0.13934691,23447.9796,38640.6359,228.4110409,0
221.936432,71.28473248,0.228361384,0.148360855,19252.25643,28459.64452,288.3931014,0
228.1461315,64.97812186,0.213465853,0.139300861,16640.61813,25301.5071,241.6083231,0
199.9549218,84.04920888,0.155588398,0.100700164,25967.03599,57070.47463,462.133915,1
196.3516654,85.66563945,0.138807841,0.096336349,21826.34393,36592.9297,483.2055575,0
221.0167929,70.77524423,0.152709914,0.096025953,29532.85892,65623.54332,597.6387952,1
207.2462929,80.4595019,0.173569271,0.115760913,21020.38772,36561.99333,449.5309154,1
236.0941963,56.38893918,0.28074342,0.180208249,16417.86573,23024.45483,234.7527691,0
225.7818075,68.03211781,0.269370208,0.168696949,17389.60281,23962.86974,563.1810737,0
228.6308743,63.01397894,0.101515217,0.064256963,29575.56372,182068.5279,619.040158,0
207.5961723,78.91832489,0.131610603,0.085228461,27501.51026,121504.9586,466.6267048,1
238.8174292,51.71643477,0.262274161,0.158794084,14245.03329,20335.06588,440.8809084,0
217.6941338,74.6680684,0.228537775,0.153378405,13628.24547,18678.75495,251.1314056,0
219.8351684,72.40746604,0.181882813,0.117137043,24628.98176,43463.93122,581.5275077,1
197.886588,84.39306826,0.181729208,0.11691748,24142.84841,60655.03215,475.9012244,1
215.3347507,75.78258359,0.214230203,0.139478399,16517.36381,27207.90666,471.3927526,0
242.5006803,46.04414363,0.176481839,0.114364831,28380.43717,81366.26171,527.6762563,0
222.3712606,70.6902618,0.240599,0.155417086,21390.59579,34395.84015,404.3448076,0
226.5616385,66.68390632,0.162996078,0.10652598,29072.46422,78853.22548,387.5710504,0
206.5242783,79.08495839,0.122170885,0.078183471,26743.80124,97060.05652,486.525736,1
225.8970689,68.04764227,0.26554923,0.169415229,19074.64617,27929.80215,452.4766506,0
216.7192793,73.37982813,0.115380631,0.074134702,31997.02239,125480.0167,558.4961121,1
215.8813583,75.12799852,0.143404106,0.093893559,33139.03477,288222.6134,475.6192993,1
204.4685008,80.55164345,0.135915304,0.087372055,23575.10409,119065.3813,589.8250292,0
215.814463,75.46221559,0.246942093,0.155845872,15185.81198,24016.55059,501.9456139,1
201.7662025,85.7369908,0.217617847,0.152718412,20930.56576,56563.16771,437.6079156,1
222.277686,70.79344198,0.210239802,0.13817153,21285.31327,38404.68591,475.7817794,0
207.8874325,79.44966664,0.145145048,0.094277783,25559.84562,76151.49317,455.1575056,0
