image_id,mean_l,mean_a,mean_b,std_l,std_a,std_b,skew_l,skew_a,skew_b,label,mean_lbp,median_lbp,std_lbp,kurtosis_lbp,skewness_lbp,SRE_deg0,LRE_deg0,GLN_deg0,RLN_deg0,RP_deg0,LGLRE_deg0,HGL_deg0,SRLGLE_deg0,SRHGLE_deg0,LRLGLE_deg0,LRHGLE_deg0,SRE_deg45,LRE_deg45,GLN_deg45,RLN_deg45,RP_deg45,LGLRE_deg45,HGL_deg45,SRLGLE_deg45,SRHGLE_deg45,LRLGLE_deg45,LRHGLE_deg45,SRE_deg90,LRE_deg90,GLN_deg90,RLN_deg90,RP_deg90,LGLRE_deg90,HGL_deg90,SRLGLE_deg90,SRHGLE_deg90,LRLGLE_deg90,LRHGLE_deg90,SRE_deg135,LRE_deg135,GLN_deg135,RLN_deg135,RP_deg135,LGLRE_deg135,HGL_deg135,SRLGLE_deg135,SRHGLE_deg135,LRLGLE_deg135,LRHGLE_deg135,coarseness_tamura,contrast_tamura,directionality_tamura,roughness_tamura
10B,18.34513487730342,5.8024953044591445,1.9575880585120466,33.84320609338581,10.934705273802608,4.163168812548854,1.3139239699834575,1.4428130663091594,1.9547432155118727,abnormal,241.4690039402042,255.0,45.73280615813105,64.04227081218895,-0.8876120139890032,0.6055202751050953,5492.068594053839,6050.591565728744,72730.33327085726,0.5142827537014188,0.07694975275016992,32506.449513857977,0.04456613980254754,19190.831642731,1.0,662486.0727409038,0.6329484116915656,2626.4966837128177,7315.749801260071,93936.76293589303,0.6092954773288094,0.0739614766789915,32964.244713122374,0.047342888776475786,20718.75851256042,1.0,391291.47750184895,0.5924187697099291,5926.423623336342,5866.815120000395,66254.54326375431,0.488681273133868,0.07941088206194374,32186.142037861642,0.045112660312313896,18454.657100811346,1.0,773933.6470060309,0.6276932874893579,2657.0613930821346,7406.2160069733345,92349.7167875114,0.6082038479333745,0.07435903709743838,32821.34766036689,0.04752744481777644,20330.612113096617,1.0,390812.6053250921,4.521328453906799,66.24762762359633,524.2157780508851,70.76895607750313
11B,22.9020987833285,5.558436365916856,0.9365261732505609,37.06930414540358,9.332626747110453,1.8002505514589802,1.011745923673928,1.1783776834621056,1.4331842726267872,abnormal,240.0064326605374,255.0,48.69861164965105,55.36133690980493,-0.9236547099533199,0.5769335223608381,5981.694288676489,6073.901862404553,82014.87522419234,0.5915525114155251,0.048453872265615365,38491.539412445796,0.02823477677758045,22022.205985129225,1.0,840697.1713964628,0.6067754061308078,3175.234338514702,7652.327947464301,109434.68853567382,0.7150998298862924,0.046492208923673256,38752.48580183925,0.029952108335895768,23589.733498196703,1.0,490371.20119382243,0.5164186331900962,9177.566691369553,5391.715144297703,59372.63410026516,0.5225199212104933,0.05418297312083148,37778.75628531406,0.030941879623111845,18898.005155268813,1.0,1068925.3725052583,0.5956417897029652,3956.254285145897,7548.580559459408,103147.80040942314,0.6975960247112544,0.047734046052071356,38517.87731744412,0.030781176205939433,22870.32654421233,1.0,522585.5287237934,4.985686501040423,78.3158890078109,523.6633188348491,83.30157550885131
12B,11.97688963904511,2.2563133185520385,0.3873557460081259,29.83211116078555,6.092204358747926,1.578373077476479,2.1099523674112817,2.5731149726471063,4.4523489803292415,abnormal,239.75626064694487,255.0,49.65735881739638,55.11571775577022,-0.9209353688610692,0.7419724657122067,4922.044880998632,7156.265037752741,120844.77995304133,0.6370631026170799,0.1045157997168452,34472.39434300096,0.062054876159337524,26880.44141759682,1.0,287358.1345332005,0.7624557092816603,2339.0643206536074,8437.675050309394,143322.77816383904,0.7138806387741047,0.10667947070137704,34369.64312362921,0.06868532284468307,27838.442340853584,1.0,163297.09293105916,0.7417466521705887,5586.135543067648,7025.271444286213,119598.27212647843,0.6309669851928374,0.10458781346821382,34539.63707373645,0.06163883470159112,26837.80560422924,1.0,259001.85829162013,0.7596220183600979,2441.316906601323,8420.198077497571,141709.75246079554,0.7114298166322314,0.10694391631934787,34338.73646893328,0.06892433256082564,27688.808647524693,1.0,178473.6262389061,4.61729404549835,49.338590048733494,595.6023967136764,53.95588409423184
13B,3.6468415793339917,0.38191594730941897,0.004433712978235116,17.918916592808998,2.0023120572424413,0.49005857754164994,4.752561527623858,6.355270601873315,1.390225133655796,abnormal,244.66959753118655,255.0,42.542382592638354,86.32054792993372,-0.7284784141780328,0.7340787594714541,4519.768226964065,3895.1898455813052,20708.83320847732,0.22112794972640218,0.231814388214469,22403.920639907203,0.13210907551137507,20202.294119185874,1.0,64942.97049370484,0.7286182829724239,2611.5914883437717,5063.950852470424,22690.084986082114,0.2457250341997264,0.24577556729229535,20800.907272094642,0.1556950634361129,18980.154251766817,1.0,49013.412708768265,0.7294322056305017,5112.731956478929,3787.0014769594327,20049.219771563607,0.2170827633378933,0.231849150715998,22423.102279440725,0.12889516721445346,20028.443869521423,1.0,75182.12834777472,0.716809298615243,2385.767878519175,4930.23839503436,21502.08109066726,0.2410546340629275,0.24396905934964933,21016.893726446466,0.1499093972974165,18983.281072105077,1.0,47873.269430281536,4.580159806854326,20.65540398473377,452.05237277089884,25.235563791588095
14B,7.019563034374121,1.3163500308945524,0.3656907370394894,23.36460851888847,4.5822902324584796,1.8911069586946092,3.055625150784737,3.521623813799679,4.987450828843167,abnormal,245.85012925211407,255.0,39.361241176397726,99.42109158560787,-0.6973766940082534,0.735297433218076,9975.422439506297,6276.752895655092,79188.74264924735,0.38070359851681124,0.13115847798059013,29518.984719047046,0.07845288056030673,22911.10885636246,1.0,213591.01106333395,0.7388800972228626,5732.659026749352,7286.58826592003,87592.02421556831,0.4167586828743774,0.13360613179558878,29350.056246529064,0.08618227611720229,23081.478539146934,1.0,145136.7642655498,0.6885587639180714,11367.231082105682,5663.364348830453,61838.0098283058,0.3402341470941362,0.1310560196256787,29081.322187028338,0.07261330541531175,20766.91542411683,1.0,268186.5629840635,0.735013236706328,5552.59491096786,7198.214719826718,86949.19837662525,0.4185065890033801,0.13182708388256456,29546.627885407484,0.0846673915766627,23126.61615901098,1.0,138494.88013641417,3.295169289884678,32.864377433499385,184.53286510420642,36.15954672338406
15B,0.6719431295801321,0.07440506031049492,0.019669233502302073,7.579117132465192,0.8102346763491267,0.38101570707364324,11.44843673023537,14.650031314669713,18.556058775153193,abnormal,250.9638700984436,255.0,27.028464756278787,239.29718913766538,-0.4479865879861477,0.6676897948545619,11983.536657149132,3734.441686799912,9401.073182517022,0.08101135190918472,0.29964375633917417,11143.752822314957,0.17398829516919306,10704.048855663104,1.0,13339.534987920053,0.6565597024411045,7269.320040659942,4763.614747048245,10225.904527328172,0.09102167182662539,0.30699265587137986,10044.364336539213,0.19613280956016627,9730.520317467197,1.0,11533.594260692782,0.6805875404003512,21463.270826647105,3443.2255742515244,9353.267571408922,0.07761645493042953,0.30425674996842184,11500.980560267755,0.17275439333905254,10943.458563550745,1.0,14195.020861033423,0.6515581288064182,7073.908181605064,4806.039853090568,10073.387903414863,0.09107860930216007,0.3101918065860767,9997.58373056185,0.19901850353941689,9651.69606046228,1.0,11597.05087129796,3.962137711048782,5.6269844387226335,556.3135482336148,9.589122149771416
16B,4.855684740210462,0.1940758844161248,-0.0702382150150885,21.00679189071612,1.1015600609976521,0.46417359730056207,4.114506302868992,7.180702632877673,-6.603360253727734,abnormal,248.01589475267687,255.0,35.25414246337085,133.3285144109004,-0.5943220931763948,0.7618750795751582,15047.697090486801,8207.563525940805,68955.15534666207,0.3123137547051443,0.18572212506447194,30863.03921722482,0.11389779622895874,26670.72067497804,1.0,910405.7406861052,0.7590296329800337,8943.772801029343,10090.025454805389,75296.39872046892,0.3428261253136763,0.19590279320551146,29965.43246720755,0.13162892324693842,26119.510503350128,1.0,496043.7027484899,0.7630765372521574,15230.341466474314,8206.29211879822,69256.78026406573,0.31255881430363863,0.18540612089791,30873.624576616698,0.1131830023663539,26582.29773585168,1.0,916628.1079156997,0.7466483184485425,8021.371859772308,9819.26151750661,71322.64571603383,0.3364447733688833,0.19370872676313422,30098.612793263943,0.12584244712987516,26010.708241117296,1.0,553155.1078220714,3.2912743787192595,25.953507654119978,497.9065744510391,29.244782032839236
17B,3.691309285171705,0.1748033667456675,0.002198054193419151,18.24860153075708,1.1562147238951332,0.4419902743097981,4.774059578880136,8.286135731418064,8.174259682656333,abnormal,247.81108003022769,255.0,35.67034864505647,128.10263857807996,-0.6046130954289359,0.7504246628935335,9483.817885499373,5387.402618749129,37675.57163950411,0.2204635908018868,0.19656884280504527,27011.67019083438,0.12039543623722329,23879.438658966537,1.0,402802.4801086502,0.7405164433069824,5335.8911803199535,6826.332469281693,40259.64323561926,0.24168079304245282,0.20911101728415754,25738.70312202188,0.13944286115115828,22930.05577144721,1.0,264995.05580757064,0.7505485630090083,10769.768803876275,5319.634796326553,37254.71454729844,0.21802525550314467,0.19701297954698888,26951.76652205758,0.11939695544631523,23643.86108397421,1.0,434351.818510902,0.7386716983874438,4863.8215857064515,6755.594646295895,39899.38549730274,0.2408025009827044,0.2080082545720736,25832.76746202798,0.1382204850336603,22954.49346706742,1.0,272302.08568732225,3.9859199027351178,20.956089835130275,598.4001953959822,24.94200973786539
18B,7.365138869988253,1.1303565633551804,-0.4051167087665984,23.510688600212166,3.9260173294194476,1.583645829263776,2.9056495380905787,3.667220479124042,-3.9191429427800935,abnormal,245.72373587028795,255.0,39.44121240406556,97.64459388091794,-0.7055764945569365,0.6811857891911446,10008.769406086607,5746.566385127587,57577.66693479913,0.3694860681114551,0.13390824963158612,27963.189390892436,0.08212661591134889,19691.469372037645,1.0,268193.9880532094,0.6945733036057408,6190.090030045002,6759.980018105722,67993.9423503326,0.4195060199518404,0.13497154633085648,28067.208301079783,0.0895463760143386,20484.993293974603,1.0,167462.63051207704,0.666788612490663,12469.081022859356,5562.543897714065,53041.53149941883,0.3551427588579291,0.13627431926500524,27774.01427353739,0.08190412667038553,18966.66786049567,1.0,286847.5877876792,0.6980104064886757,5636.862492065466,6679.899059634979,68840.91021706269,0.42053801169590643,0.13323809140426812,28165.724401719748,0.0879713120382973,20683.524908680498,1.0,173398.855777977,3.6687484016162855,33.68087063452801,587.5836853992296,37.3496190361443
19B,4.4328306476296016,0.8159074540725416,0.2369325327556233,19.024446188267486,3.6569288939530176,1.2769684444134843,4.112101240260963,5.070852980899448,6.022953556771531,abnormal,242.5551444359547,255.0,45.767631706487045,69.73473633699011,-0.8157417218257361,0.7570540609183777,5349.304788183017,13549.65169597642,96220.57748523432,0.45144523707090617,0.21201978202183985,21367.918880134748,0.11962257846036557,19242.016251678662,1.0,44317.89490043549,0.7632632464618905,2896.519821877947,17100.975924272912,107725.56760014323,0.4959804500295151,0.22490120635839864,20308.586889974835,0.14186326566679308,18625.915882058653,1.0,33722.97699340868,0.7615262486276635,5321.364556262096,13603.30971523362,97580.41907658281,0.4523557014077179,0.21363211203611066,21268.36283660492,0.12064506651242225,19115.81872534491,1.0,43316.36163118607,0.7653916703403311,2595.03621481213,17113.9321714792,108566.30924046555,0.4968734054367728,0.22500242969586984,20305.33655007853,0.14231616660220886,18665.227169693193,1.0,34021.12513088478,5.225985385436938,23.364375156617392,502.7157468570211,28.59036054205433
1B-1,4.113286636992132,1.282504348316215,0.46662015517359756,16.7048975648425,5.216492785613514,2.210218526969278,3.86285406870605,4.1655326660353005,4.348049551570384,abnormal,243.56737394957983,255.0,44.96790684059986,77.69801960235914,-0.7627190269904718,0.833121887949374,2072.02537192942,360.3820781916734,5717.630607773037,0.09384199134199134,0.13113621038055415,18986.492676738555,0.08401596092785411,18149.640486741842,1.0,22708.032406873488,0.8206216582726265,1480.1360140628433,441.38101516150294,5839.488903537684,0.0985064935064935,0.13451536563538363,18345.448692595033,0.09178861803942594,17721.403312767878,1.0,21035.942540101078,0.8469279262407137,3162.631341868184,318.44547178757705,5759.3015647226175,0.0912987012987013,0.12610989678425372,19568.166548127076,0.07792497247969542,18773.08749772396,1.0,23305.164414414416,0.8178291727670355,1647.1708553791887,439.7257495590829,5775.983245149911,0.09818181818181818,0.136058464044593,18365.660934744268,0.09341668464676967,17704.585582948548,1.0,21166.218805114637,3.4322899159663867,20.77035263559019,286.75716208421454,24.202642551556576
20B,3.1366319965364213,0.16574991115571122,-0.10962206413889558,16.9160314691233,1.1110183018268687,0.8784317626005677,5.229586797038024,7.896150933044197,-6.60401854240047,abnormal,251.11367830442876,255.0,26.036840156464553,246.90729702127936,-0.4477872513197027,0.7127808365141572,20830.989897902036,2654.342480506613,21910.405677852927,0.10788314247471743,0.1538683447012981,33589.684099427046,0.09435596539421144,27114.13253846625,1.0,629755.6933183991,0.7035171766079095,15239.954019186238,3315.7070109552255,23630.76482263431,0.11942063875669244,0.16056936333743163,32700.77439629507,0.10647492760553114,26769.02409076962,1.0,414391.56015644764,0.7161992544425961,35311.746658746655,2395.352425121656,20830.7205455667,0.10171354476502083,0.15692434763516563,33778.643485412715,0.09382014602296006,26881.882311427824,1.0,738031.1101414178,0.7027608286579949,12058.932851719863,3376.53579175705,23688.08672916021,0.11998066627007734,0.1626540433719793,32419.67181205454,0.10859655282619542,26387.339125400704,1.0,420251.58196467307,2.6498873285747013,18.625189874491316,441.2266987372219,21.27507720306602
21B,15.988507217390916,1.893911512983074,-0.15973803799300457,34.906601345873675,4.672150152078587,0.7985860300374803,1.7357933033078503,2.47524655466965,-1.9349315672230816,abnormal,238.08056555069248,255.0,52.212137051002394,48.07522227491386,-0.9721552538318878,0.7106448295451272,2916.418611675769,4940.065742532226,57239.89108765399,0.43459426089918257,0.13484482534622402,36144.10908378438,0.08143254511296079,26804.137847856568,1.0,518267.1751038835,0.713935469368433,2041.848162767279,5677.558850985321,64171.50157666101,0.48268264645776565,0.13534184300177687,36239.20558336457,0.08745518022996143,27186.349437460733,1.0,306944.1292494506,0.6773356300184408,3147.912718538493,4401.675375466543,47479.59549618729,0.3973447434150772,0.13280402143819295,36179.90479847135,0.07600758949950175,25309.26823786202,1.0,580816.8802078683,0.712307434779018,1393.594028733143,5642.303518598727,63953.02453402242,0.48329288714804725,0.13435588470121537,36317.903177970766,0.0863420835468109,27209.46578215128,1.0,301773.02288227045,5.149894352193814,62.73476279953752,213.72263372376145,67.88465715173133
22B,2.8470626171127846,0.21473073113452473,-0.003525682999165848,16.15676615807213,1.5387586342218131,0.3500615378068322,5.52904227077316,8.850110999831095,2.3974974443917967,abnormal,250.0331656537125,255.0,29.604758373941145,186.3765347954426,-0.5033144621770768,0.7274698529671302,18086.751085697742,4068.328821656051,27157.249095251882,0.1697130503144654,0.19543313041189403,28096.458996815287,0.11511245617019347,23688.691115294892,1.0,589363.8084829183,0.7165655973702432,11933.57235152685,5172.562537823648,29174.545200281325,0.1877548889544025,0.20099707922032325,26935.301738661085,0.12818298808681042,22978.500653413008,1.0,379827.73306727293,0.7077786253187605,25195.08162270698,3657.260989921438,23819.284500068232,0.1575305866745283,0.1903358760311135,28431.537711757024,0.1057079851961766,23396.12953233592,1.0,700596.4101604383,0.7150953308282652,10460.916747037189,5180.9688434818145,29062.979337964854,0.18786544319968554,0.2019998891723265,26850.262541888027,0.12870189989854824,22841.572497092227,1.0,397557.48246832856,2.8516246938656766,17.34764303958785,233.52160422359097,20.199267733453528
23B,2.5115443619634052,0.1171537103461681,0.0074550336144619915,14.595308084473084,0.7244475474776417,0.3303127130152417,5.744804082372643,8.324414669100788,1.1175787223241436,abnormal,244.68192446733426,255.0,43.12464879394273,86.47176762127134,-0.7177850130653134,0.7415373964027542,3937.5026060202513,5657.759901728928,22292.05039836521,0.2156259901774398,0.26725391940217624,16077.712603035383,0.1718967982939003,15469.42482284919,1.0,19837.53346497371,0.7172871536519306,1992.3244762279667,6463.045881992739,21884.54830949569,0.2263842680608365,0.277844770993527,15386.429055679482,0.1863583084346787,14835.844540696906,1.0,18574.18341862398,0.7403110217157863,4001.808615339862,5003.723019489964,21046.081402113836,0.20423399873257286,0.25783983819565653,16774.003005914863,0.15878771961790938,15978.639973823821,1.0,21361.155459129255,0.723101050592457,2211.7127339212734,6663.173886857388,22623.510088191008,0.23016674588086186,0.28088653578667566,15200.264486986449,0.19152174619540924,14690.740329447195,1.0,17957.887050978705,5.417180096339439,15.15101278907686,373.01295728217576,20.5681928854163
24B,7.702129747530648,0.8911678974424984,-0.31899171739018983,25.050181070395176,3.34235602719319,1.2716477173042482,2.9693842479761354,4.3814086750738115,-4.2227760096897695,abnormal,245.14327557234233,255.0,40.37770697061012,90.00350266947785,-0.7323390925714618,0.7289708173259858,9399.740495704553,13850.593440722183,154569.0975163807,0.5870351394207755,0.14283265843322365,31163.75459725996,0.08408239517892238,24350.61845942464,1.0,320489.95553247945,0.7363037264540093,5693.5570700800545,16580.94517459366,176160.8383321204,0.6551897588559119,0.14805366184490226,30866.214478359518,0.0950825852358985,24681.368308086752,1.0,754695.8663983904,0.7304453031405063,13947.913098236775,14028.441989161132,155472.4073862046,0.5879457874581139,0.1441684184822628,30987.17781721497,0.08516605773548408,24166.02194325053,1.0,674956.0029196244,0.7495679381889389,5841.127828640525,16878.0740670571,187404.8629603419,0.6711457336045955,0.14796883161120714,30961.605090856407,0.09693844247608593,25234.6806930603,1.0,742655.0633515177,3.9387032257423016,35.80615541050925,410.6779853715845,39.74485863625155
25B,5.9191887024715735,1.1247966287525892,0.09381004845541525,21.52178189231102,4.1870430023188385,0.8170194612297048,3.397386660462326,3.8512265054672388,5.991447020401164,abnormal,242.41161272939345,255.0,46.24336817459875,69.37774726038981,-0.8166611408847129,0.7596906687256483,5458.571969656288,16834.391736744317,149885.95344982512,0.5396362666913946,0.18104562080023764,24074.229231777128,0.10614287873490014,20623.385737483433,1.0,73876.75684577189,0.765263506900166,2763.595277792365,20387.217678412017,166165.27746416006,0.5886189416419386,0.19001613522228164,23380.579251562252,0.1213189147004497,20405.94927159074,1.0,55075.85534054508,0.7543985272836747,5827.318351949653,16431.87797140386,143659.15533187348,0.5249192476508407,0.18114202353482822,23960.18951474891,0.10345537525660965,20329.893901269268,1.0,85190.67408129842,0.7609094703398376,3185.1136362882107,20167.31384470382,162316.63182785135,0.5821143205984174,0.19012599743241718,23381.392674257684,0.12081903864814761,20293.93701251258,1.0,57809.790369738585,4.943568119110833,28.84906139508564,547.8195599926049,33.79262951419648
26B,7.715139874557793,0.8176840748392932,-0.06512370635959683,25.54695426199871,3.375366632935198,0.4657832227423258,3.030620566140694,4.372864683854792,-5.537538659193826,abnormal,246.16007645192394,255.0,38.725967794245136,99.58559806750299,-0.6848058849072621,0.7556245340862264,15974.667351820885,5824.04407051282,91442.7899015236,0.41323710073710074,0.11524863786588203,36929.96026105537,0.06888494355331082,29651.0918729733,1.0,1123078.730653103,0.7566717838470071,9022.136883505325,6880.205841498268,100055.22844430726,0.45084315494471744,0.11882833716707335,36586.49436659447,0.075885441149699,29825.243401066775,1.0,747525.5849215261,0.720395088281853,17334.96138855754,5273.2203780132295,75326.21741182775,0.376149320485258,0.1143657416294026,36783.32360126812,0.0639451198149763,28016.760972351654,1.0,1304147.8548801725,0.758345232495383,8738.4303426139,6908.648521823236,100689.67492865532,0.45150059505528256,0.11934689351754486,36495.70923255975,0.07667214597548498,29756.43960948124,1.0,680791.2510641916,3.111503813456696,36.323954708962276,223.02407838504564,39.43545852241897
27B,5.607070476442524,0.911967976512851,-0.419379842470284,20.835708946331387,3.430755406090595,1.681789024496974,3.482979008902195,3.793261974979525,-4.307358528058876,abnormal,244.96047065709988,255.0,41.234083887687106,88.19999312542966,-0.7304294212219439,0.7843360406361782,7113.171539923217,2055.954046612634,29619.39671152131,0.24792093296030304,0.12781180193706365,28924.221002830884,0.0796716821711727,24862.358170448395,1.0,72540.33148485671,0.7760049142880809,3940.377389662497,2435.6673807665074,30980.521359452443,0.2647794025746782,0.1323150689425742,28201.257693215448,0.08712727194808621,24517.15448775455,1.0,59111.631342931316,0.7587243409141152,6466.58474506068,1901.2447086111918,25847.29176158721,0.23211521636718488,0.12675536369607684,28898.97585221389,0.07495085804391832,24067.704116455814,1.0,91550.9425506358,0.7774231716524691,3161.2453834002145,2445.3557823252772,31102.99172008062,0.26474094584330804,0.13353264617776622,28162.377535271367,0.08894634851832985,24496.862143241637,1.0,59635.9899769397,3.8346496061851867,27.533007189529418,227.20759193357057,31.367656795714606
28B,16.93845169067462,3.4661433016102476,1.5352964840315377,33.6363888604997,7.020353666427611,3.274902854231452,1.4907871374138646,1.6188788877837632,2.0112976127949747,abnormal,241.56274430648497,255.0,46.11297237953908,63.472522231279584,-0.8741958065238912,0.5900128738359722,4630.715011331511,7676.1388799327115,69459.2182939651,0.4678011672896583,0.10287363887306988,32395.420667741408,0.06044948542443949,18401.44167114904,1.0,604754.0312282423,0.6113980461753329,3068.181316723842,9018.739801534723,87023.26318465116,0.5460838962117734,0.09947937172213214,32994.69134206239,0.06341917393514174,19787.62071009823,1.0,375862.763450846,0.5608274674770016,7949.439061383349,7137.969629663906,57568.67876441524,0.42516230572496555,0.10763192318321796,31849.689792749577,0.06128057360515061,16648.692272072138,1.0,756200.1740317431,0.6149608081322171,2605.7570298717515,9102.792717397768,88786.1011437293,0.5513913480665399,0.09915887393125433,33020.01704295427,0.06382735370512271,19920.964819962006,1.0,361166.4200479692,4.819389583047151,63.29661248783771,256.79743441459436,68.11600207088486
29B,10.770541156215769,2.004289892047255,-0.10008587923585442,28.819706325837117,5.681166306980319,1.2345037119160067,2.317549439871408,2.7724454542022334,-2.0976944510682727,abnormal,243.188840080774,255.0,43.38123953463977,73.24094861295461,-0.81679269974258,0.7062241629903736,6488.095691327507,6014.952105676341,71140.63668567647,0.4500635101397223,0.13570788342528126,32466.905281870615,0.07849961007580201,24112.91948580252,1.0,427590.6693526935,0.6993936823541645,3801.9156423019513,7182.1464321183685,76080.83416293495,0.49100784021724847,0.1401112035664343,32056.230742240696,0.08792515363105484,23856.739919995565,1.0,314334.10750923265,0.6934346709824627,6157.588188859502,5995.628272251309,65911.56397419982,0.4327916721416787,0.13877812123538788,31899.306093809035,0.07911412080137528,23186.24914706005,1.0,510607.49565499,0.7227841194410608,2889.795671801817,7354.918300321652,85822.00542858755,0.5174543383995445,0.13761842991154685,32370.47312792732,0.08829497951116463,24926.988073995228,1.0,266617.6212629084,4.882940595405754,46.040233550447816,335.46153115681915,50.92317414585357
2B-2,21.170563944216255,5.6307126893104495,-7.089876006924595,33.213377158408456,9.356416069179168,11.807200463683714,0.9535431944877546,1.5405488490115877,-1.3424267765522968,abnormal,203.66365418118468,255.0,82.90159840160665,10.572253353188344,-1.8577330283834579,0.8292203518522152,180.55753217259652,847.224829674489,13636.293338380015,0.33693607524310537,0.12830795196210099,21606.677138531417,0.08757543747412257,19392.69133991888,1.0,34578.43466124148,0.8445484066281045,81.14248900342116,947.0765983916115,15163.324876705025,0.3587916467399968,0.13581581768929782,21337.167858888344,0.0986901646337565,19771.334245478218,1.0,29039.189452170434,0.8454965580024522,121.49781438365619,867.525376156076,14641.954585193025,0.3464530527658218,0.12881799405296848,21617.649749229284,0.08984165603636117,19754.54852916365,1.0,31582.536925412966,0.8473511438187113,82.34962122890178,934.1518185442785,15322.764586009835,0.3598437749083373,0.13424201897621119,21475.389004562974,0.09648641324595203,20052.224516234706,1.0,28560.24803969344,6.6345637340301975,70.08646261735852,496.0468110005851,76.72102635138872
30B,4.8771873652517685,1.1555923978201577,0.051409315515236545,19.393648398804228,4.860195470049821,0.46044330995991734,3.7554462608418855,4.278271003387664,1.2625389824100244,abnormal,247.57124964936887,255.0,35.49189743075185,124.4478108440391,-0.6279250382534788,0.6772056776166261,10166.68182636656,2093.9943665594856,16481.584334405146,0.1657075873827792,0.15829088472375785,24996.476733118972,0.09001721231407325,18341.005905096386,1.0,192232.30366559487,0.6753736803411441,4477.018911775428,2632.917608457893,18510.453654757566,0.18707587382779198,0.1620715673627806,24537.58400929639,0.10150301093296908,18364.035083943767,1.0,126517.82813069632,0.6555051796387666,8287.071590011708,1998.7897230618414,14585.867303869509,0.15653452685421995,0.15996173398631502,24746.06110611878,0.08959408295561502,17357.23742927646,1.0,211007.02058655338,0.6803636189535874,4958.304941218864,2602.6336651502183,19008.08909508581,0.18926683716965048,0.15940208771392478,24807.128777982973,0.09990760308378911,18758.990945947648,1.0,120688.8700283771,3.653049088359046,24.793752807470682,261.1184733633713,28.44680189582973
31B,2.993057278232134,0.40626016910106877,-0.024617535968411947,15.955844328503247,2.2866405716154765,0.37585294890090487,5.2062405295768635,6.4898032740301215,-6.602263789984291,abnormal,246.5837393675801,255.0,38.15030534638965,108.65628809318325,-0.6618238482761998,0.7515827671490429,7687.546729851871,4969.627228219934,33503.53417650013,0.23183091418385535,0.21079391884025864,22600.126726085866,0.1186104624624274,20622.39163980085,1.0,38351.0374089882,0.7491689726861505,3532.4712169883733,6450.8190294794895,36825.95627824999,0.2559351013132526,0.22422367850808486,21204.149799584957,0.14029751144519362,19712.152411914165,1.0,31299.00343974756,0.7613797001535145,7760.010466950993,4958.914795894456,34602.648872849975,0.23286041689403034,0.21090342170332949,22637.819109215605,0.1207539193557094,20761.774043344907,1.0,37804.735467341554,0.749405235135075,5279.086078067178,6465.314905925222,36931.83593982617,0.2565717195969297,0.22341440014944147,21246.602830041542,0.13962411778084555,19761.40790176411,1.0,30583.651462518963,4.040898445816478,17.53107139560706,516.7720933420142,21.571969841423538
32B,7.242871600153976,0.697324579061189,-0.09385361917053124,24.898689155015763,2.7845592196968068,0.5964756117898805,3.1654783488164213,4.4514601437607695,-2.7660752599845226,abnormal,245.73983697349976,255.0,39.30308737027635,96.97990674149298,-0.706827146116521,0.7312798308534019,9949.0602689225,5651.290449465941,60250.918566185544,0.3258032343857241,0.14785369305434215,33524.3793963233,0.08630875643835709,26565.211822977322,1.0,646968.4337568507,0.7371893922987444,5629.432897849106,6914.700466432345,68470.36632992167,0.3638442647563487,0.15403613438108477,33063.229266603295,0.09835066652723753,26830.05993567885,1.0,373861.7323503622,0.7278703701361239,9495.529308116998,5488.052390461647,58532.01902971925,0.31952964138641043,0.14752969565172583,33469.845991844406,0.08429712285571737,26341.015709427666,1.0,620871.2112147808,0.7416116618984209,5631.963618600446,6967.778561950451,70077.66440163899,0.36772370452985587,0.1533702205627414,33138.63331340498,0.09814256800677955,27082.430117023552,1.0,390733.1106825705,3.9952559962001515,34.740113925740474,467.1503406510219,38.735369921940624
33B,4.53632971557454,0.6029499113194536,-0.016435325785850288,19.726149719613385,2.7185964987799975,0.536283089250115,4.137336224421692,4.762400621561,0.33741015185439505,abnormal,248.39403235037662,255.0,33.77743764673671,140.20056262105794,-0.586720140116513,0.7266328576555379,13378.360443226862,2961.823673456894,31971.997627756777,0.2244863602006459,0.13747981547615573,32764.968242550392,0.08015448392796935,25727.953271637576,1.0,187211.4688470898,0.7357810392328484,7494.711061039452,3685.0352690377244,37271.007339845644,0.25464165464165467,0.14073417046573825,32335.840452803714,0.08953300046933786,26404.273677540088,1.0,116403.18785417454,0.7084578238187147,16039.386107883553,2909.8439683575534,29180.904308657107,0.2158558372844087,0.1399916476524212,32307.672226908813,0.08117060157250322,24491.282223321414,1.0,199370.63907237333,0.7207840540044108,8304.004842381182,3689.9810857418775,34901.5017313927,0.24903799903799903,0.1428720300408598,32048.23780092433,0.09014261906375876,25514.00295268098,1.0,123135.24040836035,3.1413229775252844,24.299224979214234,476.95551973252134,27.44054795673952
34B,8.26030861506325,1.6209198121772614,0.03889299908648964,24.626339297959476,4.917202048136642,0.9382801620383165,2.675747457583212,3.024445932995066,0.6093019912609742,abnormal,242.7913857285849,255.0,45.01572332691723,72.3362184408994,-0.8136233321912384,0.7286746575205498,5543.3791648479555,7255.042873078229,71041.36911863538,0.4435910675100039,0.16435223554625011,24296.535539343047,0.09844938079087176,18892.61556329435,1.0,189352.39233577906,0.7234011631411656,3212.9628150183266,8414.116030563346,76562.90077674451,0.48549361657661644,0.16715406137093602,24173.689517430856,0.10758240324827138,18721.481011170315,1.0,121854.48101818735,0.694142099237821,5884.597666436857,6845.171502652798,59443.442537693714,0.41012496388771075,0.1660228000928963,23969.88657414346,0.09525073841725516,17543.669193393565,1.0,216481.6752720242,0.7276853758518711,3045.5612571313427,8416.299195244512,77925.08385073612,0.48807218769784927,0.1665459828043635,24231.18829893077,0.10724374456946778,18963.53420055303,1.0,124865.72897119756,4.382029267505051,36.613828924486924,239.00645469758544,40.99585819199198
35B,6.987885100470393,0.7331798169165767,-0.11578161684615337,24.36105066414959,2.852088045835443,0.7059350858536036,3.222420169452671,4.447364818122913,-1.45181164235203,abnormal,244.11406520905254,255.0,42.49012443002323,79.93337546940207,-0.768597522622612,0.7845169871787299,8700.20460182944,6955.655547480766,95701.64805194025,0.45737462640646975,0.14338356754088752,33355.738641072916,0.08470102300767614,28551.561079731735,1.0,233308.53970294117,0.7810650184022541,5009.686488857398,8162.6547283656955,101310.82880375188,0.4885037579113924,0.14889606671454184,32876.33184877777,0.09413719908514077,28368.081286153305,1.0,163605.7756071776,0.7582716965720949,9134.269449861935,6430.187981539769,83043.20812172939,0.4267784150843882,0.1419757109453659,33282.39806643881,0.07992644264869365,27416.193397576768,1.0,270486.5632301543,0.786384799684381,5532.162594753321,8304.80299095151,103995.9104661057,0.4939373461673699,0.1495553622808928,32791.302949240584,0.09535670914400016,28476.221877885222,1.0,156702.99989433232,3.7340795294719347,33.68258806345056,236.04975758415293,37.416667592922494
36B,3.825411399313318,0.25700729522616705,0.01868129951988018,18.552026121118118,1.450422426571791,0.3370119687402884,4.6768062114924005,6.675498599956532,4.671328436320689,abnormal,245.76711046704708,255.0,39.77664477779124,97.22068571658939,-0.6963550785541358,0.7216388831933181,3325.7940406256635,1256.4143959232783,6844.119682921651,0.10164163213627993,0.2137119028181458,25573.88074173685,0.12370077760447729,22753.015593180313,1.0,69696.74846061293,0.6922026805916679,1702.9870315134224,1638.103747892621,6859.591752042536,0.11094325506445672,0.22620562471432365,23733.57832965893,0.14140514117548547,21033.397943584045,1.0,58182.41829853456,0.700900215824235,3354.157466198551,1196.1717337715695,6092.462612982745,0.09630380985267036,0.2159065479701145,25327.359602599536,0.11756698684055751,22014.937169729517,1.0,115179.47553596774,0.7027836902808557,1760.7764243116355,1711.4595863469103,7235.700164953686,0.11338915745856354,0.22779962591637087,23462.58139829971,0.1449257228225813,21061.099902028087,1.0,56293.1188300977,5.393482876953577,21.555958550626553,245.11470693994966,26.94944142758013
37B,1.8588475396115498,0.25585838384177084,-0.0017736021684607306,12.847858490401252,1.9937055938568857,0.37650194654045144,6.817675396673195,9.054002334568596,-0.04076199021233259,abnormal,251.57302301761825,255.0,24.438164150134853,275.2768782092375,-0.42069162331445037,0.7399146394288398,39426.70746254489,3595.367289468272,32181.779572529227,0.15188629373317955,0.16638194828630903,28486.803667199292,0.09573518196789005,23970.092165291328,1.0,218814.62826496226,0.7331293093845659,23040.36221212596,4677.424707675217,35127.798171278824,0.16871635909265667,0.17174827009970547,27585.729295144774,0.10805716903798611,23616.072973856302,1.0,113374.14416133764,0.7237425953147112,47616.82616746911,3320.7290326925017,28861.968014544964,0.14273836985774702,0.16534384020963094,28486.852900575737,0.08973737611506413,23225.98710833967,1.0,191928.1787481903,0.7362305311658224,24807.24782361309,4658.186770981508,35508.57715504979,0.16892541330257593,0.17184737388585172,27541.81611664296,0.10899354215367087,23672.204003796,1.0,131428.85778093882,2.214794562684887,12.43377485868687,270.3272634661913,14.648569421371757
38B,10.185895344975018,1.711387323510862,0.15357835479023493,27.31532399943913,4.670927251974789,0.8355364248620827,2.3306143500390046,2.5823103369201053,5.053450605144146,abnormal,236.87070060252358,255.0,54.29216030194244,44.91608035010525,-1.0017633833311177,0.7431931724572526,2165.4591676721475,12914.866141434355,121888.56017539508,0.5533962738237046,0.16453993801578137,25979.936030404057,0.09759689770461898,21311.55388755956,1.0,113044.94196659421,0.7493106499065194,1277.984311370792,15260.812821874784,135434.1488957145,0.6044474017272186,0.17154510077930082,25536.432857593743,0.11086407527487574,21268.74920663061,1.0,79111.75381246007,0.7349169325580879,2779.8388653106103,12275.60661902144,113801.19651236944,0.5289955888921978,0.16570349991805336,25907.43095766905,0.09610900390577636,20864.260585488504,1.0,132402.0834084662,0.7518861229023829,1101.3915677897853,15289.902899962417,136930.1932336767,0.606671567897558,0.171431935504811,25548.21682223637,0.11114600492091935,21350.38360213161,1.0,79446.35461071783,6.042349924170605,43.18873985087357,472.24275666410546,49.23108977504417
39B,1.9003870168848913,0.2664528144254613,0.06808981321970797,12.84944092592867,1.9646092198037954,0.6080509904064952,6.680205085867521,8.404545301590588,9.937992212842442,abnormal,250.44547843468288,255.0,28.18346397137068,203.96334238915725,-0.48480785434434426,0.7617739751828156,25490.725342169717,2177.9843538395044,18787.40074917159,0.11037959384889398,0.18157779700692517,25577.485837775537,0.10503597383509547,22749.136304124542,1.0,69875.58481486817,0.7375129633409178,9005.516549727432,3018.0521401184174,19460.36498082892,0.12193756659192469,0.18910867247410473,23917.184094525157,0.12088934315673923,21440.193466842666,1.0,53012.14504812332,0.7435468407177734,16493.014122886696,2195.5815582056316,17582.95417386973,0.10854762018351542,0.1775412666281939,25366.123033197575,0.09960024504560447,22256.07072220894,1.0,72900.96220223271,0.7472985901971989,10433.014259927797,2986.7531201650336,20268.805415162456,0.12334017142948014,0.18759736680957362,24127.757890665293,0.12063037566362558,21969.33294804408,1.0,51027.83602372357,2.5799438997009996,12.51624921834219,392.9719927463228,15.09619311804319
3B-1,7.112900737600255,0.7098049375909582,-0.5689434357733296,23.553745818350457,2.3437685181441714,2.1694572477041567,3.0551526612255717,4.082231447416458,-3.861194845758734,abnormal,231.07149181053563,255.0,63.58461138002858,32.693311033253046,-1.128976382970241,0.7861413002256666,893.7049238329238,3910.7232825552824,29395.008609336608,0.35049465388007056,0.2144898067629389,20216.32237837838,0.12842635245535886,19333.392716993298,1.0,24301.99160687961,0.7935787342042763,443.08808473705653,5077.672511823157,33389.153001399296,0.38895089285714285,0.23270108460751426,18704.96974688701,0.15596610661714994,18233.572643807453,1.0,20754.030377101157,0.8008168757693522,859.5502057383306,4402.1882179895365,32291.017501722243,0.37001901455026454,0.22213498675991644,19500.912063155152,0.13774780319722887,18887.384931219356,1.0,22150.344132268336,0.7808161630089466,558.2572205109622,4936.124044210907,31487.963471643412,0.3802221119929453,0.23068337553714072,18870.66836383403,0.15193997549857677,18206.03113701095,1.0,21810.795560789997,6.832328534187764,32.980106678334735,575.6611737071972,39.8124352125225
40B,4.037984681361524,0.3284917400391746,0.05845000856730588,18.924703149102665,1.749678532559347,0.47621559769647787,4.50045321758387,6.213638747421785,7.277159265485174,abnormal,247.58449116338673,255.0,35.982486185265266,122.51574376468912,-0.6182598499530504,0.7650256355513033,10682.751068146557,4743.4800095476785,45734.61331901181,0.23082135930888575,0.1691749765023178,30768.603091060984,0.10145379399733694,26685.074149668122,1.0,145733.71931018023,0.7591640651012364,6266.356027455075,5704.2857682311915,48422.01315000333,0.24803310119887165,0.17638660804092499,29949.761500699704,0.11411530663529645,26210.210094722537,1.0,107583.77201848109,0.747359990446769,13846.200933731034,4078.600959668007,40010.95297626767,0.21241956100141043,0.16410120020229058,31302.77617689016,0.09233575074893838,26281.41371559274,1.0,194529.7978601997,0.7570146720078278,5995.833466019309,5653.644764136663,47669.95897200139,0.24567778120592385,0.1764361050676802,29878.384378188668,0.11378344243130195,26094.23691759023,1.0,121954.48153796127,3.401424147934368,22.38120810062436,222.19900439238654,25.782632248558727
4B-1,3.1266496153282737,0.30879008251413625,-0.13696871789593956,15.997207555865486,1.5630924953485075,0.7637938384862831,4.974748361385876,5.844600191191248,-6.579108732125043,abnormal,245.44248239836475,255.0,40.92795076145208,95.07564532623154,-0.7005616521585282,0.7383635144182484,3427.8501217760568,1541.3805657902953,8114.952538562418,0.13510343896594781,0.2313585260714666,18789.44451383251,0.1414571397133388,16973.347919979333,1.0,33426.05814026104,0.7167282433076685,1830.5422006696685,1909.7398683754764,8274.050917907864,0.14614761567277512,0.23937628275978756,17766.431474425586,0.15733357384368019,16127.612971806304,1.0,28510.56304121926,0.7229732313976092,3444.8772938026514,1464.5569777313394,7429.6730229217,0.12919746211737707,0.22792959665661225,18649.834780905112,0.13738849495401811,16291.510610441308,1.0,39164.31130412068,0.7185885975299569,1671.333448275862,1896.6470114942529,8354.827931034482,0.14680571023590158,0.23877480174462923,17886.47683908046,0.15732777838829023,16344.5949347037,1.0,27502.213965517243,5.0868867817397225,17.85301960302719,549.5662151394423,22.93990638476691
5B-1,28.165609775955282,3.159949739848019,-3.775720509698027,40.809047744825456,4.934771063080853,5.531622430491322,0.7687491898380242,1.2995195108592377,-0.9327625888382095,abnormal,213.87532407159077,255.0,76.98446106534182,15.223477072511841,-1.6025835094242198,0.7918526532494331,267.1537954551967,1018.3431527065363,20360.39736940138,0.3765646581491713,0.08098162799109594,37526.87718141961,0.05635239876657915,30662.750430554806,1.0,90464.73619508841,0.8231389750149462,181.19027915990154,1132.2315508301472,24244.655999581,0.41205542127071826,0.08251827270052861,37470.85945110774,0.06133639075960703,32312.707193642404,1.0,68795.65298800607,0.8010635379096277,405.65417510690975,1053.00641458474,21257.73998424488,0.38354627071823205,0.08153002631854625,37341.1759790682,0.056931468869136574,30865.4395744602,1.0,88305.69781116363,0.8151070331286895,159.5556501383273,1106.411044903171,23369.2564375399,0.4056457182320442,0.08021529247497035,37656.176447116406,0.05783082259362084,32262.006715178337,1.0,71969.8638806129,6.757880527096855,91.59589555168807,544.686524822695,98.35377607878493
6B-1,13.433349646803775,3.38253601781602,-0.11477296889579877,28.70706384082833,7.399970920644515,2.3501732462009697,1.6883396536447906,1.9273493358303935,1.0095756124540622,abnormal,232.1151284610411,255.0,60.23860529804367,33.69619972414312,-1.1397112246738275,0.7760642875199647,1529.5108565793716,1289.8452012971004,29519.89477177479,0.36940805604203153,0.07490185693118404,27060.7347581211,0.04597479771230746,21806.08036346766,1.0,77836.3194394402,0.8075084283214146,733.4108394252584,1531.4815393664398,36292.50894882783,0.4168476357267951,0.07719814173937045,26982.453945046636,0.05113715737927189,23061.377876882954,1.0,52191.64243340896,0.7932206768575086,1242.3824276282378,1366.0304360444024,32313.154755858668,0.3862136602451839,0.07650325808556084,27092.458608430676,0.04812392600018988,22357.8897114527,1.0,67845.94128636726,0.8054583850067067,836.8574316129901,1529.8353995418406,36003.42986120469,0.41588791593695273,0.07652611085121923,26994.65688586444,0.05006104239591971,23029.69374459631,1.0,52608.161181107665,6.049325524609407,51.10480469187583,624.0550017188039,57.154130216485235
7B,11.213732231696572,2.557130117176416,0.5629261513474285,28.401641283586862,6.576451434954028,1.798185156189817,2.158936016153866,2.413555585068493,3.536333058274236,abnormal,235.5459005816174,255.0,55.87825013945607,40.906766786765935,-1.0444546511297739,0.7423565337471787,2982.015302722265,19094.1781240246,181812.14425107487,0.8951219512195122,0.16685063129900893,25171.36238376033,0.09808384061729113,20304.4506045066,1.0,136787.98392117495,0.7457295232508625,1065.7241723000016,22575.19559076426,199906.70508523594,0.974799265020514,0.1726491593108495,24793.990632052428,0.11047412589710325,20256.50623474223,1.0,100819.60209978362,0.7178623400330815,1929.6385891322793,18202.65197361345,159610.34971139714,0.8424979234312467,0.16759886780945282,24924.856066038075,0.09376449804027542,19341.825760749623,1.0,167046.6872572569,0.7467098808555831,1075.8993368072004,22389.99591168414,201057.36812864293,0.9776838077978303,0.17135268993766423,24921.876815026877,0.1097588766832003,20382.16865711745,1.0,95175.94300043251,6.6281547738220015,46.44380865079855,221.64474501659657,53.071963424620556
8B,9.290320267112175,2.358336946390049,0.8632553350426396,25.797769378309557,6.732263435711989,2.644253273032191,2.4417861587309457,2.6748670995522787,3.024638385681102,abnormal,242.17336449142763,255.0,45.507127633795704,66.89323422367734,-0.845579770170775,0.7096696479878916,6976.779206357974,12997.27384748655,160224.51637311815,0.6212598965557097,0.12572087222750353,27320.230020144823,0.07191010883574302,20137.81331157525,1.0,215111.05654503225,0.7331053255137183,3301.052028128822,15457.731497146351,195399.04842030167,0.7087956541840037,0.12753814168148167,27468.229965858132,0.08138724868024197,21224.453413939416,1.0,133766.47730584998,0.7050646081922732,7923.957654424903,12825.00953351349,155623.8062907013,0.6114825329403606,0.12740670492056558,27237.56195454747,0.07293000898764479,19870.165506831087,1.0,224959.85868958491,0.7354738969928628,3467.1929268936397,15468.059260612705,197497.6319710904,0.7116418169209431,0.12714025259679074,27501.98051545973,0.08084316701803017,21347.123674085877,1.0,134874.96303824836,4.555300899832887,39.881397944802245,479.0860010221623,44.43669884463513
9B,5.2413802424035305,0.3164176771024479,0.07128216783677563,21.347940192287652,1.7679398886705195,0.3949449703073481,3.851174461628031,7.25736021769637,6.292437562643403,abnormal,245.61382153421067,255.0,40.336310864808006,95.90107368148452,-0.6980939702627913,0.7342910186039898,6791.70415241204,4255.283010577195,31869.730140296913,0.22264227415026833,0.18489394712473137,28934.314318445748,0.11048523938836138,24065.658230469366,1.0,246792.60774928596,0.7395221193088163,3664.2304787668722,5188.876123650914,36060.98613576803,0.2479804897137746,0.1921477899135052,28351.959872629413,0.12648435096521987,24117.174137415688,1.0,141961.6975653056,0.7454646681640847,7499.432856360935,4228.08755962155,32998.680506685436,0.22342142777280857,0.1869397141231697,29056.957604191102,0.11481219135523955,24250.587641335318,1.0,215836.85356165454,0.738590439443548,3262.617570547984,5243.173019284058,35850.12978566985,0.24713495080500894,0.1946808802687703,28154.625445342986,0.12863919352754963,23881.23184180875,1.0,150699.27623989142,3.9361173594998142,27.10541269091343,466.0686147948207,31.041530050413243
10B,0.8930687403968635,0.050849495921805835,0.011756313031857648,9.170278876376686,0.6168144055344493,0.21120194387429625,10.214241214747744,15.877057427665488,16.67732868665526,normal,253.20468726391033,255.0,18.01427050200863,546.0383566029797,-0.2989817549186056,0.7024948711782277,88908.4731199383,2156.078750482067,11895.951561897416,0.069281164500684,0.19185108895373088,28030.203200925567,0.11323055259649221,23502.705610904053,1.0,147029.00482067105,0.6812321080412653,45235.49238881703,3090.7266606971116,13016.751202202102,0.08056440235978111,0.19224302219948233,26232.398268828973,0.12548923906962473,22541.926837545943,1.0,90738.29718435976,0.6857351362492937,88770.28881912581,2056.699750462851,10859.866296385737,0.06638487517099863,0.1877802972001309,28017.38106737503,0.10790952106770951,23057.449821461978,1.0,167205.48953553892,0.6564684369959313,54634.58393549063,2973.708276608371,11440.171850455545,0.0765405908002736,0.19104739107248747,26115.48018989772,0.12040342743692742,21665.067305269087,1.0,109731.1427723671,1.7356764244477594,7.283614418102276,334.95177123346133,9.019290842550035
11B,5.357285975740092,0.22456929215836444,-0.054250281424538145,22.073743666164404,1.147587589413029,0.3521331560512346,3.8902181085248935,6.366887204519111,-5.595341556043738,normal,248.23826987624923,255.0,34.482856716591705,138.1129259298666,-0.5882688472701832,0.7307413836344079,19144.765164028446,5102.687611837578,43202.4979582473,0.2531947026022305,0.16581022997689032,34813.12018811654,0.10030147684280441,28069.46912404392,1.0,686557.2062858454,0.7394481639196196,11710.663026332975,6608.437332342038,50628.15790742769,0.2890712128252788,0.1746713210830826,33704.436016195636,0.1173888053220632,27988.503690953334,1.0,418935.9581043473,0.7377990033059187,17523.691447996727,5225.802719541589,44464.18165901132,0.2554484200743494,0.16661686694944763,34499.43006730638,0.10240668822204574,27982.055213995787,1.0,769092.8878075401,0.7195015299490003,10003.072117540329,6228.306728954421,46035.879550360274,0.2785170771375465,0.17138193645226613,34086.155027685374,0.11068417503607557,27638.18429845593,1.0,492608.40548910835,2.909147543178861,28.040474478346745,445.3553997532573,30.949622021525606
12B,4.248643661420187,0.25054564251118655,0.1217025407058982,19.364121526676374,1.256298263991217,0.643234082154619,4.376101890147346,6.209982719334795,7.039864804162883,normal,244.19719234478154,255.0,43.173649250381935,82.73782415284848,-0.7506528525699893,0.759704638875771,5032.941443567784,3491.4060512059705,23922.613100456314,0.21913914722572508,0.21189080088573553,25443.610088340414,0.12494006499022084,23229.957590455422,1.0,64449.523568682984,0.7553855309240552,2665.0817209104016,4535.594968834385,26223.239904168273,0.24261605453972257,0.22463503044057154,23857.665441698984,0.1453389663804322,22095.35110920888,1.0,49020.60611536353,0.7683255747372681,4139.206934677812,3574.1780991552782,24914.136924505772,0.22275969419924338,0.21337068608216161,25352.666666666668,0.12673760220530428,23336.31544465324,1.0,62727.09586042192,0.7550616095230678,2320.958055057827,4501.594559374491,26122.979964163544,0.241921500630517,0.22491727847394938,23888.86589835478,0.14601478463384845,22071.92871360551,1.0,46443.15228457403,4.357419701802537,23.152846360848077,645.6188452001415,27.510266062650615
13B,4.041043863149788,0.4765768683418056,-0.034425134454857585,18.84433912162099,2.4502655944373064,0.4048159301463781,4.469262612346713,5.816976431070852,-3.0520229573045383,normal,249.84526002066193,255.0,29.27040569723314,183.54364837425567,-0.5283227058064323,0.7179648668228061,13819.793278871148,1126.637727441515,12872.419977720016,0.11695220723948493,0.1250907330695535,35033.38496101002,0.07521502629636453,27199.554255335242,1.0,283648.8126995915,0.7152616668441567,8441.686440112164,1453.3634664174122,14226.21157697957,0.13009358782272598,0.12853875255381975,34097.1666777941,0.08230055009274292,27225.535242377908,1.0,189304.5916677794,0.7073566798021734,17429.473595549636,1066.0109692078665,11829.39058215153,0.11085488458949472,0.12585639579359412,34969.56134921257,0.07230410281735034,26675.71588837215,1.0,334356.945859124,0.7237418495255058,8652.336122190874,1445.600123228589,15002.906346272335,0.13391961435737085,0.1244362236975278,34563.7571099653,0.07980310941190807,27929.868690803945,1.0,187437.37490676786,2.5833039755624427,22.400260020263442,482.6604423696788,24.983563995825886
1B,16.420651062305872,3.976881152919864,-5.875077984006672,30.22967329070242,7.559202694401693,11.06050246849003,1.3226385654513828,1.5551526565435991,-1.4216445017174868,normal,225.9527716930469,255.0,66.28800422568297,24.583966401445657,-1.3145920734644267,0.7979742906364318,821.1754396237094,1527.9461912289946,30414.648496203914,0.4101322361680328,0.08599511870965934,24978.934676112964,0.05262563291794016,21064.1288695311,1.0,56852.80918086539,0.8159505349465332,447.6219136906892,1792.277535246547,34864.013347169544,0.4473936987704918,0.09221660766484865,24539.876672869104,0.06239466060434815,21437.5924557239,1.0,43914.87694124383,0.7731167833140452,1021.7801210380552,1501.4622833111089,27073.152877218177,0.3901847464139344,0.09049353998665847,24558.8561903785,0.055091409320020095,20055.854632252474,1.0,70732.43992204328,0.8098304950763368,516.2137714669133,1751.8530185154962,33832.65014598408,0.44139824538934425,0.09034769641431242,24612.706109569663,0.0594782897346217,21353.12621512791,1.0,45499.157535861304,5.8399254522329,58.05644124993438,556.5190839694654,63.89636670216728
2B,4.076689797387645,1.5472733675404216,-0.05191688801319907,16.34675446866898,6.444540242586375,0.3722246545474108,3.818279028039981,4.057093266221677,-3.1735050213980025,normal,244.75194111492502,255.0,41.87230496777157,87.45587179569623,-0.7342365479733738,0.7428650136215685,2484.9968181145478,814.7179221548024,6937.7192541068525,0.11207868895966029,0.15536106855636866,17055.372502589908,0.09489697726447087,14701.352744952092,1.0,34115.84438360219,0.7443104647823038,1714.102514247402,1017.1900100569896,7707.320750921891,0.12369791666666667,0.1640038705439576,16553.959302715386,0.10804474465671333,14778.99319818869,1.0,26251.774522292995,0.765122247499902,3317.4452333407294,764.5015161600473,7376.646180016271,0.11213674363057324,0.15529777359951688,17395.65475926337,0.09431024046170247,15170.521917425753,1.0,32930.19517787146,0.7444169408700327,1347.203934998657,1005.7793446145581,7701.924388933656,0.12350716560509555,0.16182427907351996,16611.067955949504,0.10565614784688764,14878.188758356664,1.0,26290.07044050497,4.760788560729822,20.420329963405322,593.1276268580217,25.181118524135144
3B,4.5277159563509075,1.5009962749374763,-0.06262192917945288,18.32702481162362,6.176510568910913,0.8104860140016082,3.8588378916383212,4.161071420111418,-4.2779413139743125,normal,242.6281618548209,255.0,45.65970945238258,68.7788155347824,-0.812872330566278,0.777867470292956,1894.6348036635436,522.3416149068323,5387.430992736077,0.10511464235127478,0.16078161761836715,21155.85630066323,0.09059690694865312,19536.954476321585,1.0,30882.9478892515,0.7612002407697347,1144.18120220695,718.3303649211113,5613.586971251573,0.11432144121813032,0.1750222002410944,19794.81366760236,0.11200114641627607,18409.660632955492,1.0,26872.827799825765,0.7562856678713562,2288.2959453503745,540.2146319964742,4836.867122080212,0.10043378186968839,0.17224091378497183,20361.81059938299,0.10103236833003883,17814.026905672792,1.0,38049.12891141472,0.7645171887240845,1088.1077473643486,700.8288035593384,5676.0865654318595,0.11440996813031161,0.17092311449930064,19930.930941096816,0.10676442711739544,18650.498794561943,1.0,26479.2304865074,4.785867839993571,23.08637347884379,239.14497570953716,27.87224131883736
4B,3.304067158357412,0.21507581309046533,-0.5051575328753161,16.684631961915166,2.1540384524762373,2.407423942698686,4.946380488350093,6.582368523245846,-6.609675626108042,normal,238.18512325034064,255.0,53.88125995536073,49.65047141119114,-0.9362184605699679,0.7206293779612244,1044.2762183754994,2630.4443675099865,9045.909720372836,0.17714938103864733,0.2939537385023216,13297.636644474034,0.18200820040128535,12699.921858273286,1.0,16059.172676431424,0.7112340214576867,652.444758792254,3200.359445880689,9626.006585044632,0.19343485809178743,0.3050724897137347,12279.46207502073,0.2048656023505719,11798.415994561568,1.0,14470.459831227745,0.7228768613951685,1316.091338070185,2505.8156424581007,8936.545479199436,0.17396022041062803,0.2901416767703446,13596.622877908554,0.17245938550365827,13012.639766545852,1.0,16166.4911319629,0.7112332305513361,560.3118436406068,3230.7986192143135,9665.884286269933,0.19406702898550723,0.30512064456942245,12235.26385647608,0.2058992185899377,11763.73151390391,1.0,14462.442580707895,5.515277261654073,18.63374925434421,589.2315776304266,24.149026515998283
5B,0.6227139762335391,0.21755580762329463,0.06290394501428721,6.167992300429098,1.7649865367905222,0.48848374929157506,10.89205214187739,11.56006982037533,13.37692690903068,normal,240.46196935747594,255.0,49.91853030835035,59.534759512923706,-0.8737054488216062,0.6312409942177203,1193.0453707119145,2486.425488749539,4000.0228697897455,0.1308050469228728,0.3715580604337382,2138.4976945776466,0.20637017553710596,2126.531671819092,1.0,2188.070177056437,0.6324639277060651,526.7096409842678,3115.0354981847518,4586.273416700283,0.14951388386287423,0.37288692672344076,1860.123759580476,0.23278359374254962,1841.52831629247,1.0,1935.5658733360226,0.6392661525903507,1247.9944398109535,2468.3739227133724,4081.390510610694,0.130165737859159,0.3691051267542008,2145.436567509962,0.20054862656711867,2130.741649190764,1.0,2205.9960151978503,0.6235641616881968,622.0758961080994,3128.4514119265314,4450.765191358524,0.14907963619695544,0.37674980142402215,1862.8944089327615,0.23151526366658695,1842.2588884135387,1.0,1946.4305364511692,6.868436989038939,4.5598140020571085,498.99313131313124,11.428250991096046
6B,1.449266572884719,0.08887333079616828,-0.20848679868067121,10.17784262767373,0.6452068769163137,1.263726716675812,7.077181048845058,10.39048402291662,-8.645602313910997,normal,245.51323368574555,255.0,42.503184756045805,96.45329135138425,-0.6696039157092826,0.7225697174762592,2242.4138360084607,1277.7988055244493,3908.123055866617,0.07527677350467377,0.2766392250909242,8583.382978723404,0.18992606109510426,8431.097718468925,1.0,9225.938285429887,0.6967502465305186,1325.8127228804785,1527.3165765558495,3940.974232140803,0.08142105164565498,0.29273765558668796,8027.286897503739,0.2197582157090968,7952.767031711339,1.0,8338.36581157253,0.7440531267675764,3128.6894432837657,1298.4523780262996,4204.809512105198,0.07621340127006725,0.2800966409243373,8480.153496374585,0.19645126959540746,8326.955134494108,1.0,9093.376182868378,0.6894693008851474,1497.1620441402101,1448.6638734804674,3757.218812699162,0.07936047056178934,0.28351651251097765,8188.302372241237,0.20538951893080168,8074.501176945316,1.0,8643.873244423463,5.420060153117025,9.330224312112772,408.77275038129136,14.750284465229797
7B,7.454859330473406,0.5639663756393847,0.22755963752532254,25.32805150501673,2.495327266070613,1.0097661602660302,3.1191755331013318,4.859203534128391,4.8792512311790395,normal,247.84601342413842,255.0,34.69936534393432,129.76571220202237,-0.6185115927872853,0.6953620372441209,13964.144488887056,2894.061014666062,32534.24264291507,0.24002652554898649,0.1320662796983717,36273.951328467556,0.08102471242471872,26248.061753797443,1.0,859722.8532019298,0.7094855338054065,7363.843466813977,3499.248422091889,39657.416567741326,0.28069903399493246,0.1294553445415763,36630.339358963814,0.08589337634038813,27676.877809888312,1.0,503574.9630704858,0.6756366538638329,13780.848732671293,2713.288799920213,29612.853135195975,0.23156078441722974,0.12684945263946065,36464.68344565233,0.07369563970605153,25652.21000624759,1.0,1208789.8049353869,0.6928566911895645,8292.393390087578,3508.3639855178826,36299.10000489261,0.2697292018581081,0.13347363114470132,36068.375299672196,0.08799309395619659,26511.20770583753,1.0,656273.1410660992,3.225093396968397,35.5383437466304,249.6671957911923,38.7634371435988
8B,6.907680856361898,0.5796252111929943,0.1508856655885073,24.305106764000403,2.386708953399605,0.88444881969707,3.25145177903353,4.3729552069480375,5.855951917212117,normal,245.88717416752627,255.0,39.30828697950357,98.26930291608384,-0.6954889057281034,0.7452953397292835,9481.707452368673,3003.7196755355476,36994.02585401887,0.2587899642197599,0.13199775078742818,35684.97176267265,0.07907394131348107,28672.195653217073,1.0,381396.7268533359,0.7550409911218144,4726.206853997754,3663.444238766922,42976.37674774475,0.29227622922437674,0.135287542149686,35299.12320906297,0.08840833399618837,29137.094470908163,1.0,195717.24730665283,0.7442345638395684,9013.598633433843,2999.721126448864,37164.25320202495,0.2607701408125577,0.13161013926779394,35859.20530305126,0.07914092277418026,28585.51462154869,1.0,291652.6438767324,0.7518695275431371,4995.7401584550635,3660.3411487992075,42468.44785838079,0.2913636888273315,0.1354238498848536,35305.207848477345,0.08815651375248278,29084.02135765631,1.0,182306.4623793018,3.7098347608726727,33.44536191388961,609.1569653368216,37.15519667476229
9B,4.674062968419512,0.13719134818536624,-0.11296331786401723,20.741021414837256,0.7912909778433603,0.6538392602230967,4.224395100877505,7.554455694967589,-7.462443967895813,normal,250.15652640720143,255.0,29.18246302057998,195.71132413243114,-0.4979161891903578,0.7451963595208633,25580.88968417535,4040.174288419763,37114.21386397816,0.17821831321473952,0.16471466098881452,35133.72120258453,0.0977149295091555,29324.376247546315,1.0,2792885.200217234,0.7349084583616838,12729.625665755908,5046.195527631231,39936.129499754476,0.19710183052731894,0.17242107493896783,34210.13029299556,0.11111127346470391,28789.171060835743,1.0,1686447.2454136815,0.7468001492983355,23907.392404357102,4016.2317884489325,37210.830374203266,0.17793787722363405,0.16511459835123268,35182.54175093098,0.09813535753646081,29193.109296530904,1.0,2442776.0883136448,0.7351352540526646,15002.188264119808,5104.348451133835,40239.360752056404,0.19852386435832275,0.17283172303112287,34283.581943645775,0.11159448185868795,28895.75392727904,1.0,1654229.2248418631,2.4444194623673656,25.32672291721677,487.1026471148353,27.771142379584134
