mean_u,mean_v,std_u,std_v,skew_u,mean_lbp,SRE_deg0,LRE_deg0,GLN_deg0,LGLRE_deg0,HGL_deg0,SRLGLE_deg0,SRHGLE_deg0,LRHGLE_deg0,SRE_deg45,LRE_deg45,GLN_deg45,LGLRE_deg45,SRLGLE_deg45,LRHGLE_deg45,SRE_deg90,LRE_deg90,GLN_deg90,RLN_deg90,RP_deg90,SRHGLE_deg90,LRHGLE_deg90,SRE_deg135,LRE_deg135,GLN_deg135,RLN_deg135,coarseness_tamura,directionality_tamura,roughness_tamura,label
-1.4529855995178207,10.98592134475708,3.4281683572417423,22.44561791402825,-2.501149623129239,222.82466888427732,0.8398931075168015,727.7036219216733,2138.7274204925325,0.1188724996521554,33108.90548041832,0.0820794857011522,29224.05977618029,71241.4770294722,0.8395697976696823,355.0044779157338,2419.4842546014947,0.1212163165120694,0.0872060864525606,57738.830871448925,0.8415240375791087,642.1993920599343,2118.842979520403,43519.98222235868,0.4969635009765625,29260.51008650718,69385.78892505143,0.8403599412429869,321.6125570941782,2435.52861596462,46012.96401073008,7.274803161621094,495.6953291266848,72.82628168080335,0
-0.447551887512206,13.915596961975098,1.173758596604893,26.911186629696097,-2.183520984938061,193.86959075927732,0.8588802173504209,66.51015653148644,7563.668273349614,0.1901670046134204,15244.590103687096,0.1349013686731209,14527.74149695184,18691.76690820289,0.8520978000278177,42.93414719489911,8267.591827689437,0.1939737930229007,0.139880752317408,17897.31302826484,0.8497435604260516,101.93044193893506,7268.35445642334,82914.80992510905,0.9270477294921876,14358.82697687882,20403.64202123282,0.8510779959285794,39.70193884291098,8288.951789252827,88256.49384932198,7.561878204345703,227.03827306793076,64.47953492734243,0
0.2934772605896011,18.88731004714966,1.6417525101565398,30.23039666321244,1.8542482887381253,192.40332794189453,0.882689170212006,94.04474839847008,4863.075708686824,0.1393119171564578,22124.40911022618,0.0992395429144391,21004.145409381985,27463.66816457589,0.8811483397026653,53.13332877534432,5423.7548789474085,0.1457224260030143,0.1071102552043089,25897.84540060925,0.8824288538912949,108.66239748871884,4963.468793407887,94589.3563978811,0.9721755981445312,20797.23095511364,27716.60753384344,0.8798906935339228,54.988370854072485,5409.456185213937,97056.52971977412,7.6912841796875,609.350776823502,82.26646570117737,1
-0.3044760475158677,12.54832674026489,0.984134766133948,23.884208219118317,-1.907957097199184,199.1408424377441,0.8504675967982448,97.19014220336308,6747.5169469236025,0.1884398614210281,21631.50831126931,0.1335872026529775,20258.342330654425,29907.65012887728,0.8443917455351639,52.44626154380085,7481.119352954621,0.1934826770919986,0.1407359214505148,27713.49452754006,0.8501232746074514,171.81564949983462,6483.856815926624,76449.73663320311,0.8534469604492188,20225.06841093361,31587.931657473877,0.8434611327117263,55.15536286969949,7429.111855836289,79244.53886617006,8.101982116699219,250.54439252336445,75.31315974422043,1
0.2504352302551272,2.7542394065856923,1.290272979047234,12.182395019630672,6.793920480873001,239.457332611084,0.789960314039389,2023.737340966921,2509.5884223918574,0.2206887202429397,17455.112595419847,0.1437127012181559,16225.824997526692,25147.66828880407,0.7729981401280696,954.8993173557138,3089.317976299536,0.2267434393189616,0.1564588150456593,21861.31177044239,0.7932248107477508,1804.653297141945,2470.643621267763,18510.258310713714,0.2389144897460937,16431.70202564109,25084.283793709084,0.7759438237524492,972.5688649092456,3156.58971351494,19279.15107175322,5.6544189453125,478.1593775964952,27.59961642160317,1
-2.8814225654602037,22.103108921051025,4.409346192472356,32.60685803647832,-1.049419878939582,214.03932571411133,0.8021739829935629,381.302151183752,2343.282105516164,0.0907940225286503,32124.954320394183,0.0602937642636199,26155.343979328565,91865.97374113688,0.8144744798180192,241.8388256979724,2626.5681337949018,0.0920598012837028,0.0638984027834061,72766.76746616913,0.7790270496913796,580.1816524830888,2168.5913845995865,43965.22044232226,0.5943832397460938,24848.92524693182,115553.04556715058,0.8132599821604847,342.4394927536232,2599.125294384058,54618.79923007247,6.8817291259765625,231.5725931824214,93.29192266370931,0
1.6263502960205092,13.276249923706052,3.942944241066376,26.879090251776336,2.654318531843865,211.2635307312012,0.8461153018353064,335.98224062259624,3798.0206325505633,0.1556343229522103,23266.716426858515,0.1045922866658934,21424.44295097214,36212.37137459844,0.8467709648797754,139.35124183987395,4406.697734995551,0.1611333167395014,0.1126268932164024,31428.68733719945,0.8461511866355174,371.3246154719337,3762.888393211873,59609.276179124805,0.6721115112304688,21457.179167165603,37029.95792042681,0.8453265978544485,138.59415179531285,4403.900752526339,62908.94521608256,7.292865753173828,492.9860199451853,68.36941502459617,1
-0.1622903556823711,13.962284145355223,1.1226564824425391,22.840631780645424,-0.9663305145568524,189.77375030517575,0.8513891246453545,42.924718764061794,7992.128783560822,0.1887000031545351,24443.029923503826,0.1379916907422121,22436.790791410804,51957.43897555122,0.841638783915539,28.3001419265621,8627.706998071255,0.1924216939594221,0.1431579947124923,43978.03658793988,0.8474916227427868,64.60392591054828,7550.454555240314,88342.60908510753,0.9922714233398438,22356.19757110576,56240.401041065976,0.840079122255201,27.99827999621016,8579.724413121588,91436.75194047038,8.05111312866211,538.3396595984627,92.52825422101736,1
0.8109185523986826,7.824092388153079,2.3193559384285747,19.711474508465944,2.990981227148421,227.2513732910156,0.8244917398315933,829.2820857802585,2475.438537481137,0.1588456087864329,23836.39561098889,0.1061203413984888,21242.829735564028,65403.22459591644,0.8237718702758902,412.37163748574494,2950.5935801972228,0.1633747480184198,0.1146127401030355,39292.13057623935,0.8307357113921958,730.4522403366694,2497.658945432684,36797.97924107932,0.4400678535856573,21852.61071946799,44481.184319411535,0.823457320398382,399.2227696226289,2956.287552785039,38157.95535893826,6.5037841796875,531.3243295538098,53.5891210749559,0
-0.8254151000976554,10.249245758056642,2.222361958641853,23.60148667072306,-3.0030974454211474,209.61394119262692,0.8388772332863632,210.621604931584,5784.4331928539705,0.1988119491481667,16926.433832053128,0.1338173976492902,16010.072063946134,21765.724125976405,0.8309166221421452,123.76842604330932,6763.085423044021,0.2064981187522927,0.1449190083852848,20083.324242705337,0.8367256171097487,200.48524879856905,5911.173911169536,61337.51574251665,0.7080535888671875,15847.283922291024,21845.462211494945,0.834558716712052,89.95239557739558,6809.697522522522,64315.52467239968,7.203285217285156,431.6074374388369,55.83029375828343,1
-0.1926070709228513,2.3532793426513665,0.9252974334463792,10.86761208461395,-5.736871627287704,230.53796005249023,0.7671738193554656,746.1247965050384,5944.504317184248,0.2842453746471972,8527.197044944052,0.1811750345229587,8286.148902975425,9573.856739547056,0.7560441981970855,314.67637376074646,7353.210282747334,0.2925332484468194,0.1985504712661938,8578.768779276483,0.7712482343061396,589.2838217745687,6146.71219383937,27475.175272536053,0.3772201538085937,8260.779292969673,9237.247901624092,0.7563509015788515,336.5202872936487,7342.983980746813,28380.01838829767,7.52301025390625,514.9799786888004,24.81342710544628,0
0.1427430038452163,12.57239902496338,1.1118663003979703,23.75862273969477,1.2432673978135365,212.64784622192383,0.8754202020440982,555.6320857622069,2782.525234872565,0.1237505176424303,31479.96895342427,0.0868835350083838,29377.115679337658,43212.346931115775,0.8737406034295806,190.74341640601352,3209.3280305833023,0.1302854951419196,0.0964883654262978,39042.2819202009,0.8777981326559477,334.3280576204955,2913.02719169451,63545.42036139982,0.6599197387695312,29271.48609680979,42043.97122443553,0.875140384799617,195.0686150646795,3208.069688397938,65387.9706510437,6.624458312988281,506.8967173738992,77.67110246572939,1
-0.3080990333557125,3.3555523872375472,1.4805022986592848,12.951112683445023,-5.888626470279065,235.1488151550293,0.8183378085459054,1377.3001308674288,3227.5837675004323,0.2253620377031576,18177.08466875725,0.1542510565171812,17337.883640553886,23011.040963974418,0.8008594901856586,828.5413003619952,3758.4373560246345,0.2299507516862505,0.1627308046302148,21433.53265008697,0.810765039254635,1527.4016343207354,2986.9339121552603,24220.043360572014,0.29876708984375,17414.455262072235,25566.396986721145,0.8010345661933499,828.9414644479488,3768.074634594111,25687.80113917198,5.739490509033203,226.5111734746908,32.335940271475664,0
-1.1680056877136222,10.728978023529054,3.2876410796892523,25.36871717144649,-3.069613317145017,211.77140426635745,0.8299712571126903,264.7703904269111,5420.965512098301,0.1976465074837749,14687.4885212423,0.1274319263152236,13855.324054943872,19045.356179942864,0.8294811253901904,130.38336402036174,6416.369132459656,0.2058605786977501,0.1402912358043639,17142.326286147516,0.8297231125271883,233.24558465110368,5326.182123756829,56152.38927841244,0.6604995727539062,13977.717461271328,19312.775322560152,0.8277999733933875,146.20182648401826,6420.544227005871,59407.45138073494,7.582828521728516,566.0215827338128,51.12671545919208,0
-3.0612225799560533,17.20499351501465,5.685391650431091,29.29980344974217,-1.7500254120510423,203.6783447265625,0.8459022747128687,152.97568263086367,4070.897660790532,0.1444660190492257,23342.922411882068,0.0953462682863414,21146.12069059772,38077.74577120662,0.8488227719809073,81.77517231319062,4705.481929907735,0.1502356439311012,0.104592299298654,32369.623126435945,0.8487034196446042,173.83203517949013,4066.6884813995152,71043.35081769321,0.7963485717773438,21380.17360925058,36661.93829218521,0.8466925788158528,87.1804450636067,4649.531693368039,73917.39601129157,8.687908172607422,583.4117958212112,79.88106885108964,0
-1.867623077392576,19.716957855224607,3.744794916192892,29.55764358585978,-2.022378220209447,211.47335052490237,0.8346608696517378,388.7655725052211,2190.747502951058,0.086249936570569,36484.04492418051,0.0567310060583378,31446.62087708404,76515.2166076455,0.8440888173161792,164.48051725247154,2449.286054341532,0.0885674584867676,0.0608374321904232,64181.70631125217,0.822530608752597,414.3478840932497,2128.971374403145,54165.63266548076,0.65191650390625,30520.204255675464,87476.65181162812,0.8442047999403808,150.19266074676366,2465.0749331336256,62795.087193752006,7.752666473388672,469.6872448979592,97.4772545152018,1
-0.8058376884460444,5.242130947113036,3.115549064272418,16.4651430872184,-4.45839646481476,225.38177490234372,0.8130122206344043,732.270477342608,4707.415578742208,0.2283977037636328,16438.929465530855,0.152799536273465,15471.800756631055,22550.321521582067,0.8020173274428007,270.61563901167045,5496.58609724298,0.2331033091086642,0.161648137123346,20282.506153210164,0.810977811088408,491.9664543813643,4585.037904846236,36291.26870551374,0.4480438232421875,15409.468692081164,23360.181725300547,0.8035794035416257,330.9690514853377,5451.519756742127,38131.83271245264,7.456279754638672,548.4001884718077,41.37413606112456,0
-0.4221778488159165,15.343323020935058,2.0386212282644287,27.92945700303593,-1.286120412354636,209.8625526428223,0.8561916229962987,285.78851557592924,3526.086315000716,0.133429590721244,26594.23325876869,0.0913970684045773,24288.769566643725,41235.75787061014,0.8521948059571559,134.69656685868625,3972.401067713279,0.1389281714309358,0.0989188874773683,36724.89338693001,0.8529917418090424,370.4848760266457,3502.042927921437,62087.88422872724,0.6883316040039062,24142.447192648997,41955.53238159631,0.8527125223286081,160.27198161346098,3983.524332644541,65303.62166322271,7.568408966064453,483.08276743428473,76.97329523065075,0
-0.1985214118957518,1.612380619049072,1.269965556598003,8.731817333931568,-7.81389521083267,243.2898178100586,0.7961350858102201,2159.0214144473894,2237.8262021961377,0.2357990561349885,16982.239808153477,0.1643567659649608,16453.781418831266,19406.242669022675,0.769833094236888,1480.000796749263,2659.8331607043265,0.2391497144071002,0.172240798774188,18450.542984622734,0.7981078382026711,3567.494888434528,1945.747444217264,13496.795981865054,0.1716461181640625,16843.650473524434,21597.01040092453,0.7692885803065228,1210.0577597195663,2640.836121733588,13990.64611217336,4.923503875732422,195.208652546192,21.395713407178423,0
0.647566829681399,18.82693742752075,1.4483836291259655,25.902722971765098,1.970801704944088,197.88865280151367,0.8445476510683443,204.76543922731688,4239.259083313649,0.1279122120779933,34330.15956711547,0.0919414601913722,29957.71391574692,105853.92788465745,0.8495940071547501,75.97495142143336,4770.978102904916,0.1312219762834638,0.0987104100022981,70645.32385983247,0.8541347598287117,105.31375365429136,4407.580428206905,81687.87520489379,0.9029693603515624,30522.824588510823,81122.22421717897,0.8479153530191772,70.54381489657428,4739.7791840405525,83053.96829368,8.197029113769531,632.5804368180687,110.85878823201608,1
0.4330300064086926,12.022960624694823,1.4534373955906026,21.889171939240917,2.7715901904920344,206.79969024658203,0.8451935722856773,145.37281896937407,4886.555740838655,0.1652353746523052,23051.57013869118,0.1160997000153782,20882.958534860903,57762.9519461504,0.841289653961166,100.52306671739493,5413.331548089399,0.1683636728664152,0.1212354665138729,47338.02633966461,0.8418215685897479,330.94288737215527,4684.732900441882,64480.8450303923,0.7384037990196078,20842.950539381505,59973.45995062548,0.8395357343934634,97.59544393322196,5411.475925328957,68128.86632672,7.561603546142578,462.8149259954138,76.81108268678199,1
-0.0264736175537093,15.23910118103027,1.4171085366892189,26.737137605742404,1.0954083194349082,212.8987846374512,0.8706088987851665,414.9610993019015,2404.4058612398508,0.1062700694749471,33008.139120233245,0.0728816238691087,30260.07337420113,49999.25044429732,0.8678097985695616,274.0419722212835,2659.0779065706915,0.1109940958975077,0.0797422274807893,46475.8287091796,0.860717473067065,572.9073464780614,2300.038569610221,58447.48740363601,0.6353607177734375,29656.729538307423,56766.87593361992,0.8689710168230524,236.33936372109736,2659.50385742681,63939.0521510629,5.903362274169922,240.61661938697844,82.08657280107948,1
-0.969989463806152,7.475639610290525,2.793059670784978,19.880393379649924,-2.9758778786572524,226.97333526611328,0.8320865760033339,647.6669515060885,2745.596809798476,0.1661159327342262,24098.27609841202,0.1097924954154479,22283.557484857305,35032.47091077405,0.8272780021047385,308.9002997002997,3367.5652014652014,0.1744796746431459,0.1227434069582605,30356.037562437563,0.8338591614889703,773.0844541033543,2725.225199066569,36885.94675525946,0.4282913208007812,22434.41298212234,34910.74863280902,0.8224775290980634,368.29404543696506,3318.2509795348683,37968.270687944576,6.870853424072266,500.2963760867893,51.01988396045238,0
-3.746206062316893,24.481094856262214,5.870609139321958,35.52395267208567,-1.2937692163685697,207.3061790466309,0.8269556678631207,304.4998898458892,2860.0037242580333,0.0981057731819577,25140.777782440386,0.0660124469835862,21287.421190410867,55812.90081933677,0.8439691307758653,106.49492031486292,3218.2456667571446,0.0983902121170852,0.0689079494059165,42430.30798984063,0.834816630629381,248.47295255981055,2922.313280803462,64083.1404221442,0.74749755859375,21752.043651657124,48979.279976729,0.8464337046441852,142.50151372996606,3219.24670413108,69811.35460938029,8.970455169677734,623.58938387347,87.81276413494359,0
-0.0632858695983869,14.432094020843506,1.1770203561444037,25.146190342724516,-0.2112618429707267,216.4703140258789,0.8506303154221299,552.4667563585111,2209.7522070600294,0.1026014593214678,36855.55749887885,0.0712645814205483,32588.30487113012,79179.07418796848,0.8512124710041213,244.8387349169285,2443.862574422045,0.1045095528766917,0.0742129837266973,63953.27071897502,0.8438978443215795,533.7451075487279,2126.8568114194336,51241.7713884993,0.5820541381835938,32213.513021509807,82494.90939953599,0.8490328475708946,232.12209715785085,2451.465680865151,55565.2320066701,6.923366546630859,539.0415812944437,87.04297769117126,1
-0.3870280799865718,2.83455415725708,1.9744903871020685,12.51174856235764,-5.62559087568515,241.0022087097168,0.773133848552845,2177.494642857143,2239.3547857142858,0.2160254980178227,18649.571107142856,0.1360083308495756,17110.583551051765,32754.728285714285,0.7568266060152568,1244.802144982507,2899.289180263545,0.2238994364349354,0.1505037783860433,26687.25370303764,0.7692231601756057,2154.349129523948,2221.209058730044,15310.61684605938,0.2112274169921875,16874.074525412307,33709.681788629634,0.753075965950444,942.3176439824804,2921.981630385043,16232.371183892266,6.338016510009766,472.07655502392345,28.356844800380557,0
0.1261196174621596,19.45968938827515,1.3932413834588682,29.967365746667717,0.4300542105502049,187.14276123046875,0.8821745832083532,77.67195797989204,5880.606716233322,0.1412749979027004,18644.695390592035,0.1009451121047999,17678.11138287919,23175.731467066304,0.888151620481134,46.71706320898549,6417.477039710181,0.1460894348600191,0.1077893407119817,21486.1497209517,0.8938452751665076,88.96673346121756,6073.9219644729055,107145.1496673346,1.0698776245117188,17759.127932468487,22067.443675078976,0.8866417014944629,54.37643941995669,6421.103294808627,107093.43270558388,7.386821746826172,667.3194548449904,79.30937422442841,1
0.9555658149719244,11.591822414398193,2.333727298759376,25.60273441237511,2.3207594911257496,218.4703025817871,0.8286798910165363,302.6712467986504,3331.09620987303,0.1584630175523437,16312.273005677738,0.1029801964013373,14828.386567481244,28860.06394568885,0.8275725158198004,187.4328812691914,3931.563587512794,0.1651025230742016,0.1136502984289164,24423.009659672465,0.8190450121679329,492.34100932283815,3263.856640428739,45152.69164852342,0.55978125,14403.264710115487,33556.1738820968,0.8263573373340313,203.52846320485048,3950.896914616794,50214.58701754836,7.78326416015625,550.6733063985718,53.46560532197916,0
-0.1886351203918434,18.80298212051392,1.6092161829488871,27.343860622531334,-0.6121768030358582,198.6163330078125,0.8587447762333597,161.2044812079778,3967.717793492159,0.1260333782532172,32558.246031538936,0.088959471814607,29312.34995876513,54760.34538005897,0.8588638218115252,83.13130687383322,4318.878496144927,0.1290680673767049,0.0932128187688327,48109.44466861444,0.8495114224016864,144.0582376712084,3810.457801380396,76194.49624503808,0.853363037109375,28873.225056414893,60260.98131459428,0.859421521784247,97.07425129663712,4334.104483854777,83625.21997657687,8.53243637084961,250.13809634268924,102.34374990335,1
1.2143376579284677,11.24717813491821,2.9671266927108584,24.727661975649244,2.5323622100782863,215.5924453735352,0.8398643019055113,407.6406617619599,3912.301241114887,0.1652787976958082,23596.86981364604,0.1101111086339834,22017.55418588705,32938.361242857674,0.8332047077284565,175.8824943758704,4556.825765060169,0.1717858751271692,0.1200632672831571,30209.74883648959,0.8333650482312185,451.5193038015423,3648.088531005806,50904.52023069298,0.5926437377929688,21911.39950476309,36524.484313649766,0.8341444587109039,165.24525335302667,4512.375920146747,55239.47811896991,7.407875061035156,454.9362997166544,63.512229559694376,1
-0.1931794738769528,1.955330657958984,1.205364483336737,9.716098051472091,-7.874607021485199,241.1944580078125,0.802001932881083,2775.110443003586,2485.6289709131743,0.2329774605332326,16563.66986633825,0.1579434118644579,15765.003180317424,21666.464845872422,0.7793029334451975,1091.411737057678,3065.223662123145,0.2386814489050611,0.1712105598007904,18864.43721882764,0.8073206813786297,2146.3100411873315,2583.2461298111066,17315.66254793353,0.214874267578125,15657.515114738846,20494.72031671637,0.7822443995482378,1120.5133186461046,3103.8169437212096,17245.796114560384,4.84942626953125,489.1286821705427,23.416582433955423,0
0.574280963897707,14.39275060653686,3.2864250778145228,23.402031484667983,1.565840237405497,198.81128692626956,0.8755588398080829,188.40151662110924,4315.313164623931,0.1428506745736383,28651.38637686271,0.1040951464249773,26714.02741780846,44304.57538135967,0.8734036419658873,108.5963960439822,4742.9031915165015,0.1466159117211533,0.1089549924178301,39129.17051185019,0.8782336000050829,207.76749041591003,4387.150854014791,83749.09069137037,0.8696823120117188,26626.79472522143,46169.63133931626,0.8736072681377607,112.002754727248,4739.466263093456,85547.55822337097,7.296066284179687,485.440844851685,89.97843945865415,1
-1.0289626426696763,12.417353649139404,2.239973991867336,26.18075198772732,-2.242025722912792,207.9127426147461,0.8363955493403127,289.53423108337347,5514.898846049132,0.188032190374627,17626.342907704875,0.1272585201173216,16205.740935557606,27184.66961611761,0.8349539585023958,104.38317199705818,6313.990180683377,0.1936770179621039,0.1361013423598007,23816.58676379972,0.8349631454604185,161.3196431189394,5518.782478480323,62710.981318198,0.7285614013671875,16218.260255962428,26977.10305359499,0.8361097547202677,115.5785041067048,6305.058477092831,66382.64870045388,8.37725830078125,579.3124187859662,62.50831761382637,0
-1.608812927246092,21.872519989013675,2.9366080853981447,33.12072884700665,-1.7651857441195096,203.88143157958984,0.8679415470174575,271.1145457004308,3123.17779795599,0.0992101930240097,27010.27203879369,0.0685587374592396,24488.8987968706,42117.87412337474,0.8731206990610016,127.68598255458636,3416.0239087356704,0.1032447439925032,0.0742748668582098,37487.82324018001,0.8693597856808024,294.1823636083031,3136.568388764565,74258.59454819045,0.79095458984375,24434.00376324429,41890.90607878695,0.874307427077295,115.28832396407374,3432.3874442690594,78774.65670663601,7.320106506347656,503.33810148546274,86.68954514499114,0
-0.1376871147155751,8.49129705429077,1.0904278130473417,20.37429757876404,0.2737989220630966,221.8805274963379,0.8257398822217936,440.5736401798208,3552.6065973979576,0.1692035509326911,24783.748295572957,0.1174705915776297,22318.401895317947,44656.62682723511,0.8186673335906798,258.4494483224499,4095.1146419725287,0.174205690176627,0.1250964645335725,37663.37149572169,0.8321508006667787,428.9132923722464,3408.340926120186,43604.39931065488,0.5091094970703125,22629.78505754242,44144.983860332686,0.8192691708276099,274.1580682426531,4077.02273815897,44916.4726550393,8.409358978271484,484.9767796492688,60.92922375714498,0
-0.257688568115234,2.8972276306152343,1.30753568129669,11.872268694554515,-6.143969475501967,239.17185592651367,0.8279587696894782,2585.897645211931,2128.812433281005,0.2047398739287452,20970.8843956044,0.1408407573306558,19791.316622528408,30190.114505494505,0.8034704401817083,998.4638046891048,2645.6395727574168,0.2117894877064124,0.1502806204111986,27273.169723290004,0.8267678625688573,1856.160584838432,2257.768644796658,21051.64166359504,0.248382568359375,19528.51959392579,28824.71559773928,0.8072631811534222,968.6047205404932,2630.235061858384,21034.50524991957,4.555168151855469,493.3868194842406,29.566310144293148,0
0.4274171752929703,13.30108612060547,2.1575549775561185,23.66132410750409,1.0772621595837135,201.4382362365723,0.8694751740928947,162.54138735465787,4817.428525324801,0.1590690188235396,27493.41806898968,0.1150169123169756,25815.944562401677,38679.41808743119,0.8615497870845734,72.74259632546864,5394.624554891531,0.1637799376147864,0.1209869427468259,35048.070178398586,0.8678521980617265,127.2879658816985,4715.724624513258,77289.04995364361,0.822906494140625,25947.60325801099,38652.701307250136,0.8617936688212385,80.63974712848366,5341.061686403704,79323.69630487045,8.372303009033203,563.6969002651306,84.3897227498779,1
-0.8131798362731918,13.465316448211668,2.100730291712416,25.1602940124293,-2.8711980153290027,215.39268493652344,0.8710484110966651,644.8046658856957,2356.8948929488297,0.1137366277215363,31844.60493257895,0.0799290208719929,29291.072859863554,49408.08959148576,0.8698862547280075,252.0097824012216,2670.2855983966406,0.1185628332290052,0.0861038987741837,43970.39662865051,0.8713151878960217,580.13307084652,2345.1272645717563,57907.617707892045,0.6123199462890625,29243.678603956003,49026.0594208677,0.8730528341197639,254.60840073049832,2672.75284016792,61227.81471906648,5.798915863037109,464.0412741552847,76.50469510845045,0
-1.6814031448364233,19.619262580871577,2.511141279331094,27.0428327878217,-1.1381843729746686,220.79597091674805,0.7075438664641123,602.8703918103711,1991.6889281579429,0.0790059318268846,42496.749116446284,0.0537018373264858,29272.00629239528,253593.1921881665,0.7443608771711934,217.7392652423137,2448.294267847837,0.074102651326454,0.0527873139079402,153293.7084940073,0.7130209272486633,592.3212847799081,2019.32873841917,31405.952449373624,0.5097427368164062,29884.727842424127,235269.64560789068,0.7355237359516341,255.0409397132493,2404.0089161141154,37693.8107950091,7.513938903808594,509.2723535457349,110.89413730484394,0
-0.8622512321472158,11.91640432357788,2.145038866427322,25.669418493166123,-2.5943923195434686,222.6849021911621,0.8584552528516035,736.7246592166912,2163.9404254673923,0.1204247334334503,26576.65653288047,0.0832554992798556,24125.229977411087,44331.24402965838,0.8604747267995698,462.23123374747183,2437.460762785322,0.1250959817266868,0.090160085094592,38117.47314360012,0.8670339062489864,814.380738913292,2163.2062398459598,47423.26626150791,0.507171630859375,24358.806748142862,42712.896218184,0.8638063974203499,421.7070433101538,2429.7109097729176,49155.23712381337,6.536327362060547,497.0146879208293,62.44724761500939,0
0.8011421051025402,11.168128585815433,1.9569856103518184,24.50237232216412,2.2811238452987253,231.31433868408203,0.8021567750114944,1335.2024328520083,1280.761010569296,0.0990431603219463,34283.53875762925,0.0668190100360629,28021.51762611937,188204.80452119172,0.818836045218753,524.0007259944213,1520.6211455427765,0.0992133936950214,0.0698841300612372,115720.51383210425,0.8144810937005432,1274.030159024049,1303.633668662182,30223.205270628896,0.3708572387695312,28907.22834388713,152153.2155567899,0.8170023974421802,487.9503003405134,1510.593182079045,32767.67360446876,5.282272338867188,625.3574926542605,65.65346027140865,0
0.4625094261169455,16.629334125518795,1.2287594594887568,25.518592361149647,1.449955935201869,207.7113380432129,0.8336224919595038,201.2957048748353,3024.751841897233,0.115621912929853,35052.48911725955,0.0804635062795865,30359.74405029905,80789.32561791831,0.8397088132591385,95.17139660857278,3433.8120780342283,0.1180716249913892,0.0847706567414216,60617.34334275397,0.8379097686033666,207.5173201528493,3058.021681342416,63719.37558149194,0.7347412109375,30735.706154039803,75321.54178434955,0.8382308701584943,106.10145811605896,3428.366221295185,67368.3670674354,8.882625579833984,584.3726294072525,99.92110443911244,1
1.761634300231935,14.201385841369634,3.8820429511535672,25.58696162477582,2.2279797563161474,210.33002090454104,0.8416285064899443,264.6169371642245,3423.68771329136,0.1434720732480544,25255.513667541418,0.0958069518209499,22791.59264221354,128993.08501244552,0.8434154313011416,121.01448669876648,3950.447625413869,0.1458482086652437,0.1026961694943516,50719.9868502136,0.8433410852647154,276.5304157163477,3417.37616104188,60969.26110909111,0.6951516544117647,23118.867946788305,61368.14362212012,0.8415647717563556,115.24238235848463,3937.465121149295,63960.30979455928,7.945842742919922,603.3631703187963,78.85770508571939,1
2.12888976287842,21.38376636505127,3.69362446696034,31.8599319056177,1.4882596861231638,201.2836036682129,0.8474458868455401,173.50863971776613,3215.6619011996786,0.1176142632889838,29946.24801669761,0.077333776058776,26744.169740567097,57243.26267327921,0.8556333388951438,76.36849488249658,3725.864156694318,0.1222720237428085,0.0851021203544741,45687.22943906621,0.8502335322348016,140.70491698769615,3278.0191889110497,75005.853565021,0.8377304077148438,26915.53397940596,54040.79689079533,0.8542226184712669,76.34245673601608,3769.083548426213,79726.07412475965,8.629650115966797,629.0857479818619,96.24429210557145,1
-2.5643715324401843,25.518240871429445,4.2003252364587,37.03080965006149,-1.418872519944094,202.11286544799805,0.8600566814755005,218.9410945809242,3450.170034060641,0.1006521458332349,22856.16914310109,0.0693926136781221,20430.234256993765,38961.055657129065,0.8643421358104653,102.92307692307692,3767.7828143196234,0.1045419387355643,0.0743307256318033,34257.095716025564,0.8609519084708801,284.66933472320466,3443.0666952086667,75310.95290569971,0.819732666015625,20315.2094530845,39380.88524254495,0.8657073766450697,103.96281171103335,3773.180750321124,80182.27990432741,7.923778533935547,483.3386320385089,83.91836606809115,0
1.873115596771242,18.394235095977784,3.3472171876738184,30.31548692740345,1.5487149410459409,202.0432243347168,0.8620330650510314,169.85930808475774,3904.976371355156,0.1318897026263327,26060.93166499088,0.0907383383623741,23957.71616415975,41926.82895765836,0.8623831976023096,93.9367413507299,4369.760226725844,0.1364639230254134,0.0974140762199933,36484.825000445606,0.8588732255526544,175.74228975477658,3856.098089363623,74322.24479088311,0.8114013671875,23866.49769861075,43403.22908831052,0.8611428917556517,99.39503373915528,4371.568942125746,78810.36761398122,8.037361145019531,557.976185595826,84.99284171500784,0
-0.0127945861816404,1.9649296569824215,0.3893743289598917,9.494483723377911,-1.5622043762180773,235.79112243652344,0.8178566605192974,1637.539833070622,3960.3952298509007,0.2583476113017692,9849.671748623996,0.1801000989965583,9664.590936911392,10629.089097909507,0.8034392750517113,698.4378986318711,4573.969959589074,0.2624731300983808,0.1899891483903817,9911.273844880472,0.8211660399566173,1600.1238532110092,3970.632666735388,24654.918410473147,0.296051025390625,9700.34173116517,10514.619497989896,0.8031757287520083,751.2441375271467,4566.49679119592,24871.01927722603,5.044162750244141,573.5516551877362,21.1126861570659,0
2.639399162292482,19.63693164825439,4.585117099071362,29.74160492552918,1.5695759737466364,193.5657615661621,0.8356009657532355,69.08101276013365,5289.638538018758,0.1541221635488863,26365.27305880932,0.1039180686660316,23546.221221960022,55857.47752686874,0.8402335185991135,45.06060629101056,6030.778788178313,0.1591519316801236,0.1124212722023008,44105.83687015762,0.8402086497862774,75.46083496454128,5295.682828995925,82973.84308314347,0.951019287109375,23574.340049346432,53149.17048262362,0.8425294354926837,40.39115798073941,6071.459924198295,88566.97155544796,8.023750305175781,478.3708863352765,95.96100229436595,1
-0.2693301124572739,10.95955934524536,1.653385206530691,20.71393777055323,-2.2648126193686275,198.83087921142575,0.8694949912925851,221.67598088641444,6495.799789575205,0.1838542820939098,20968.637876463108,0.1373094678141003,19705.068038769256,53544.55197930823,0.8653954239944025,86.38053778074573,7029.330952401078,0.1867155519645443,0.1426770915858739,39476.564289397385,0.8762970084290161,140.94367793223358,6647.34717092117,84567.40459157634,0.8819808959960938,19761.090903734108,47894.31243133829,0.8641354888835215,84.94369582881907,7049.936416576382,83828.22296519502,6.539863586425781,457.512526354053,73.79759901796758,1
-0.0222941894531233,12.277638092041007,1.1675584179333027,22.664377216498668,-0.6309038557169814,214.53974533081052,0.8396836294416178,295.1563422548613,3526.254690511625,0.1426958965334863,31660.62279503257,0.1020914176096323,28083.0706069059,183333.5003415717,0.8359161799564281,167.875753948156,4007.2224780146416,0.1484979726073853,0.1106547673788788,78066.20453289746,0.8367153345543632,299.4623473832751,3476.164513160317,53811.48228725688,0.6217575073242188,27901.850964067664,97359.44007607827,0.8310130537987871,158.02093889544437,4007.106684250712,56271.72420813956,8.381515502929688,574.9283439939136,84.70406984047115,1
-0.7117164459228503,11.086306991577148,2.612293135562117,22.845333717753142,-2.8981109322537213,211.32829666137692,0.8418064309200364,328.9572548708114,4356.87320571448,0.1710210762463651,24678.123798608827,0.1153470359088571,22840.353954115504,36964.028776651874,0.8382216427914378,129.74759772117534,5167.333251386855,0.1780733987048375,0.1254625259635699,31826.95319430935,0.8431590576816923,204.7163065929772,4478.733132361972,60178.71573717412,0.6833267211914062,22987.54542314652,35062.634243287,0.8395968935947269,115.54147079829022,5214.19482374511,62499.08527602784,7.396980285644531,622.303966174916,69.5212778331326,0
4.5402966384887735,28.900377311706556,6.255326814661485,37.28486995313335,0.8016659306462312,205.41608047485352,0.7841494000421583,158.20120191072988,3124.091211669834,0.1097983719653974,29745.789542349376,0.0723996958860209,23423.26320095771,135728.1321896348,0.7986574463330073,92.19549195258423,3577.8211073019907,0.109361362089352,0.0759026537554174,91606.92539209552,0.7855555060265401,157.080354288896,3108.0151057401813,55817.54624006269,0.7399215698242188,23570.98686039321,144048.31314766506,0.8004585157903787,90.28090438774282,3603.8206865276575,64658.34838178268,8.897415161132812,504.2893237552639,106.18038950726866,0
-0.9639234008789054,11.259281463623047,2.5243686738650246,24.64269852298552,-2.8138621350196487,223.18698120117188,0.8320014761435613,653.2323063588369,2418.209550074856,0.1387997989632915,26782.31006224884,0.0947301628339791,23649.958413936565,53258.49822709007,0.8302869690036934,298.75087470658576,2814.501395101643,0.1419711297057336,0.1014252004624794,42932.18611689328,0.8305619800381694,537.115074601269,2438.024680001871,41660.28077204908,0.4893569946289062,23672.88512982988,49835.43201696263,0.8322212432044709,289.7118853181364,2814.182627342694,44495.2648493038,7.822792053222656,490.67420578825977,64.30957105733593,0
-1.9236348152160625,17.352349185943602,3.294281822747119,27.33156313891044,-1.551260150561428,209.85319900512692,0.8215472871974583,190.80438067298252,2813.886722325771,0.1173989253836289,32804.79414586803,0.0802174971955288,27949.85748075815,77273.59066294626,0.8278533892977917,125.30736962038428,3180.1422859806307,0.1196456486169778,0.0846594407319416,60892.45739292558,0.8163305202934168,404.3198512424635,2729.2060742660733,55392.7970586578,0.6769943237304688,27541.93035182991,82741.79105200879,0.8291021690998089,124.53868644812016,3181.61844592989,62542.50671033464,7.339653015136719,466.40500344136217,93.69635018569092,1
1.9590428962707531,14.133188076019286,4.264005847800145,29.331979633225277,1.8641907841092644,234.8238754272461,0.7336818958803888,1950.0420080667664,916.0250881509857,0.0729849900706385,36108.4473250298,0.0493920828991267,26180.01886382506,176784.92237639838,0.7583431220162795,983.501626959747,1061.559355587412,0.0699315793511016,0.0489710242865189,124658.91180285344,0.7099288691939039,2074.3796632552,825.7486519203258,16937.30031913723,0.277313232421875,24642.60812029454,225549.348932541,0.7551261148278899,1100.7784482954933,1065.6055154510054,23230.69084325826,4.285587310791016,459.2783216783217,66.9020386720213,0
0.1772916717529305,8.703227310180667,1.1092920392285417,21.483214839740995,2.473353368195811,220.70183181762692,0.8358711393874426,467.9630564512599,3521.8865284444896,0.1726166415734768,22342.549352904272,0.1157522684140918,20612.48665429531,34484.96871762697,0.8334987762786749,234.1815421320898,4316.147868994686,0.1811172214880676,0.1279143514419241,28704.885899034813,0.8415094425314206,574.4985462023969,3728.155350684349,47224.78044110347,0.5379104614257812,20836.98032849832,30976.522813984822,0.8324373077221867,264.1811162765408,4292.779218660794,48195.26977136177,7.217494964599609,532.9680387556747,55.697990837471885,1
0.1673076324462893,2.748353652954101,0.7734863588115126,11.715910389526506,5.411660837695789,237.35175323486328,0.8082582436067149,1788.0394729464535,2967.5109615923748,0.2249393905446449,17100.1781889543,0.1537402319122556,16105.549827920317,22500.083347350715,0.7918145012271742,898.1239636794315,3522.148940650085,0.2304170755008481,0.1631046655732307,20169.30125016449,0.8066349421310675,1790.9023473108475,2879.24732224248,21473.15867137648,0.267822265625,16058.083089688447,24128.99666704649,0.7915082980205888,829.434787200338,3507.008659837364,22303.034058506702,4.8271331787109375,544.6556874760628,28.0298771853872,0
-0.1098671607971185,8.544573993682858,0.8267155170087263,21.659104684305643,-2.32883477314641,218.74213790893555,0.8457684526727061,559.9686665576808,4154.115688518337,0.18227440531642,13963.631900168928,0.1264514233583119,13030.668971353416,19017.49328374476,0.8442330594424186,254.4075648769865,4682.1255800689605,0.1859755404069316,0.1331098979454371,16860.46002385088,0.8531654424406686,591.6018936773423,4099.306054070185,50802.21225192962,0.5624313354492188,13266.021636813211,18295.25689442342,0.8436911391342403,279.75806808566034,4661.869569745492,51732.97310421141,6.469715118408203,591.0446642861324,44.525541402324336,1
0.2955616035461433,9.606836757659911,1.4758089286379603,22.589189212283863,3.7870212269928234,214.62005996704104,0.8358937202834452,502.6338035115408,4525.349427895048,0.1842226031632962,17500.67383852831,0.1205401696128458,16431.09546295255,23834.120807851647,0.8382994881278378,163.7500028881367,5431.857938332505,0.1923566357391327,0.1338886587743552,20818.91401439447,0.840716802989534,377.0064947654129,4702.749272974021,55088.03569697557,0.64475,16406.532317789763,22882.56184567662,0.8331370002582149,184.93710194784063,5411.133257403189,56333.46327460369,6.971141815185547,632.8347879188821,53.481194808948366,1
-0.0714296150207518,0.8118349647521974,0.6748620768529119,6.540855928899502,-10.64755491564378,247.67656707763672,0.7600764165646224,6316.188157623272,1655.5654356646723,0.2621988796045083,9256.44254177842,0.170483418076561,8992.518905125875,10600.979781308026,0.7366432764382546,2935.8227398099907,2189.401471038921,0.2653814576484883,0.1839929162493059,8990.00680355501,0.7584559938614,6064.858746365542,1699.3447156670495,7959.762593819731,0.1128311157226562,9045.686054029293,10023.690648454933,0.7371745986868815,2873.7613133300542,2149.705238563699,8285.381947860305,4.109363555908203,467.5412647374062,11.643496543420008,0
-2.1812161865234354,19.17264328002929,3.946275556462497,29.997328104868963,-1.7888149185231723,201.14063262939453,0.8449185654452984,206.0369298147942,3932.924191812344,0.1332103705163501,26223.139674498016,0.0900338589804251,23385.28424829056,47606.51928144602,0.8509774192725776,80.6770727787289,4491.782449949338,0.1377250906738202,0.0977362395366422,39107.54653925439,0.8513736876697012,167.28518717600647,4003.924045443364,75161.27357123986,0.8374252319335938,23694.117826968104,43843.46717928628,0.854672727372408,94.42018252933508,4513.42496305954,79528.56916123425,8.100715637207031,500.9705486619823,88.54770546737369,0
0.7107264480590838,17.02864284515381,2.961699539283809,29.045720260494768,1.4485332968084654,210.1913948059082,0.8452514160263502,311.73114174065904,2730.084905554747,0.1178053481063887,30098.45964102966,0.079597550042484,26747.42535633149,54293.33440449664,0.8554222473820806,131.28316235923364,3177.1018532060257,0.122500722729172,0.0871908189808088,43490.85676827612,0.8576273753792166,315.2147439382408,2788.430488202675,64034.36664129608,0.7016754150390625,27586.790955143493,47532.60138088507,0.858059906041947,128.87732612537687,3189.835450670548,67146.75409086184,8.044166564941406,517.8153712381044,84.89882749079698,1
-0.9647807655334456,11.65097200393676,2.4472962725031406,23.11107052067524,-2.9920158712692384,219.8773651123047,0.8271383977357339,545.7280340627115,2505.5950259418,0.1319218164558092,33028.93248082563,0.0864212004993174,29210.539335043723,60363.28113016016,0.8259952846973663,217.72600042571307,2970.385642826735,0.1370242086658887,0.0947333559004512,51340.068938910175,0.8157422018634277,441.99161925824615,2413.411034643309,42912.597375198246,0.5243606567382812,28346.84958729012,68323.15965604039,0.8235584225006888,212.48608365831507,2953.462177466745,47787.36535071318,8.335166931152344,546.9007373794669,76.81771471325713,1
0.4429057426452656,17.39130075454712,1.266263193806991,27.531254673552773,1.7862186252399634,214.90631103515625,0.8247207045043199,325.3727589763741,2261.3823861682795,0.097569831306658,37566.49643892136,0.0678744375037355,31793.633724722888,107802.95294464364,0.8256645565522317,156.93212574989536,2515.246174952332,0.0994278477156183,0.071481359944331,84246.5336697205,0.8007563642214104,483.2095994160051,2111.595570503044,45957.304250909234,0.5852737426757812,30390.0558008723,124892.34635589796,0.828712692413614,147.7154152947178,2505.6429995826184,55707.382228817885,7.881572723388672,230.3130651935374,96.69733307743084,1
-1.0718579978942848,13.43915433883667,3.169159081564015,23.01312826368444,-3.1505642523859936,214.4212303161621,0.8666619412279699,468.0555421279064,2720.390075893073,0.1159610780030261,35747.87490936337,0.0846281383471461,32447.679373565086,279478.98112341086,0.8618880082973823,213.54636562340136,2971.677068316049,0.1187942838346776,0.0888323403285783,181669.60570618053,0.8623245615877192,400.5236203630141,2652.2746806820264,57698.16633869095,0.6241989135742188,32251.54096531307,207701.98929291696,0.8608363358612974,192.37312287879493,2973.4404435352644,60521.91080477939,6.548671722412109,484.3866074642986,89.3165688313885,1
-0.601854591369628,6.5663570022583,1.8538927775154928,17.310001532029908,-3.478100462886716,224.83113861083984,0.8265753510519289,704.4644747287642,3546.0781622122254,0.1918374596309688,24575.856261577137,0.1264109973125112,22778.989420368136,43662.31653545912,0.821609802225938,430.1160889776308,4221.861853804636,0.2008540376203964,0.1402724159737041,36605.425280004994,0.8262600454741502,794.9287102619008,3612.002734310657,39062.67636303739,0.4631805419921875,22545.765839042488,42434.89571734476,0.8232667854711211,399.4586770476102,4306.065529706182,41377.860444279664,6.353626251220703,439.7069762799827,53.35503788278181,0
-0.0236334686279284,9.28523323059082,1.117540887379406,18.623288290468928,-1.297906991460915,215.4495735168457,0.8383332165905423,423.4581577963355,3564.242851801072,0.1505511475986631,27869.17591923221,0.1070837982126507,25035.7737327075,52266.732880468655,0.8291398425920063,147.49256516552694,4096.692662013252,0.1558022926875014,0.1137415215047008,43898.18109343443,0.8395968150611643,273.9800418477386,3658.0251705481055,53799.05514491946,0.6162185668945312,24888.53002550376,52685.73867449145,0.8304501133982993,150.480134791215,4110.568856631162,55262.470826656616,8.352420806884766,488.64775526420345,74.86024865752606,1
2.0654226722717297,16.94796277999878,4.039417043184447,30.648287448228587,1.6782460456939956,216.6883811950684,0.7974303181513527,416.221688194653,2764.505635587133,0.1366796752185908,26396.84350960597,0.0889129613257068,21901.79380546664,86338.77848159129,0.8198664781706927,155.23037062855815,3269.250795863832,0.1361363596640173,0.0943575908058876,53695.85439758336,0.8176114009743596,266.0899620745703,2848.19452790228,50940.575407575234,0.619598388671875,23236.5543663439,65941.07634339752,0.8163365582997173,237.5670348382883,3306.2673812384096,53627.96702784031,8.329513549804688,631.9705311097717,79.16833053282669,1
-1.3899606437683092,13.396056575775145,2.872418245136487,25.121134017236216,-1.8906053333443036,213.108642578125,0.8439400486818263,329.1799417772263,3167.1629760427604,0.1330002132438814,27765.068041901308,0.0912242376626567,24911.529205456307,51605.38324424931,0.8436038728973199,159.45976012907448,3612.59596529431,0.1380321688763114,0.0985147198844992,42782.214890952375,0.8503918021671055,300.21292370372123,3176.6382973683585,57717.36530307696,0.6441802978515625,25187.23492412691,51333.551247127936,0.8464879502203919,194.93222150951465,3629.755725104937,60240.0204697118,7.788578033447266,485.2733001211795,76.40960235862997,0
-1.001395179748534,12.512854042053222,2.3811289841480727,23.519863864068515,-2.656774407151896,211.4456825256348,0.8662194428034709,281.9022843634816,3272.187129589173,0.1393754715107121,30078.42502156645,0.0974309531083065,28108.99871659449,40999.42767676089,0.8598434093109351,125.46514764108706,3706.187364469042,0.1440264224902719,0.1039778277486109,37589.346527710346,0.8612429745277855,209.4074568599717,3225.7064441301272,62220.11110608204,0.6742477416992188,27966.56860117434,42327.72,0.8605556559766747,136.34404187401253,3739.828709923582,65543.17282703324,8.128124237060547,479.1925901201602,79.21458194827929,1
-0.9344796562194808,13.830226497650148,1.9238267273665453,25.63155688870499,-2.13298197221271,210.2514686584473,0.8515487907110793,218.0451124529623,3722.111818500044,0.1430147157670728,27153.049936553776,0.1010552325577782,24689.761386103262,41086.88523890785,0.8425841574980278,151.607633734528,4060.960528423593,0.1470329357676435,0.1064090912940179,39477.29326014289,0.8322733713012176,326.6767795446878,3501.8629061340343,56035.22595767947,0.6558456420898438,23479.49494173108,54114.78883938439,0.8438078162270564,141.5114560629419,4081.807995321886,63282.88815055021,7.130851745605469,224.43750609815592,77.05718824011053,1
3.0317840614318867,21.61242933273316,4.8276523184917615,30.79756330668261,1.3133167814375957,203.1262168884277,0.8255883332525529,130.61802732229907,3154.321123721073,0.1138940328536055,32141.207402840133,0.0767885486574531,27316.741241972577,95325.91578835816,0.8353095071347818,91.81863378562711,3561.146528824754,0.116594289481888,0.0820258970344701,67824.5545713978,0.8262891057100784,194.9568290592529,3138.3588783066743,66547.74701231667,0.7922592163085938,27270.205962442385,88258.48953708964,0.8407599098948093,77.73169451880575,3585.91975204333,74924.1349442809,7.564136505126953,463.8334679910651,102.56032514041556,1
-0.1350204315185543,2.624960250854492,0.7448163040230917,11.203954896958637,-6.379083654544646,238.17085647583008,0.8103190048108999,1925.369880053309,2820.555397601066,0.2311131818396658,18679.044128535465,0.156377876521666,17674.38599464378,26168.95255442026,0.790877142206937,1201.517828898077,3406.7376030191194,0.2376622758567001,0.1671711997640265,23114.536753891836,0.8113446108610886,1727.4962094290452,2812.3590973702912,20943.90185974888,0.25762939453125,17604.336881450203,26720.504057095477,0.7932774705524775,1006.0135628875112,3429.840234720992,21370.47054915855,5.398807525634766,479.74175221124665,29.163345490371157,1
-0.2043075561523434,2.443843078613281,0.999340105820236,10.764735002578856,-5.777818232575637,238.15777969360352,0.815509124892548,1625.7655793288905,2971.3623874663863,0.233329565936787,17189.408862387467,0.1624390469208178,16409.718473108074,21567.786887641763,0.7908686773326773,998.374180339208,3495.64975237252,0.2379500028672319,0.1709722056500948,19882.479511938687,0.8131187409158983,1975.644213649852,2845.76178041543,21007.592640949555,0.257110595703125,16669.731712013057,21993.25545994065,0.7920582200332115,963.7092583910202,3500.6656830028405,21411.325601919525,5.242881774902344,461.12858740216177,27.448602867169537,0
-0.3036802940368647,4.553783397674562,1.5024784900347588,15.544875523374046,-5.8797254664432055,235.13845825195312,0.8254914984312963,1660.483330834208,2283.013845154196,0.1826312575359882,22220.54021092617,0.1207140280184975,20661.509722470444,32910.82796021392,0.8146846051333592,1084.2389551232889,2854.978479630017,0.1910657853659606,0.1351166020819166,28799.081828534243,0.8278285966495106,1803.442829696044,2363.8286122469085,26306.31922754816,0.3097381591796875,20524.314219423737,33517.00167495936,0.816293603610626,885.538404401012,2841.7457579907614,27111.769852138998,4.394828796386719,645.9434040782355,36.19463679663247,1
-1.2503011703491194,20.23299083709717,2.6005317096669947,29.896411953465627,-2.063957067394851,190.44377517700195,0.8645950586376198,100.86464082036797,5180.143833040382,0.1409886059561702,25203.31123016817,0.0963586729836876,23315.15371881197,36291.57903180001,0.8641790154372996,40.42429247717787,5800.164289822585,0.147543065418487,0.1055661633045862,32975.38349285472,0.8690401894546684,90.77150703271792,5266.368553975824,94256.14089017702,1.0029373168945312,23263.50088361495,35354.21195524012,0.866812325978727,49.388843977364594,5814.782920555596,97063.4695965312,8.543647766113281,487.0884229717411,93.42999024101738,0
-0.5214418334960922,15.69120620727539,1.5471973922238522,26.74511312235439,-2.704405196490064,208.0891456604004,0.8575791501193164,235.32041484134345,3074.655378974408,0.1209128441287138,25347.3206386766,0.0854963892835428,23014.781037041877,39409.57892324583,0.8706455308709771,137.19469388161895,3508.38379660544,0.1239276213506251,0.0907877013904419,32401.79988438961,0.8728036628491282,252.14704696529552,3157.286485201228,70056.10752499198,0.7379989624023438,23626.7503626126,35035.127839058834,0.8664068692502116,129.08189116503203,3530.086070203853,71404.84607540266,7.407890319824219,623.023795214246,77.96640148422426,1
-0.3271313438415524,3.057014141082764,1.579802727743962,12.387486515891393,-5.89379727271947,230.8194923400879,0.7847642987829264,728.6730511238159,5029.956677880746,0.2573185883468417,12771.13966687994,0.1672095088344374,12338.759930347993,14850.542114713837,0.7658016020778236,432.6347431101611,6237.770784029315,0.2677147802779253,0.1845549941301825,13611.29235056111,0.7818959016717261,789.2341362981264,5097.511962116533,27807.945521927115,0.3705596923828125,12182.633025024714,15070.657566399012,0.767000818073457,371.0166875736496,6284.723343596761,28964.31208423613,7.331424713134766,484.959714066888,30.464627376652867,0
-0.2127139778137193,11.890783786773683,1.6803484142088172,24.5823242873114,0.8564983653763809,217.1638336181641,0.8504149354255226,448.7045811107625,2993.643839556532,0.1409221270348014,27310.308597427047,0.0969112636978054,24942.84113676119,43632.86795314297,0.8501237212672793,229.9751505186248,3462.189931633019,0.1465915450381152,0.1056000102208506,37100.55870535439,0.855016016632766,390.902240062152,3006.112236177651,53504.28688333549,0.5892181396484375,25164.68464122218,41297.65989900298,0.8487657962150106,305.6426613073306,3449.097733447468,54973.58704579007,8.10763931274414,602.0410032959052,69.88780223592975,1
-0.4741159362792961,8.513416137695312,1.6363967987168917,21.98732350446816,-3.5940823266737456,220.7966270446777,0.8186982055955552,604.9072508214676,4179.105235487405,0.190171458767228,18397.82678349763,0.1248552926551523,16850.195647489345,30070.98189120117,0.8116384646423026,205.5501892134709,5110.270452751082,0.1992160181736915,0.1380254422068902,25466.88738395361,0.8184394673521714,330.1419891177277,4285.828380504279,43648.33649891033,0.5286178588867188,16775.148533147607,28581.913851083176,0.8119101216713108,216.52071313335705,5008.61384703727,45346.01815646277,7.444496154785156,499.5805724434729,50.67560482422272,1
1.387487499237062,11.306556949615482,3.5515392215947204,24.460117741268935,2.781031487084348,221.6503143310547,0.84438867774158,799.516680649836,2269.1841202044084,0.1354583391806396,29001.44841735947,0.0940204789897079,25794.06201328153,61787.30835176569,0.8496881312657422,318.9281225229306,2654.4699637640133,0.1397274299881969,0.1009079633892755,45986.56215321028,0.8548601407690712,465.8679896082547,2390.249387209934,47145.7302109172,0.5197982788085938,26314.85973846496,51466.60167911817,0.8536502195900525,319.0447630729321,2633.601756686264,49008.49868178037,6.445083618164063,543.2739682740315,66.51847550284461,1
-0.1825395812988269,11.277720947265626,1.236483653633896,22.56975826877672,-0.0249083790165545,198.07482528686523,0.8538591490000217,94.69207633271104,7258.351189241513,0.1971673404949522,19833.77583316048,0.1387190357760346,18966.80091106892,24355.36732524373,0.84391929000746,55.21280379371666,8123.816984896934,0.2038985394928883,0.1469811835410832,23045.179784098786,0.8494300013022001,110.87816516992427,6976.650625110055,77595.2254270118,0.866546630859375,19079.91591029524,25225.70066032752,0.8429806675139685,66.02103958322864,8061.849875203109,80235.66200981624,7.836967468261719,247.1494421848712,69.82485574007981,0
-1.1438744430541985,9.663376579284668,3.220032638105646,24.056697827532027,-3.207549021356768,218.81388092041016,0.8079059817146073,384.9834159543766,4507.944144492468,0.1972341688373123,15549.409726729173,0.1265259293872748,13963.829263753118,29142.253414159262,0.8130470777264177,174.69102005898952,5334.388781777091,0.2024312586276203,0.1375143719186361,22447.84141779134,0.8226571831983034,424.9810325672293,4609.635362148126,47539.70017535171,0.5699691772460938,14463.656451068991,24461.32480222737,0.8130374273987595,162.77414029562655,5420.124650784782,48889.966576928935,7.850196838378906,660.7993048360682,50.166117381929176,0
0.2188839187622084,10.293744316101073,1.348100124211541,21.245599733343106,3.627840970344496,217.5194396972656,0.857760558933222,365.3322006430196,3359.882322189403,0.1500619966542961,28333.855529706983,0.1092416856268559,25974.538288798954,106869.59244059912,0.8500755505761876,244.6803540446076,3751.391737282808,0.1541038850079097,0.115052204151174,86485.96796499786,0.8599661394657088,530.0152758506772,3294.138738024447,53162.9967756855,0.5773544311523438,25974.82490564748,177750.0754278163,0.8479170475917247,239.04513404471928,3759.588087427573,54254.75923482021,6.8568267822265625,595.5159046463846,72.31309601138217,1
-1.049230552673338,14.770752983093262,2.8119520418490844,23.78188365084428,-2.8171901471464924,204.76043701171875,0.8454739781298505,152.84300545004453,4230.599514681852,0.1474594383234923,30446.228657253843,0.1047909058835871,27272.669493649584,111805.45723623056,0.8421113634246326,112.06860143360376,4625.628349089124,0.1503274882746797,0.1096995817165092,95374.50809825568,0.8452376676125054,261.80437760662426,3914.1503749479934,66513.67419606888,0.7518539428710938,27162.018980099267,179399.38101616487,0.842932368678247,88.850778081675,4619.133980948788,71273.22159766105,8.499679565429688,529.083297197146,95.41665047068642,1
-0.8984488639831537,4.379979457855224,3.585545466318966,15.453184391593624,-4.323469307061345,229.0070953369141,0.8009543186151762,777.4512913370819,4464.317335366435,0.2351487394658545,13295.258686743544,0.151835979128185,12674.881566754812,16262.004612598876,0.7940399865033546,336.8015453363955,5384.826594740871,0.2425321164587914,0.166476994667388,14854.83508696968,0.8020074428099871,686.4945010806572,4422.775682344165,31558.250387315187,0.3988876342773437,12631.886810440445,16504.596331503548,0.795291339518018,359.7556472555228,5394.45234961403,33408.60286009036,7.293476104736328,609.0227416870525,33.79394060980323,0
0.0366997489929212,12.79456033706665,1.280842300303716,24.315162077361148,1.7086274831220287,201.4694862365723,0.8538109857587609,109.52736821949284,5760.873166105898,0.1770706569639399,22926.75485771079,0.1211064766755268,21769.950497398502,28733.97311960317,0.8461844129215492,66.50584473357353,6484.434730138036,0.1834383653616941,0.1297374514990305,27163.187568819867,0.8495449650277181,144.6395191473078,5474.920330772892,73209.03563461915,0.8174362182617188,21689.585658053475,30710.544169941106,0.8450578395335131,59.89334718968524,6530.95039895725,76751.80499533229,8.621143341064453,529.1401164782458,75.65753188929084,1
-1.0534826354980449,16.450369262695308,2.0609043979959663,25.83923154565229,-2.17552510657594,197.25603866577148,0.8386655744402497,95.5056874961982,5346.106667709447,0.1606822713119195,26603.053929108337,0.113499206900518,23700.78405423848,147681.972974617,0.8428706298266307,50.24195509443138,6109.253708356975,0.164300019665144,0.1206857525484177,76109.98354543243,0.8482429193448588,70.42484990161618,5582.157800911522,80860.13627419653,0.9073028564453124,24125.03963483899,96342.6021930341,0.8426611702380197,45.09575443007177,6116.457556465674,82691.16242650339,8.62044906616211,653.3978786187096,94.79099307847558,1
-0.2022454452514646,2.032500572204589,1.185509436319318,10.108681672413557,-6.911540322032637,234.27921676635745,0.7567350190059,958.0848207771996,5142.570497543894,0.2856331843064309,8818.631681338456,0.1798937104037121,8531.483902502569,10161.266110597731,0.7462909109631781,425.32666725013127,6526.566296166638,0.2951809750277846,0.2003715217489451,8811.838898127078,0.7614123207572994,909.2328767123288,5444.42895606991,22891.54067076051,0.323028564453125,8433.894685746392,9624.642678318374,0.7450998718557279,475.3046046155529,6559.783681504977,23644.788472055123,6.711582183837891,635.9940580688722,22.457823676293465,0
-0.0865840873718252,8.976637935638426,1.2288813421057787,21.58082280085324,-1.0576324130045502,220.43839645385745,0.8342515622765468,526.9258010118044,3701.145425443736,0.1747727558630867,22746.8969331466,0.1204350014648985,20615.71532842029,36527.66100265813,0.8294831279447014,235.56282609864988,4339.264375235329,0.1808011586155035,0.1300875730656391,31348.722567371307,0.8351873773405678,380.3371227192633,3768.6014892286703,46350.57187517763,0.536895751953125,20534.819519118413,36817.4022480532,0.8282050177798673,232.858767593268,4295.356268741389,47884.03422751709,8.017932891845703,499.8081809112072,58.63430665524784,0
-1.2096269378662097,13.564070968627927,2.5668993119977093,26.803878936378734,-2.063176843264255,214.82758331298828,0.8439711794040808,395.8759621186931,3241.050713661162,0.1427616102698892,24440.284294528392,0.0972617606243293,22106.928299046096,41360.13558946319,0.8465511910992797,177.07743196511802,3752.046320391381,0.1478397129275619,0.104398666837804,33992.71607508414,0.8475141862152539,384.48659232144377,3294.8591737708107,55780.27322477471,0.6273574829101562,22238.939576837587,38918.5943645186,0.8438753478987763,190.2246232848861,3765.370685348483,57948.63180091318,7.279010772705078,575.9009890288062,69.07484016164966,1
-0.6728378028869617,12.668902912139892,1.8515466325658232,26.936856242471105,-2.771227637716156,216.4249420166016,0.7871665796007588,272.73191209369656,4202.643058297144,0.1822786633993657,20733.92245032241,0.1156790996042332,17625.895645274035,49503.167535202,0.7978819241799124,137.57160969308424,5061.956031863742,0.1854443283282285,0.1254569915695308,35438.45981149678,0.8019316280266304,254.263152544096,4192.527499618767,47349.897626188176,0.600372314453125,18748.305128472333,40512.78601382606,0.8037197895161086,139.89504504504504,5052.120175438597,51062.91906116643,8.578025817871094,502.2817962030835,65.10146246621963,1
-0.2697058029174801,4.048758659362793,1.1443285926279116,14.06150008760678,-4.902198669969061,221.7630844116211,0.7901216190921446,342.27935900502274,7045.678575699593,0.2656152796422009,11157.378871681416,0.1699570412109258,10820.725756089903,12658.813531451806,0.784103700754963,214.95482777306896,8450.88689574678,0.2741567161512993,0.1851958483853104,11446.08289680279,0.7913347827973584,406.7485792905426,7033.485583537716,39190.11075551833,0.5121629901960785,10841.395671785773,12628.349404797513,0.7827957038292735,196.19976942202717,8487.04428208298,41247.90625477477,7.006355285644531,576.6160249739854,34.05678102366244,0
-0.3062611351013181,1.99574628829956,1.793631523347494,10.13707541863802,-6.551084991048889,241.87302780151367,0.7775866295055063,2430.6808591378262,2434.8389496053437,0.2387278690560634,15623.512788403155,0.1525355910305615,14893.112821244576,19400.26294019429,0.7597764289928982,1085.215562200125,3112.561852444197,0.2452889337195003,0.1681066464730417,17246.36398720534,0.7798604900245473,2167.9808108005614,2438.545982024347,15021.164890591224,0.2011795043945312,14821.650726162556,19421.71652319011,0.7614745510612937,1206.7346219010408,3160.325749455413,15699.52252688358,5.520103454589844,486.7264034000354,22.85400769561737,0
-0.1435459594726559,2.7434561157226565,0.7653714709284635,11.609492887008242,-5.155675952192163,238.32610702514648,0.793671026433548,1523.0921927155644,2955.8740141198714,0.2316934786242919,17758.65267479987,0.1542751803041986,16584.878567432497,41987.11603107553,0.7745464483414759,856.336701271304,3524.477599511464,0.2363442649900296,0.1642928010319579,30324.02523177705,0.7964023245156712,2218.952262450305,2743.8512639980577,19644.409426117567,0.2513961791992187,16813.22023522214,37846.613061819065,0.7775076400977008,944.4084176848608,3579.6051796894394,20546.7712993353,5.28814697265625,551.3982182329694,29.24028537959362,0
-1.7832020263671866,12.978369445800778,4.272779410153915,28.979642408219267,-2.411962787859012,224.6174201965332,0.8180116113562359,599.5080565393574,2475.6020548163747,0.1417635476831223,21144.824686512875,0.0899324653146653,18470.943039083504,39349.38848473246,0.8193173356528537,418.3425182481752,2891.670559610706,0.1491239538179569,0.1012940636273106,35120.07343369829,0.8043138528634349,771.9233917444832,2358.8215592269016,36204.42294906703,0.4567184448242187,17690.270697189728,47055.62412508561,0.8265850654662983,360.12027429396375,2891.3398899215013,42755.42846401395,6.837772369384766,412.7790642944555,55.935228333490656,0
-0.2345321884155267,3.7273691940307607,1.0730769192381884,13.34915553217584,-5.503377918875203,234.64028549194336,0.7968554449462643,1190.1588946459412,3235.085820623221,0.2198359708761977,20404.43844413632,0.1457547891494904,18805.953883816543,38129.52005643533,0.7845072952715731,569.9059544062607,3920.5432460020415,0.226263815770927,0.1580956623970574,31698.568265850063,0.796420887666298,1180.7846847071123,3044.534466877443,23917.558440588517,0.3064651489257812,18904.3634504206,40696.94107396251,0.7812441780439001,557.1416615496578,3928.0535580268815,25172.096631871005,6.605854034423828,251.58966126183972,37.424447573015854,0
0.2588477058410651,7.29731954574585,1.429247986474935,20.453990717839204,4.0732620999308455,219.0043601989746,0.8016309447896652,331.5318736842105,5203.120757894737,0.214548292593666,15156.245459649122,0.1333186428190936,14258.008894834458,20605.530442105264,0.8003720919753706,196.22801269317097,6593.649364051496,0.2265591482358019,0.1527047451986415,17592.25406981244,0.8098448391660474,301.4317579203455,5514.677500478364,45103.65639778039,0.5604013480392157,14256.392249390892,19291.02861985075,0.8004916795907979,174.6562314654839,6595.430026560767,46657.95301580752,7.942989349365234,535.1042134291027,45.34921771425436,0
0.654679935455323,6.5938555717468255,2.432011387282793,19.26058532248203,4.35583136915312,224.7054901123047,0.8256950005440127,503.2173251525626,3770.898688540857,0.1962229276409425,18649.523889063457,0.1316914385969718,17447.434698501642,26869.42390064002,0.8185955540947534,288.38493463696705,4521.071285343447,0.203501114236851,0.1434167305599247,23444.48496106197,0.828140215360649,558.4289456774258,3805.3659730117142,39259.74107392945,0.4630508422851562,17479.967325468882,26461.98304582077,0.817321828699638,351.8526971919433,4550.005845595646,40610.00658986247,7.410877227783203,614.0988275911675,45.42856464071578,0
0.6153870239257822,9.601442413330076,1.6015019462377136,22.217003810445487,2.469430035112548,229.1433219909668,0.7994942635573465,984.167701863354,1995.7912027813584,0.1404728571291663,22317.89509355834,0.0899046005643031,18818.70165364954,144196.52337981953,0.8088398707567342,555.8306642627356,2423.5231024852405,0.1426721080839617,0.0971498565198675,105954.01095909782,0.8063428954218358,676.0032419798696,2100.488709616617,32329.21898443096,0.4281863378099173,19248.350402171374,197369.9129189128,0.8063918676248449,350.1616808615471,2453.07278102344,34689.57566692476,6.154289245605469,529.7482064090982,55.45274237322584,0
-0.0517443962097159,6.9433403587341305,1.1952518238248684,18.303401870790363,-0.7878145434701198,223.74290466308597,0.7986724390734026,468.0405627568764,4241.512235219728,0.2032486610607549,21700.70496364211,0.1336211736572397,19334.15689458681,43628.46934871957,0.7914119634134477,251.8167093048754,5175.666647174914,0.2117535018389809,0.1466765454146668,33908.06784591769,0.8040197092379193,436.97994768962513,4307.932525843817,38942.950460829496,0.49005126953125,19632.206583481468,39345.75621185702,0.795628044341887,240.3525512811154,5137.491189137893,40663.09066355208,8.463623046875,479.78757763975153,54.972837959109896,0
-0.8470907669067377,5.830021095275879,2.96950254789571,16.64332542184249,-4.0265607951125295,229.1051788330078,0.8417993640453071,972.6788743107056,2816.8526716105725,0.1769443569278812,24404.79627305572,0.1241932570582189,22669.4730504514,35885.108176459406,0.8276424287940638,404.0717540897289,3269.1995751402583,0.18134078802132,0.1314976350624542,32426.61493908528,0.8375629025678134,727.992133726647,2736.455029209324,34393.83135712495,0.3957138061523437,22602.243563830754,37643.05444695085,0.8283927741638591,436.9965714285714,3271.633904761905,35761.85866666667,7.291717529296875,551.3256332954859,48.74795227772228,0
-0.7045654525756829,8.334063377380371,2.032554559332397,20.86936352606297,-3.4070479190810143,219.1360282897949,0.8398092650046892,380.283576362241,4254.64039030808,0.1887898618507856,20659.62663085188,0.1289409732153207,19507.71403941237,27055.613858129596,0.8347343078686854,210.330721703694,4814.178808991718,0.1936775096108345,0.1367339181911195,24920.071513080056,0.8403724406145445,622.1533648968549,3935.678756622703,47351.6968774659,0.54144287109375,19758.399079522325,28587.968690113856,0.8341295012682883,208.87362095491065,4839.0846559455085,50016.29640100461,7.271270751953125,257.4963868195642,54.025784334252926,0
-1.5082876167297354,8.65045404434204,4.330032698351254,23.090094880130287,-2.834429377276701,228.7670783996582,0.831059485434962,833.7796667800068,2375.249121613964,0.1572573177954117,20975.568835241225,0.0996150490828744,19207.751180220694,33603.98010880653,0.8271602863622148,575.3467750561557,2856.708346703748,0.164641330838703,0.1116229783158206,29218.52980710949,0.8207986534248246,1222.4853395061727,2335.227391975309,32817.1363425926,0.3955078125,18869.822328308448,36083.570621141975,0.8252122473193098,529.4554032560716,2851.419429204568,35936.66456386154,5.7469024658203125,527.6398484510809,45.98583101424466,0
-0.151607479095457,14.998363018035883,2.4206492155351804,24.576319735501105,-1.3180427949396674,213.41429138183597,0.8337961698389388,316.0716680787084,3107.801474887534,0.1308370281847809,32906.20414543632,0.0909135199623647,28767.54714623621,473890.693996635,0.8328658707200254,126.7102026250934,3587.9168423048186,0.1355915392208665,0.0975542208604734,257030.3646471067,0.8421292374954894,296.19313853042183,3181.6220096815405,57187.44242061957,0.6509170532226562,29005.170503038844,327836.3634797285,0.8338770542940132,142.09731333958138,3576.998103271299,58838.36662650065,8.012336730957031,515.9079339290549,94.7657474733398,1
2.0254838218688973,16.65488557815552,4.0413969558296365,30.6148649452325,1.810945243753198,213.7004356384277,0.8324425625120433,297.7040977051882,2837.428235636223,0.1275690120235764,25632.6728620932,0.082543665766342,22681.150178493943,56182.91025516757,0.8452031585720851,148.11367034929137,3342.779890637206,0.1310735036034485,0.0909469456529475,40650.11042294386,0.8506811637900124,286.8357024333074,2926.373931004073,59018.95233177456,0.6574935913085938,23662.85803193871,45694.33266805138,0.8456959988955314,133.16448836821942,3372.138881794459,60935.19186052968,8.151130676269531,528.6728493763991,75.50758759911082,0
0.289743732452394,14.62149267196655,1.6084133786556558,25.760470315356034,1.7209932525482097,197.56784057617188,0.874865583393022,113.80072620900194,5409.450130530541,0.1596121759540024,24157.212156772708,0.114539556268422,23079.197126123192,29238.45878721396,0.8678286214041779,67.28327883583356,5874.768065297157,0.1643861009577256,0.1212427620513515,28324.23915666159,0.8662232728987977,129.54618116446505,5046.333045462958,80861.0554826088,0.8657608032226562,22834.05740065641,32320.782696052946,0.8664918714248466,65.25131804347464,5902.80838891014,85910.25003742079,7.318462371826172,221.91082104878836,80.15271914751831,1
2.008296298980714,16.646224040985107,4.301495777257344,30.95061259492097,1.9598981171423608,213.99984741210935,0.8346177475470434,328.0546756980654,2832.940280688076,0.1313187102598162,24949.72396569368,0.0863234686870619,22173.383178132164,48468.262864870136,0.8390985727869138,156.5115465120269,3299.182227864896,0.1354216431462602,0.0940634918681938,39331.53462809823,0.8307885731175302,325.156452404318,2817.911579980373,52940.94803729146,0.6219482421875,21990.864791682183,49895.07996810599,0.8381898458618935,155.6893223913442,3283.663281679809,57872.773083623695,7.991241455078125,542.1675749318803,73.36037638522804,1
-0.3746401596069322,11.991009788513182,1.276169011537764,23.799127971381157,-3.061711994660436,213.31809997558597,0.8577375283963716,319.7469209655852,3447.477185821193,0.1484665681411314,28030.123055809698,0.1023484915726552,26007.99542343115,41949.46341520632,0.8526384534213942,184.40300748484404,3898.919032727848,0.1538541244388813,0.1106108156429341,37626.13061786654,0.8537569716361876,328.4205989110708,3309.6474591651545,57822.19013277295,0.63897705078125,25929.54308312401,43312.5728579616,0.8503729465566429,176.60986162101102,3890.7446822931374,60660.340683422764,7.691135406494141,543.0751633248185,73.9600923764671,1
0.3097957344055191,11.57436239242554,1.458499964485771,20.81162245810846,0.9800266459919016,205.48640823364255,0.8737214579451119,223.4942675286125,4030.902124650125,0.1456661072901859,27550.172442301755,0.1077483173060003,25785.216628938168,37176.6116063869,0.87131690510105,121.87097454176129,4429.222867381452,0.1488114228533597,0.1127590150335466,33218.14940546341,0.8780769159597803,236.78805510902475,4063.684543240072,74580.5782798647,0.7736129760742188,26063.807222911622,35548.28464777759,0.8689017105667742,117.659870214645,4436.897170064893,74988.348769343,7.948905944824219,615.6063862660944,81.06060585147898,1
1.9661488265991225,15.341125526428224,3.9989136844932704,28.5731390945566,1.794169214120227,229.0115394592285,0.7713009053101668,1007.664795036909,1419.6103738024187,0.0831661833233762,37556.93054028585,0.0543339006967428,29415.063338258817,193101.42366891785,0.7833030114565129,446.99182925970274,1674.4744664365712,0.0823444008003718,0.0572215939387155,118657.3527857998,0.7588621008401205,1334.781594769125,1360.3906354379644,26436.108888843904,0.3768844604492187,28603.151556544275,189964.05429259705,0.7783485798309737,524.3021475389453,1666.7186706218804,31766.065598522124,6.131954193115234,578.9793895121314,79.46064617514669,0
-0.1590294799804683,3.3290570068359377,0.711628752719958,13.031109604485598,-5.634267951333023,235.06304550170896,0.8143775701047316,1330.6298981872362,3176.6159423888757,0.2207441006258053,17165.210032282095,0.1496735512442619,16314.6629363359,23709.229401539607,0.7958587686958364,630.6126421953794,3774.168617333177,0.2263299985892164,0.1603897432656111,21647.19394863375,0.8134828242179488,1138.636654154408,3001.242315106016,24599.04732677285,0.300811767578125,16546.134791776873,24718.25961245815,0.7948222414914433,546.1783849880073,3766.5748953581337,25297.057282603582,6.523162841796875,529.599754136147,32.17460264683692,0
-0.2193145027160641,3.0650431251525885,1.021847881861777,13.47399589614832,-5.071393396220225,242.5982360839844,0.7987684895501102,3061.932044663225,1619.027134109737,0.1917237331042726,19494.059270820828,0.1253129872652223,17771.86730959055,37532.02845479649,0.7798100771890683,1428.3990528691406,2044.264937659551,0.1978050455465121,0.1382044103800518,29186.55026083096,0.796635272339114,2710.6963237068617,1590.8332394819404,14828.819805325396,0.1896820068359375,17897.485234027674,36871.71655538573,0.7814638585845037,1326.4820659971306,2048.793326711548,15605.335577382924,4.613155364990234,435.6781267422412,26.17785738534294,0
2.30768288421631,20.797792396545407,3.789648399738125,31.47671344739256,1.3173765771574664,200.27972030639648,0.8460032338223076,201.6493144190796,3749.5039019765154,0.1264369902008252,28715.953048647072,0.086615458032141,25421.347025903124,54051.4840091897,0.8459741110754212,101.71279496591504,4202.223300122356,0.1315318224366617,0.0938912551849557,47737.95679077085,0.8296432729492825,187.4452665384579,3714.681991720113,68268.96490995387,0.8053359985351562,24149.307550456146,65604.45509061455,0.8487362304670896,129.26454915891756,4177.035837425557,78108.96390136871,8.024700164794922,454.42112211221126,94.47544236263548,0
-1.0554528274536117,14.02680103302002,2.1353588388765505,25.107621237507846,-2.0750099482995363,211.61492156982425,0.8078490585481711,227.53608790202583,3833.515554538171,0.1537864848733707,28551.1799702415,0.1029327774596753,24431.569188945672,71721.1445004006,0.8101057288112768,105.5436656991634,4439.958212395424,0.1565971255533109,0.1096053361726518,55393.37148924364,0.8077311527369943,269.58697395248674,3778.1440287736814,53318.53064076424,0.6660614013671875,24437.572523208182,71190.6524363703,0.811797235508397,109.19022561196446,4437.682161954877,58019.43620443554,8.502616882324219,482.9549226901752,84.28971717979474,1
0.9612592964172372,11.419015254974363,2.294188677429207,24.01236608492079,2.239371256383284,214.1796989440918,0.8392221817491785,264.67445876915593,3920.21758696181,0.1642009576457642,19661.29281196789,0.1092783212316028,18083.251563133632,79241.00182437363,0.8356507404479625,183.04280541525404,4456.23955810789,0.1692777833409567,0.1176441801938349,32876.84185520884,0.8367389235231506,455.9236781047747,3848.912834289901,54072.09212358041,0.639765625,18011.795640628818,37886.79040175846,0.8366789356611736,150.57869174330887,4519.0070040072105,57623.28107884675,7.239810943603516,581.3648841493474,62.05620267892793,1
1.2350303382873544,10.216361980438233,3.2509376910199816,22.883799833828085,2.869972013403372,219.2630615234375,0.8422659361017107,469.85802621815486,3193.373979718031,0.15691442699155,26248.509151620085,0.1080536920812117,23974.85174206631,45565.78440102234,0.8372981541439244,180.40867309021212,3687.179485507908,0.1607921722881247,0.1148871849131106,38869.99371552994,0.8447640774416448,396.3063252886788,3139.741235670026,48732.87984308072,0.5503768920898438,23929.910850734253,48866.31500298036,0.8369210384831182,193.18774484921843,3721.129319433056,50897.529876485365,8.23495864868164,496.20294195366864,65.73742914265509,1
-0.3948326339721675,3.5635023117065425,1.8519766314712796,12.88693828695695,-5.694372880374576,241.79677200317383,0.8332418895622694,3166.1171956489347,1196.2025778572493,0.1473299375208276,30601.777678438382,0.1045606416601374,27282.983452524728,80400.12177767843,0.8197032486590673,1724.0485141237004,1437.1944065245546,0.1495824071028375,0.1101679732351805,67504.97080751864,0.8337135988882322,2890.70157146049,1198.0688910404408,17650.016533849706,0.2048797607421875,27335.96188542992,79863.45754822373,0.8184373138917856,1677.222125222614,1439.0069839717848,18148.982260711666,3.766082763671875,476.8593091828138,35.63851021555415,0
-0.904099029541015,10.68484176635742,2.2740474682747687,24.994928556950743,-2.644420558872791,215.10973739624023,0.8361996310334129,326.12981960551093,4735.219595599167,0.184885316519204,16052.81272921003,0.1228589719315254,14984.41861041683,22142.916443651506,0.8321185735284202,146.80117000448186,5490.133229542613,0.1920687225161661,0.1342218408083772,20174.86320854858,0.8333769358657284,345.53734662768323,4683.362121098533,52381.17647499812,0.6106109619140625,14957.976686626736,22822.566009445985,0.8308878948926874,185.87896403421712,5463.293775698285,55078.41398459285,7.819091796875,566.0001698417642,52.65770284536829,0
-0.2101290893554681,5.297332305908203,0.7955423434168213,16.29216591099317,-4.657261723781921,225.2405586242676,0.8153055609075393,525.8856954732511,4771.804279835391,0.2224330751408533,18593.408296296297,0.1480054368169055,17679.293726180837,23218.19288888889,0.8035252407808029,327.43489196831695,5612.673514662,0.2304199205792859,0.1611412456246496,21692.015560311836,0.8102557470998542,755.2816471350835,4435.765638060148,36196.18455213824,0.4472579956054687,17588.310262843694,25871.898026371902,0.8003526750786266,343.827925331997,5636.9206965672765,38391.10601979454,6.703289031982422,226.26429951514712,43.39839897922887,0
-1.391105697631835,9.784915695190428,3.347387474447545,21.640513043904864,-2.3700093663515887,216.3681488037109,0.8341935738921119,454.7136153875984,3937.221351843953,0.1729642215991626,19091.13378834296,0.1153140373249587,17499.723559540304,29403.561574953783,0.8320729845358811,196.8262469486647,4655.415880302644,0.1791212103767272,0.1250149633805933,25286.18337158888,0.8382801972283417,371.0135441610602,4072.959633585465,52332.35178075943,0.6069066806102362,17566.176711285458,27433.471676359168,0.8371803169287777,180.52062688366485,4656.066714888487,54932.590186859554,6.758457183837891,490.3748986638643,56.73259611129143,1
-0.5767404937744135,5.203325576782227,1.972963938399764,16.161423118464697,-3.7170031940667294,235.53445434570312,0.8445201232142489,1924.2057131166407,1632.2791345932535,0.1519787994121876,28313.24343400762,0.102782571931258,26090.813950364125,43501.41687338567,0.8349595561268732,773.7304721030043,2023.866189794945,0.1576157868781062,0.1119595759905613,36986.22236528374,0.8413165647348552,1298.2033252250671,1733.5035985655893,26702.11558040976,0.3042373657226562,25883.55549335846,42746.89429997242,0.8350374548110835,853.3614578370652,2036.952405907575,27730.244592663174,4.861976623535156,476.2583938739447,42.47026611731918,0
0.139067165374757,9.289325428009032,0.6439094834967776,20.656070517982783,2.476182636834866,225.60610580444336,0.8358217408368876,671.4280265972441,2360.279221317592,0.1336390332157747,31908.59553617325,0.0952614852328705,28217.925622138544,78039.97371781054,0.823246820810309,338.23941342286133,2669.9767839609794,0.1372990513325064,0.1002855517105209,62134.52945554746,0.8302141903458421,604.6369297414377,2314.27575470421,38395.16955462299,0.45086669921875,27524.949466578644,83379.80555367538,0.8304616543686583,362.9579409918393,2663.713339610797,41521.80838041431,7.368350982666016,413.959727385378,67.83768128780981,0
-0.6666551017761222,9.600648250579836,1.692346839916436,21.717679299298197,-2.9545072322091857,209.20709228515625,0.8355737772690067,139.85627025812732,6109.464950096811,0.2010446093411051,19375.440089429936,0.1400600959554462,18215.901965886227,26231.549277393267,0.8280629186848983,84.53431920501276,6909.632790146753,0.2069222040881956,0.1487885866579518,23986.355447077767,0.8387144369161371,245.35322592927,5801.754228899018,61060.66923754718,0.7013473510742188,18371.31958784625,26804.639964319515,0.8265717043895351,90.20639675529888,6899.045849932573,62586.43368024459,8.784332275390625,544.0783255175569,62.2974470245486,0
-1.6276751861572252,13.924917678833008,3.345484661394239,26.89462545251631,-1.9734564741386007,208.75839614868164,0.8352715796750423,148.66323053513642,4358.964017059215,0.1606910920068697,22201.248655193845,0.1063127314024416,20299.13477516465,34229.73788602902,0.8360614901538433,115.46906827227268,5007.261965506685,0.1676125632709158,0.1172400666620604,30259.808051842025,0.8336466880013819,325.4718015637165,4146.202065948044,59665.09371333326,0.6957473754882812,20282.58343062333,36206.70431941048,0.8369738629759225,107.52219188131726,5016.491441147701,64922.29312031301,8.64126968383789,263.02351890443583,71.11208004328006,1
-0.4131269950866691,6.871431941986084,1.267571529958656,17.313132979545546,-4.022904709166792,213.54930877685547,0.8677850020749434,401.1879955907976,5463.2939705342005,0.198259088508505,18054.87349618936,0.1471944081754316,17489.611993987233,21687.530526615225,0.8588682099164251,193.3177303003065,5927.5240729217085,0.20213622786235,0.1532156164767215,20340.46388485561,0.8732954195169076,331.8113824606306,5445.0567345632935,61333.977782517504,0.6438674926757812,17546.389580213247,21398.390778856065,0.8597239907295888,155.17626519032413,5965.830971032138,61254.39911787002,5.695598602294922,446.3363237560764,50.870185123434965,0
-0.796754283905028,10.743499355316162,1.7241481232810354,21.189694588274776,-2.4000776551203966,209.0308609008789,0.8644296104079952,208.54981977479824,4380.865814628544,0.1622903974693135,22530.00197769248,0.1151713813756845,21357.531643770257,28364.43749534817,0.8593262652685837,118.25923105421316,4859.733215329519,0.1674784107409679,0.1225879155934684,26705.88751903841,0.8621180500887018,276.91497335470734,4210.252198778216,65099.642303193104,0.7071384803921569,21306.00535728315,29798.49399939344,0.8567721409614111,117.5339661576558,4837.8976888155175,67572.65113495667,8.433917999267578,515.4200814761562,69.37720648447275,1
-1.551873962402342,12.319889831542971,3.5497349102891653,26.29304386810509,-2.155364319853804,217.9849090576172,0.8050845190307888,458.15513480029085,3609.542136874141,0.1676009829184522,21376.652131756848,0.1073619187822157,18587.219720172765,44676.37832960759,0.8126149827423342,201.1036059980468,4344.228857873982,0.171812518031736,0.117174827723617,34099.43327605603,0.8151986621069595,292.0637814994522,3680.718552720822,47813.89294099233,0.584930419921875,19226.52636549959,38774.66718839672,0.8151225922636521,190.09716668710905,4413.805249601373,50879.68043664908,7.470569610595703,487.87582894218014,62.77314834646746,0
-1.5936061515808095,11.9101833152771,3.5556954183305045,25.23030424606787,-2.1933555333663577,210.70879364013672,0.8520063079120955,244.61821578286057,4493.405679783839,0.1702096316712485,19176.402555235563,0.1156866157227926,17971.13163001149,28192.500772797528,0.8470162784226017,119.75740764358288,5139.90073545041,0.1764045641621674,0.1245296745390431,24955.23419631849,0.8504362823192347,283.12860322822405,4439.329131198336,61195.608552668375,0.6820602416992188,17976.666742324785,28652.070783789528,0.8477342043105371,134.76550185873606,5154.542368560808,64089.36994158258,7.547321319580078,552.660741538738,61.23751436716706,0
