mean_r,mean_b,std_g,std_b,skew_r,skewness_lbp,SRE_deg0,LRE_deg0,GLN_deg0,RLN_deg0,LGLRE_deg0,HGL_deg0,SRLGLE_deg0,SRHGLE_deg0,SRE_deg45,LRE_deg45,LGLRE_deg45,SRLGLE_deg45,SRHGLE_deg45,LRHGLE_deg45,SRE_deg90,LRE_deg90,GLN_deg90,RP_deg90,SRLGLE_deg90,SRHGLE_deg90,LRHGLE_deg90,SRE_deg135,GLN_deg135,SRLGLE_deg135,SRHGLE_deg135,coarseness_tamura,directionality_tamura,roughness_tamura,label
67.0949375,66.1801125,96.38846988912805,108.36011891829644,1.0673153186702542,-2.0160145287819438,0.7887647996414138,41.83398071079403,4993.26460562822,43881.97209671026,0.2001559295260409,25093.62987184569,0.11960155170846,22566.773098983253,0.8034557756902512,26.38473334887316,0.2105609895974829,0.1370103191368823,22317.604862871107,37971.849799413576,0.7975418767534964,39.05606009055458,5035.937580151273,0.74626953125,0.1212031662431869,22736.62029521027,47621.24511240807,0.8051974511113124,5878.59812066413,0.136855126644322,22414.23778692896,8.0684125,489.2570708736992,91.723243970205,1
30.68398125,29.54930625,70.99149750047097,77.38095344717401,2.2890782890374317,-1.3671724902291416,0.8054264240813469,446.0332586329836,2589.487572578181,23860.22542528267,0.1972873462720525,23272.14306814709,0.1235230022966307,21740.087325241788,0.8063358562297778,230.5832099708705,0.2059758631260046,0.1389232525464651,21007.06474176558,28858.33047609952,0.8036387702584491,494.72180720425706,2619.645108473189,0.38171875,0.1229701377629586,21321.2330224252,35194.32339848547,0.8002571621482667,3053.519589507505,0.1373953680990797,21085.83318074548,7.14015,599.8595516762547,53.94044865378064,1
61.37520625,60.46695,101.82534801903454,106.09769481566268,1.2013694402034991,-1.606361372673692,0.7822588637639241,240.9778498536508,2996.8716082588403,28819.25239300688,0.1778201444730893,31915.83225219524,0.108872561320602,27896.6226262785,0.7873020876778736,143.2974803526402,0.189114735829619,0.1256809611472072,27378.60667451896,245752.8734838864,0.7699496873854224,211.98127778119172,2948.5144513406667,0.476748046875,0.1096658345851314,26965.543686483867,374915.2335975747,0.7851283501820255,3524.2389396912367,0.1249379190572874,27423.411576304887,8.48146875,526.1019670814935,91.3118078546085,1
71.12841875,66.07254375,94.5323432088604,105.11267594184032,0.9762122204766664,-1.5350141852165131,0.7176758518361116,194.62309936350775,2202.3165664780763,21559.853120579915,0.1445526743289401,30385.508707567184,0.0852604414016456,22942.745179134712,0.7362259368914232,115.12428055412218,0.1483332374769755,0.0948922959975778,23765.88682584317,106331.45252649546,0.7135602880614005,325.0493024988938,2128.1606232096697,0.419326171875,0.0887865763291067,22158.038216595716,196778.1196814085,0.7340893877708169,2595.530249039476,0.0969080052415803,23564.434714994568,10.068675,475.722590981918,95.3365463788724,0
71.69325625,68.5123625,91.9322808960145,107.889248003073,0.9556637791336988,-1.5832928930051189,0.7763159641775119,329.0577710757443,1629.454710329509,27503.03223768671,0.1187707044888101,32175.819045096083,0.0717621562267712,26381.29830291604,0.8044165412124457,162.48821127744878,0.1221645973647251,0.081958757819004,27564.70890741753,71698.16956633686,0.7756475205454748,363.3560631229236,1567.9835548172755,0.4703125,0.0707788212038491,26393.589161553835,112306.49962624584,0.7986678045517613,1881.3650380828533,0.0800395359017377,27395.3906745091,8.6423875,573.898999142122,92.89519914506,1
47.3970375,43.23245625,81.32919751485989,88.92409302512922,1.6014823489986756,-1.7672662738213634,0.8388749435119264,202.4399129148593,3428.112861677552,39856.586744445,0.1778801326551541,22622.976566784662,0.1168961989993561,21346.17031313145,0.8430768410969293,98.73631951273671,0.1873320059758209,0.1307122252441394,20718.135184862345,26750.03738540113,0.8366864078988148,158.88536933231617,3505.068161464725,0.58884765625,0.117950849487097,21069.375129892705,29158.280954592192,0.843744359045824,3875.426587522021,0.1311855781086531,20773.299682411707,7.7593,608.4473535718315,70.25973579850627,1
73.09430625,66.76413125,101.6214341106176,104.7103762035204,0.9311774773576668,-1.9234905917099128,0.8262721300117432,128.36916139051488,2864.446870146936,42905.6897025445,0.1467546248479956,32327.983843029506,0.0909271595033366,29351.275430030066,0.8310407860447631,71.51655808516401,0.1576689145362519,0.10608187133127,28772.774907198032,46614.08466506052,0.820378954235658,127.6571159169024,2816.137056300757,0.64212890625,0.0899592225952741,29058.49705141816,55329.77393010311,0.8327654221110866,3303.3403681190707,0.1052389675629325,28950.049429696304,8.2706125,459.38523200246647,97.72635348502354,0
52.36685625,43.008125,81.24514983033,84.03194650836295,1.4466566301150665,-1.7131383997610985,0.8397365685600318,257.8264086813362,3031.048363398184,37473.24585317496,0.1580811604942822,24072.8130255448,0.1047920396690027,22056.501509170044,0.8385493670954534,204.4434519225833,0.1641398733726181,0.1132658003767681,21627.842625146448,32713.647791638858,0.8364549282860082,301.47987284351893,2994.6206736436047,0.54681640625,0.1026757457962248,22119.410290305743,35476.00853662893,0.8408438284855484,3310.4047037524124,0.114339999322671,21663.94712598241,6.98749375,562.9094654747453,72.35677947471869,0
85.90585625,73.74999375,101.996895072056,102.46113447607812,0.6757048759021818,-1.7083209678038538,0.8483657247460437,35.69728772566295,4648.988878811437,62797.356806599295,0.1637147858356379,27048.607292476463,0.1075753611501881,25228.350043088696,0.852339603342161,20.08053929395068,0.1716144016745976,0.1184329590029744,24881.28766449379,33958.29044443749,0.8431135693336893,40.10294406924136,4555.112473499005,0.89361328125,0.1050084980454863,25213.12154813715,37207.11582847026,0.8564733740364453,5125.790946152011,0.1194717421885807,24960.294983422547,8.289875,454.3998170173834,104.51856352786793,1
22.900375,19.85345625,62.27548522972341,62.839861701624834,2.863053019381306,-1.2669096635853652,0.7744498028937595,635.8064535106039,2994.2283436773832,19002.25128687825,0.2304865039133033,19752.865046915904,0.1389484361253442,18458.913307411523,0.7758744509510083,257.05166811091857,0.2450991306734022,0.161776695180527,17533.49699189299,23402.272394930675,0.775561414643579,458.9408765678862,3127.610874540135,0.337119140625,0.1417571504977612,18059.95946116816,26436.0058225428,0.7733632530574658,3705.761868611556,0.1611728273332934,17446.988884006114,6.6751875,583.1661889370007,43.66075960203448,0
6.92923125,5.9894125,35.57377882520123,35.24999894191265,5.84089306196333,-1.0098118404062957,0.6882889802217131,843.2433252427185,4144.382714979196,10107.726161581137,0.3351896977703902,9024.404039528432,0.1930207488081501,8666.035956571848,0.6907764214778884,456.3881941747573,0.345775814071252,0.2219414934337192,7967.872884036084,9223.153786407767,0.6898676984688843,1178.610856538597,4023.1570320761366,0.221640625,0.191209346863858,8803.903398160175,10832.22197744096,0.6844907988201901,4973.00583090379,0.2170606015815382,8106.181554126822,6.38988125,558.5441713925646,21.312553758884512,0
48.91185,47.90741875,87.62061034931163,96.0776500283086,1.5561885328402318,-1.8072714152449991,0.7861977109085088,170.38524467749698,4294.298242702819,34699.39022285648,0.2109153416151285,23473.404327696928,0.129010191430872,21147.02345094481,0.7955851439356425,71.68233877689624,0.2193965856684264,0.1444337249986401,20905.66012886037,35052.8420646436,0.7951569060559355,122.18247168882324,4385.235647464303,0.59501953125,0.1321741110900758,21106.30005972289,41992.49601181684,0.7964341973553889,5085.404149224329,0.145139410713645,20762.21408103314,8.63435,512.1094115529962,75.65175651893796,1
80.4408,76.48906875,107.81619595838792,112.15262137153891,0.7829656708875634,-1.7000561407749903,0.8166064442942556,368.1512862698176,1641.0883562668262,33378.43807956925,0.1044743704555023,40372.967114119056,0.0664526594674567,34701.60982310581,0.8228931322392061,173.2479276030896,0.1100114313748989,0.0740097634223728,34952.55540325933,119792.4476730827,0.7944699859327683,295.2151535970164,1566.2622632250466,0.497509765625,0.0643477431779516,33428.645536533026,185417.3050544705,0.8219434980920546,1825.011691750031,0.0729307043031839,34972.82872699114,7.555675,230.0486478003871,105.50404295970868,1
22.45638125,21.04528125,67.22166504520666,67.04155283000536,2.8933320035671155,-1.2799862335612913,0.7765240352740527,571.3874703423342,3787.576036606033,19887.578691673258,0.2606554764466295,20782.82787255677,0.1654775181100612,19445.338779244856,0.766880882454697,230.59920120612583,0.2731395646055925,0.1850697446293981,18566.96076676835,26259.123495648957,0.7725090152913182,361.3866583435008,3767.234770025253,0.344169921875,0.1614465516289658,19557.81685842265,29853.169423715342,0.7695427278045,4470.93812638464,0.184498079144646,18720.46251314769,7.8666,464.1019500137325,46.64222288783675,0
48.39018125,40.529625,88.52716442036309,83.57888427922076,1.5722280080064914,-1.3684079800519469,0.8085100329750781,496.78296146044624,1317.2567898632808,23214.21535259872,0.1246106707861756,35295.56384183768,0.0759369097280485,30874.562327075186,0.8180832648370142,338.7519147354071,0.1322681022398426,0.0882227138504043,30954.882958116577,56358.064518527695,0.7935432286186718,749.3905873889827,1219.3254295437569,0.352958984375,0.0723242522776378,30278.930650824765,76520.74943972554,0.8160641051103523,1504.3219577907498,0.0854745531643753,31113.285120037293,6.82516875,226.07324624329837,73.03916892802286,0
89.985675,63.735125,85.81386379548469,84.31311399322395,0.573728102752514,-2.039668649853556,0.8203855226536463,118.65699954898932,2900.65704054996,46069.8362284574,0.1189419266026118,25106.647569325807,0.0733311902293425,21734.96200179993,0.8380849813096032,50.786334610472544,0.1247679807714338,0.0836307861461673,22086.48689908205,39365.67846743296,0.8278676499069038,95.80699839659376,2934.098535375992,0.724775390625,0.0742178979707287,22011.97114910449,45406.08038589542,0.8381307207254922,3213.5581913096885,0.0821164587123543,22182.74946229677,9.1552125,612.199630314233,97.14949709003756,0
36.90705625,30.25328125,78.54787971184335,73.21084980969965,2.0122822107273155,-1.401261511745948,0.8012895743737466,393.0436431702872,2552.25008620265,24380.663021526037,0.186893782435054,26321.32670804394,0.115313252236573,23975.5588092066,0.7963216444126896,260.4470323065364,0.1959944958467138,0.1291655920321419,23385.61314217262,36668.48401108189,0.7909328140425798,454.4951126764158,2417.913508409259,0.382646484375,0.1112592724054738,23740.510344263825,45124.106245055256,0.7981162166995615,2951.1360033766355,0.1306333914304414,23377.42249460125,7.83445625,448.24572098475966,61.45353265353741,0
23.84175625,21.802275,66.41779199823567,67.26610321941041,2.781095687226794,-1.3750923408289026,0.761228330623821,425.5371806342579,4453.268515757033,21679.319763395964,0.264628591488257,18861.295133711104,0.1611620341973592,17808.913659810027,0.7542668978807505,168.7433047577235,0.276689824981327,0.1802835921308092,16848.41616159623,21833.149686900662,0.756262793930445,273.0081749335473,4397.450925322233,0.38943359375,0.1575440071300511,17730.523416752323,24566.17731581323,0.7599070894258576,5345.226844059121,0.1831500654078495,16929.759246617756,7.40295,562.7973094645411,46.850220082059366,0
46.31809375,38.2160625,76.58623414625401,80.78078889498478,1.6467372749906213,-1.580291692582993,0.7649085138359338,193.99650930851064,3120.761968085106,26159.923994348403,0.1930748593446352,22687.71141539229,0.1115538599110019,19666.89634793923,0.7729647535759534,139.71723362165935,0.2034787554052461,0.1291603001811338,19363.693670231165,36971.380726116135,0.7601543601747176,394.1300349417994,2992.2546035284786,0.455556640625,0.1093102878199022,19479.56923265811,48490.27994169221,0.7818898995934479,3718.50448881147,0.1283834516473914,19880.9679357924,8.62021875,433.6398072988847,68.07177429505892,1
49.47335,49.14003125,94.63409603911268,94.45011023021108,1.4179291679319432,-1.5748226941157266,0.8019937549597302,275.4092392571295,3090.3046468257053,30947.257751185018,0.1728944566336559,29937.693429947936,0.1150995396910574,26977.047000197937,0.8007233839765693,118.31104813751443,0.1822094657653847,0.1277841481264398,26925.023587650707,46653.2755136284,0.8001352892461812,199.6170915019684,3040.6516085417743,0.49115234375,0.1153514106125209,26497.776175501032,61652.85493299399,0.8024906848493277,3424.371249023909,0.1299705710029002,26950.300711187258,8.9364625,466.1304619225968,80.62535196988009,1
55.00891875,46.191475,83.93478244684768,87.55894243208044,1.3760182774658607,-1.7651686374303814,0.8093782254787667,156.189763399324,3306.984720976754,35536.09757191143,0.1672212810217674,24910.678933572464,0.1007194104216173,22635.03820443637,0.813490765964498,85.14968121628249,0.1777544964680329,0.1169700685595303,22049.947550282053,33916.443305541936,0.8059310057315673,236.4270736702081,3218.327218945268,0.557939453125,0.0993028411574078,22599.34695024864,38579.25382878546,0.8179056690002156,3812.411542838563,0.1161752043996752,22309.71278211432,8.1034375,453.1972351711944,76.77105652790765,0
87.3015,84.63858125,111.30897770368873,114.99905030145749,0.6307540448055529,-1.964727560509605,0.8220961185759806,125.33804612353693,2753.7528392629506,43686.63422760459,0.1293873804418758,37818.15161084714,0.0831517734069952,33338.89482146786,0.8297719885675515,70.40760981787646,0.1350211085899884,0.0921631368263126,33563.277230422165,62400.52329887257,0.8082384054589675,102.25757530256163,2673.268896963873,0.65037109375,0.0807334664498963,32522.87544253303,88769.88405057209,0.8291045969550281,3019.788662000028,0.0909163649820319,33564.50365142134,8.959325,545.3864798983761,113.18974902975398,1
88.040075,86.53418125,115.616568725433,118.0482364613811,0.6388966068226322,-1.7946394359819018,0.8219520291724368,151.91842381611187,2451.2737986098377,37984.70906605771,0.1170478977514545,41108.60560398713,0.0790636511432494,35578.528902285696,0.8315007358402826,110.84537547160876,0.120404838895426,0.08637192039125,35956.65679253613,128656.83143637424,0.8228355198768588,287.2337701920146,2411.840665108876,0.57673828125,0.079090453578598,35345.52603021658,183715.90919096483,0.833483818821937,2674.513044026545,0.0861510757300192,36075.77261626343,8.2312,483.0127377774774,115.4371647020658,1
52.28881875,44.6321125,84.87912106864735,87.44166195977374,1.4544384781918314,-1.830179101687918,0.8110585113243072,192.6750766252621,3966.1778351346993,38150.269269236975,0.1937725401182098,23227.4040651718,0.1209267245558889,21338.01945853771,0.8168631464250511,121.0705832113226,0.2041430590409602,0.1353156217602528,20868.82595182482,30178.288829917037,0.8116244874196938,176.75305418560424,3984.604003481288,0.60591796875,0.1201606373990649,21241.21435088221,33638.94874770332,0.8160605818308434,4543.315148361822,0.1357338622061691,20942.331884186133,8.0576125,551.3619598316624,75.12693034603427,0
71.7949375,54.0953,87.55672740998315,85.91839001581674,0.9647013150600372,-2.094390459382747,0.812777274497848,78.0130621185207,3848.728660531834,46243.84999933221,0.1673335751764467,22601.670214897225,0.1031564269086949,20194.880194106918,0.8278616233983583,57.23166551572604,0.1744373427593583,0.1149425894955459,20212.48168744059,31959.984581580764,0.8197597044320388,92.38223815213064,3839.6110447364927,0.73564453125,0.1015603378490619,20450.419554096407,36947.50333200584,0.8299777786806338,4355.023289044873,0.114875397245542,20329.366265550507,8.56560625,633.8660460305147,88.07583741390633,1
17.44138125,15.92591875,59.43993150441881,58.07328564596978,3.3990723022970584,-1.1206843442876706,0.766086185862824,864.0562967201975,3008.359776816052,15275.25244107443,0.2607421822080269,20229.446403662507,0.1606820773820631,19051.505686550165,0.7578983343173719,510.5789279112754,0.2714867352102213,0.1793623445004775,18028.035723575274,25887.54558897664,0.7574682654828021,1018.062456677976,2937.277042063405,0.267685546875,0.1557779454594428,18650.36619762896,31160.297873116637,0.7653619185995654,3567.73546627644,0.1824924439384344,18107.349729207257,5.891675,414.7238743851683,37.728023418712105,0
47.874525,46.7456625,94.7583125076533,96.0974492374074,1.5920543701721297,-1.520689079137196,0.8052917144002251,312.6640897441284,3232.940758791648,28865.292046552662,0.1949843103862604,28285.749170202933,0.1304345275988387,25393.93015980121,0.803434063184085,150.37960575893388,0.2014669509737474,0.1416746024497051,24989.33960609685,153706.61125213184,0.8068065254813537,305.9032218091698,3354.317719950434,0.4728515625,0.1325073099583211,25139.84215816443,171795.10109458902,0.8036783000327204,3697.665785110918,0.1428629963664617,24869.707963699173,6.65880625,450.489678135405,76.32244757885866,0
31.7381,28.29318125,56.42245871488386,67.96152551999292,2.0315952448914456,-1.3949929679125337,0.8085933475093985,498.8628148148149,2260.2828641975307,24794.00385185185,0.1766923439945441,16403.60140740741,0.1062750034226012,15120.10368750983,0.8122317103191831,264.9236048317915,0.1868454845074479,0.1231240850811802,14818.377707132357,21209.599267348312,0.8040858929971918,483.0598538684816,2226.1848163347013,0.3918039215686275,0.1048286224106504,15054.274819494398,26094.91977780002,0.8140354303636452,2693.3370661730683,0.1232840724933452,14763.714498039802,7.33110625,456.477017581021,48.96795286163291,0
33.391325,30.72796875,78.65831933319954,78.33977720640404,2.1759860026048545,-1.7050989427643228,0.8030468031246248,194.2583202633529,5774.549645817893,34957.94010789197,0.2501589316894486,18884.03381534272,0.1665213480371482,18085.52911676644,0.8019617422738201,101.43338965642911,0.2594836370713231,0.1808442313796233,17475.385429446807,23315.25631978266,0.8043579618052018,133.54391552709018,5706.831538861001,0.56416015625,0.163990412985532,18185.07504446909,25190.498649818244,0.8002603115221728,6403.392734250926,0.1818517253666413,17507.959941214016,6.47564375,420.5349482143867,57.7546289767823,0
62.0973375,60.82003125,97.11818372860024,105.48171283449572,1.1850134660996317,-1.7905336820612472,0.7866695255895052,149.1612947968861,3139.663279990291,33266.45940322832,0.1713933824822657,30057.97274476828,0.1041865538929648,26242.588899918577,0.8030784827141912,74.55076991038747,0.181693041925805,0.120678451715612,26293.9995665346,51267.98479111448,0.7918448343613376,128.1178266178266,3279.0682064848734,0.575859375,0.1066641212232611,26213.512153698168,67065.81108397775,0.79664957431784,3793.469801010085,0.1205869448265233,26135.70767256064,8.66345,604.181158167675,89.57369216150693,1
58.41204375,55.2438625,102.23210660964996,100.78139817734764,1.2823125112888685,-1.734770870057473,0.7768546763295224,116.65362425259625,4283.2355327109335,32157.01035001224,0.2011760478271405,29075.67507605161,0.1260566423329127,25626.31589514797,0.7819587784204801,65.79401314188367,0.2131229244357615,0.1455489537565234,25308.67281700734,81922.3501419648,0.7804119049544347,100.79959061182716,4338.574132218502,0.562958984375,0.1277229089388664,25489.556033192155,111591.29722275228,0.7777816635526822,5013.717644947047,0.145072407810171,25149.97534723116,8.72996875,602.4324208419695,89.19388311816289,1
53.3175125,49.52424375,91.43300052670996,95.1311522963986,1.4193158263819996,-2.00714566073318,0.8063915163886423,54.37509905050533,5559.0021686847485,43782.08831829619,0.2179224767741217,23329.3298903146,0.136616368591339,22010.733104403214,0.805972167675928,34.316254230118446,0.2295058324828529,0.1523633920153548,21347.539092933595,27534.401173857867,0.7982696536155361,66.8914878121921,5294.091005155007,0.683876953125,0.1303070023766318,22097.794753926235,31652.20640020563,0.80514350301321,6359.35432371918,0.1506318833932778,21351.915085811957,7.9096125,248.68340047515747,79.3647249441599,1
54.45928125,48.55736875,87.19585060665068,92.6092099703184,1.3859884593636185,-1.5608923906474543,0.8255084629468321,406.7377921969886,2032.569628150736,30728.842941519008,0.1382475493850058,30661.112407453624,0.08589275012735,27472.94001834377,0.8364835011678139,212.72302588965,0.1460290014919115,0.098049025803071,27377.121700240696,44942.88594029089,0.8286296299821347,402.2786069651741,1980.697269952757,0.46716796875,0.0840854114168187,27647.137625806627,52538.83686608972,0.8374124110540679,2279.1725434607133,0.0980543339035447,27423.79327896164,7.61173125,486.2590460141366,77.75959613859165,1
66.44718125,58.12359375,90.63500196045176,96.78753887166964,1.0768768467944363,-2.0043181903912752,0.8474773992994096,69.64654454621149,4613.737571631484,55292.276534260665,0.1764979028607369,23007.917948278395,0.1154435839830723,21741.577633621902,0.8502786699532312,35.35033945095437,0.1842674431204683,0.1268420912871547,21342.007533989647,27359.630596793875,0.8387356178221506,93.50102958163828,4431.547084526142,0.7777734375,0.1119521974010328,21742.57782065376,30412.03241926573,0.8487190112607693,4998.446136988911,0.1247931201712713,21383.098086551803,7.44983125,540.5327809950543,86.5152046002043,0
4.3662625,4.147425,29.42827222823357,30.054203589005237,7.320169389203662,-0.7231907267050804,0.7173490096531195,2254.067731824784,2116.732742145096,6248.015060010703,0.3058203523858389,10719.389649109396,0.1989181828613765,10439.987752787638,0.6980602209943465,1423.7871359731826,0.3140239912417638,0.2158916863214684,9766.331616251307,10640.44486346812,0.7226020357626531,2633.234761433681,2124.6669964234075,0.128330078125,0.1955805869174137,10520.917747737769,11734.345787991782,0.6952035893101333,2502.3036579372324,0.2138864901564519,9830.380176338113,6.0765625,619.659475218659,17.021391003042186,0
42.82608125,41.16353125,81.9022734926927,89.81279252578815,1.761594603868195,-1.7048078257420232,0.7783142826301486,116.52756576442648,4146.056690657916,31129.676952083977,0.2155354530448522,22611.565909461737,0.1294018053633136,20692.18235259133,0.7850562022346971,74.21189459290646,0.2279350350138134,0.1494622243372637,20181.248492362603,30345.384067390318,0.781266909681274,172.49445603249532,4139.272624144619,0.53373046875,0.1321584256642812,20344.08095793837,37910.08745928935,0.7849107550403707,4947.643143869118,0.1485944820940361,20256.054727954463,8.8397,603.9642470640106,68.90602989444085,1
63.8811,58.31730625,101.18878257951025,100.0180403002064,1.1355193825977494,-1.8198087440630315,0.8404741625871084,134.1884611085384,2939.2298835890965,41699.04777797295,0.1565784847347539,33172.42853264775,0.1015864945669005,30981.81947063768,0.8367778030983345,84.00635993547891,0.1655400460853597,0.1127488812976647,30401.894797137025,41356.260557646514,0.8290031556856473,172.93780407626562,2818.1597633136093,0.594140625,0.0974263387741695,30665.28988107101,48388.440088757394,0.8392456049369735,3359.5564529724597,0.1146683696483188,30279.16997191024,7.972325,244.1708746618575,91.4409845579726,1
61.8288875,59.00121875,99.10503040006344,102.97979713159587,1.1828483121129316,-1.7545195092913184,0.8605877547709487,314.2388832141641,2271.8287027579163,41183.79257745999,0.1340878553863041,34019.31196799455,0.0897313392064388,31858.3230943652,0.8611369642158965,129.9038691206544,0.1416003583441737,0.0995722351591018,31333.51031165125,43656.25843762781,0.852133457117102,233.45120328939413,2251.1909023374737,0.565263671875,0.0883934463766464,31525.10164635356,52231.60902164711,0.8634134635091699,2521.623703412846,0.0987244541833489,31560.301488490557,6.2421125,466.8384012747311,87.66907183489481,1
103.30250625,93.089125,114.86903282901956,112.44682707499742,0.3787290278585777,-1.7127693022496102,0.7272331399441626,281.684487154344,1551.1797999607766,24948.51461070798,0.0788763610201858,44506.7317317121,0.0500490468731924,32525.090511135106,0.7669151028995392,131.52102715506882,0.0773933273816056,0.0531503431892186,35179.456152493,124780.88149267054,0.7234137676927914,380.8664460673937,1567.4463415111702,0.498759765625,0.0489992055687258,32413.272161116995,189334.6825132653,0.7542179533261963,1793.945941199199,0.0512103909967415,34594.296829821986,7.34461875,511.1126678342089,120.48099386323666,0
56.5956125,46.14930625,85.05417072984811,85.59833322789477,1.3206568929989366,-1.7013022808900558,0.8132746705865106,242.34624819624815,2716.6243145743147,34323.073015873015,0.1579751297839044,26183.00689033189,0.0962482574941685,23607.0953803549,0.8252691911184152,137.2776462631045,0.1662351177689113,0.1100853166922355,23464.457676589413,36264.78983767332,0.8183543374321519,268.5148271372776,2688.1836395197456,0.540078125,0.0957160143541199,23759.07344980283,43106.55050267612,0.8198932287049426,3124.385019441981,0.1098542404585128,23299.49028600908,6.702975,550.2146635839963,76.69521170527246,1
96.69755625,92.5077625,99.39472921148472,117.63046986110186,0.487350520714408,-1.5265331009895804,0.6974553776222963,529.9650594705205,846.1913543931449,17583.473615551862,0.055825259183631,41680.25233405807,0.0328215921237762,29338.562389818333,0.7436657089763916,270.9303794766722,0.0536098266986721,0.0348402595810907,31739.89498051179,154235.39330686815,0.6880988000859124,668.1632372415198,859.7004176428644,0.3834765625,0.034168363976036,28538.121981598662,270932.7201283488,0.7327171862449127,1040.785938821081,0.0350734886830906,31216.369664318343,7.976875,633.7205250889463,109.95203253296026,0
37.68748125,31.77558125,75.27075065310868,75.63776639334777,1.965023016425747,-1.360373461290188,0.8036817273586194,546.3903408064807,2168.605789324321,23415.034983617552,0.1737176040879368,26110.364954464538,0.1077888062830127,23552.715979585137,0.8012857024483987,359.251454269932,0.1833884932282214,0.1222395511645361,22966.633364157777,38033.65987192648,0.7885708971796839,614.3764264666488,2102.915510313421,0.36455078125,0.1061199217201392,22991.70193357486,49902.32033217252,0.8027874883045314,2536.2572542331586,0.1213361586298273,23077.34392938324,7.12545625,447.5611814345991,60.17198348808788,1
55.8722625,53.25196875,95.97651564769126,99.86932677503653,1.3457865434330971,-1.5113567335849,0.8197578794136982,352.7127086345118,1755.2052394094712,28758.61523634293,0.1287847863251285,36843.32820782407,0.0790117727920956,32815.90130929024,0.8187923725445339,261.7625831751528,0.1370051987400371,0.0899890477694805,32246.9434287452,58511.41974510336,0.8077734929077511,529.7772399264936,1742.2342342342342,0.43576171875,0.0790822418356594,32081.779472091486,73117.99336650083,0.8229414602963903,2065.1841714144166,0.092146798954726,32270.654557535945,6.2226,410.35880694465055,82.1713892934646,1
7.39114375,6.36571875,38.1538330369309,36.36074952535905,5.618508186907936,-0.8266596273614603,0.7153378439989615,2032.3030610948813,2206.542868029976,7466.923790168932,0.2918785036246137,14533.116537533342,0.1737894751624615,13713.042560666983,0.7018956820437263,935.7557782079016,0.2991343984602975,0.1933324795574184,12853.405019593623,16211.194238870545,0.7168156736320458,1632.4793304590414,2188.2627441034747,0.1540234375,0.1752201002124311,13815.408601605988,19187.382449911234,0.7040334678435424,2750.4534218356603,0.1931739328787907,12829.472238778257,5.92965,633.6606635071088,22.135832072069796,0
8.19790625,8.02878125,43.7943405279438,43.628842700553584,5.309877498364626,-0.7374462515793244,0.6908090272404241,2163.3951654890293,2440.5455559687616,5944.866716251395,0.2959528137983281,11676.087988099664,0.198405859974639,10239.824087285686,0.6659886376700068,1367.8376302797587,0.3056129960067968,0.2143273608691111,9869.263950167002,275254.95927043335,0.7096373839766474,2453.337638778028,2553.32276322473,0.134580078125,0.1999875151914325,10073.32854233142,352550.5604818228,0.6661881366699804,2841.5135430916557,0.2148494295459915,9901.330247454567,6.04069375,432.8311688311688,24.88453954583248,1
50.49061875,43.1396875,92.092211183166,86.19017918186702,1.503884875538868,-1.684415102808312,0.8095823321476836,186.4681440941905,3374.532540011162,34084.577798981045,0.1911086791001134,28339.732388787877,0.1183026297942739,26273.315882324045,0.8098947972853324,118.47409978898644,0.2018194184066368,0.1325355116812152,25602.58167418516,35718.45650398203,0.79810953642358,194.4371748034983,3227.961659101812,0.52927734375,0.1107130786859135,26239.11344173693,41928.81054651463,0.8079518527230214,3981.7241508661846,0.1332946970068235,25471.94560186813,8.18323125,542.0113314447593,77.48126055383223,1
11.9939125,11.1408,49.40277289930192,49.8058160545533,4.269925647085499,-0.8800611620133818,0.7528332054808581,1955.67611693326,1878.6101489244347,9563.385438499725,0.2481432275577783,20779.223166023166,0.1524572052280207,19216.87955242864,0.7344107543177665,891.9197511981238,0.2555753487212265,0.1661030478642728,18262.04808344685,28016.9681859896,0.7430057144267842,1884.7801604004324,1761.6069051817303,0.171689453125,0.1439491978692724,19495.776671553205,33694.78573459985,0.7374154583934004,2311.401769821492,0.1700979365268538,18214.68871326951,5.52163125,243.8602761982128,29.495174780587924,1
30.9163375,25.4582375,70.37647999686999,68.15694704792459,2.31005053055616,-1.3143395646636644,0.7986838743925084,560.6611201740076,2423.430831973899,21946.206416530724,0.1959754370804681,23901.932218597063,0.1207380933673099,22123.303565600385,0.7974255846616194,272.004746995253,0.2073720155085726,0.1377184479690167,21436.41839782567,29196.132133117862,0.7926365888120175,530.2509750443202,2404.498486294832,0.358056640625,0.1153731967911391,22314.580958449296,32976.49215873449,0.7908348504150468,2923.2714486279515,0.1354833292143094,21366.7672657517,7.35321875,503.31751412429367,53.31265654756076,0
7.0723625,6.40280625,36.300931703986606,37.37989989118432,5.76005634849234,-0.946141029307025,0.7167658574054481,1349.0013957741733,3271.436444144968,9888.578091158492,0.3096579711046103,10449.544351927612,0.1903451101539324,10021.01754877528,0.7060411675198935,733.4178181339649,0.3197253116080619,0.2090382990235086,9279.608409048662,11037.984340044744,0.7221236340233703,1516.9614123094732,3239.585954080648,0.2024609375,0.1834000888753091,10096.89689499392,12268.318975496815,0.7050761884440253,3921.962215959133,0.2080475763557694,9374.311736854075,4.98975,579.8521961422263,20.329325784518907,1
35.39236875,27.78415625,68.00659757666784,65.49402715305865,1.9450656096913936,-1.5706019857534037,0.8153637608821027,388.36850907439145,3123.277414159767,30171.342947990008,0.1959660339571671,18298.4890880185,0.1196271552162288,17127.392610499006,0.8159297148270418,188.16875961295096,0.206988447644899,0.1376177366483375,16419.172484653875,22070.86264431595,0.8149588925061187,275.5184555161601,3180.3046543561577,0.4783627450980392,0.1211369287411579,17011.083589860435,23756.810649068517,0.8203279398234044,3658.577234512418,0.1355966825732686,16768.357470627456,6.26641875,468.4648693488179,54.38834189885896,1
87.5524875,81.461025,108.17268301279452,111.5228353004414,0.6438043819576413,-2.062747371749179,0.8295658143687632,96.54743709471636,3356.7575335078327,49064.53448117116,0.1412035225902836,34465.22215791758,0.09113403387531,30930.623371869493,0.8345673976621094,45.81646389794044,0.149270007496011,0.1015978245987803,30696.276164659863,50618.838757973404,0.810972531440086,74.87253151693263,3248.5208876926035,0.71111328125,0.0879129198983618,29972.04129117977,67282.84098711857,0.8356160705384483,3713.613137215394,0.1013103235167107,30795.46732650823,8.6560125,246.33664319672627,110.69978880300032,1
29.14618125,24.06250625,66.11282494416949,66.59110544373559,2.399868912251702,-1.196079737649845,0.8077632852722407,827.8133502860776,1689.3080737444377,19230.673108709478,0.1687148785361422,24667.1041640178,0.1030653323498863,22565.485402159557,0.8151660541499558,523.7304090242661,0.178503777218801,0.1196654298575301,22126.36090488245,32472.103198587716,0.8154142158203112,974.2893271984298,1606.3043534219248,0.303505859375,0.1007007946659143,22988.45211676289,37248.86704848933,0.8136341442128316,1987.0834656520567,0.1203081631646555,22069.311784265792,6.56841875,456.9545100077983,49.48823725592596,0
19.72835,17.93520625,61.77350514140221,61.52999915098294,3.1704704165206605,-1.3243824441175305,0.734268372145621,329.7687650683097,4897.178033753014,18663.85818376641,0.2910804983889821,16663.970050897402,0.175879050936661,15555.06410817893,0.7262139053101544,184.97542457542457,0.3004255669176616,0.1941743709488355,14860.581966856056,20888.533541458542,0.7291676806155075,264.52001420803845,4689.385857537091,0.357412109375,0.1668510232680308,15791.428764829225,23562.92704718708,0.7285633359732007,5947.824084078185,0.1979461166352753,14679.870441325998,7.56510625,394.247572503376,41.99133802021573,1
76.45840625,62.54670625,93.7190011576809,92.5455180898903,0.8152391873263993,-1.84789127483904,0.8398392724260916,27.548400421771223,5214.75076364506,61022.95217027383,0.1784547287449278,22556.725859576272,0.1141323915840312,21114.021033341392,0.847999665315645,18.1062040833316,0.1867396046427866,0.1263529133583088,20857.93767241253,27164.368873441694,0.8371931817732168,54.60063097030922,5121.926251222917,0.8918725490196079,0.1119810736049435,21062.91881804843,30557.108770927,0.8446790038752297,5697.023218986293,0.1242445927509664,20895.427801421603,8.1337625,538.5550974209717,94.43256172543042,1
69.67849375,69.43600625,98.3604368214408,103.3914250182285,0.8478782981677444,-1.798490910466748,0.7920201854132329,125.64674926725286,3338.580369038103,35132.6480149214,0.16985114802127,26356.23747668532,0.1056359952581214,22903.667206086036,0.7996452763761566,72.75758324581454,0.1769159132035422,0.1174348216373897,22810.741799997948,183386.45272440847,0.7794958608707561,139.02906576774905,3316.74318932306,0.5722834645669291,0.1071981821882139,21987.2231246594,379818.3343939186,0.7984183031501246,3824.212128701401,0.1179392481375444,22823.069096665407,8.94534375,615.2914104012386,96.5643551971738,1
71.42218125,52.307675,86.4498589059069,83.32656673351167,0.969084074360534,-2.026418194817297,0.8325365007495944,76.50667261647446,3313.5218446263475,46684.85851542999,0.1483887567890863,23742.55320662102,0.0920886280986221,21565.02556344751,0.8377167332311114,48.68852895023804,0.1572041147434667,0.105075162414488,21302.32684552891,32342.053804622465,0.8315533649937518,116.3293000588186,3313.303896031146,0.69732421875,0.0931829434054394,21490.352562610155,36238.946335041874,0.8391835950411228,3733.734184615793,0.1049580421383471,21275.71936664305,8.7761,476.3646974823829,87.33659246609442,0
68.29773125,52.8704,89.52026921334543,87.20426747780179,1.039022553429831,-1.5289939321877488,0.8001582566862571,456.3528902172265,1455.647391332597,27560.090290862627,0.1002245349047562,32811.057544452386,0.0612949344090333,27446.248704533697,0.823215524050604,256.133566614311,0.1032232099280748,0.0693500363080717,28308.156385886257,60072.19935582639,0.80480003972355,488.48107992286265,1465.8776944503963,0.45576171875,0.0606763306258294,27718.259248121176,76004.22719091493,0.8197495892400978,1648.5703377091893,0.0678666256278879,28251.29197558109,6.24971875,563.3039253292419,85.37564176309427,0
22.94369375,19.4980375,64.68490421511343,61.734378964630345,2.8657002400920226,-1.3748741322717173,0.7570436903284636,472.2598696625821,4608.303676119065,21152.32335254007,0.2735924004050246,17556.02727524344,0.1661177358605997,16438.407376103118,0.7523528069269482,179.21919962445722,0.2826116189893163,0.1825751858900656,15700.763620855469,21558.36115479404,0.7474377945345227,322.0303996327561,4472.552982581418,0.382919921875,0.1581313356768536,16485.32863515547,24638.151105557117,0.7532352017393266,5452.065713280976,0.1851636390878455,15564.038393303104,7.7966125,554.2456223100053,45.506441583802335,0
85.80229375,74.780725,105.28801325752984,104.67050602234792,0.6848279682437938,-1.7605382301612076,0.7945030618997134,231.1471346729668,2108.3338179552416,33962.64761064091,0.1040376594916908,37906.92458936948,0.0656278805630737,31519.952131258862,0.8069443220611066,115.90239344262297,0.1066237703344099,0.0715028802933871,32121.194190880386,77005.93281967213,0.7728064968797704,351.9087725764836,1918.899447106524,0.5298828125,0.0587049712765455,31010.89927333327,107406.24076667897,0.8082808565453548,2280.21607154514,0.0689306508997204,32452.47086276844,9.0499625,220.6351750870508,107.95897459686742,0
72.5046125,68.149,108.67677420463238,107.4118261598787,0.9465353430089456,-1.891256088557872,0.8039491876452028,101.40897881660972,3803.505276701334,39430.07292416561,0.1769579275588982,32394.44028673396,0.113880915644011,28766.510785212267,0.8070632430334317,80.67968715608446,0.1844001931236792,0.1255355053453697,28508.969839615933,82016.01815140354,0.7941604351464846,227.8920012199624,3505.939017930237,0.608369140625,0.1067099718892906,28641.650572426483,140911.9735621298,0.8092232857295016,4203.720578104158,0.1250962141673399,28632.25932893345,8.5551625,532.2942202131095,101.82009244054098,1
97.8766875,96.96738125,118.4363109839782,121.56044784290305,0.4690407767353462,-2.0452722246152617,0.8044365267237386,82.1446988434594,3532.5403683795994,43708.62208619474,0.1386317858054148,39200.77499274571,0.0929603880542803,33510.56855482282,0.8106556146753676,62.092442520391735,0.1446916774076026,0.1020330673561661,33548.03816095519,94469.85719188026,0.7950884943042025,130.258121463817,3311.888940338895,0.674873046875,0.0890107407531119,32949.28097768268,138878.73590229644,0.8109246761341786,3809.074992392268,0.1006050820968665,33721.19647038644,8.079125,525.8661049305509,121.99000959182436,1
68.71743125,64.36695625,98.09031197854397,104.66105698568398,1.0235214816684268,-2.017131804232244,0.8469508366341172,105.00647058015414,3552.1321729334672,49250.42753911885,0.1607747537903381,29182.69652841697,0.1045431783478121,27429.365714821783,0.8480723948181443,65.58396662592337,0.1686848830981356,0.1150550588330432,26916.61464136702,35690.5838470532,0.8356526498542095,160.9422295007906,3416.8128529478204,0.69171875,0.1010212714149056,27180.0965800762,40554.67338208719,0.8483331595226274,3972.0013778119287,0.1156617058849589,26861.70147087455,6.8251,248.05435882608063,92.0004684241692,1
26.24373125,21.8131375,61.05890944202984,63.81993914448754,2.5873599151916933,-1.1016724673737197,0.7626853195493128,996.6544814928112,1521.7525237075558,14140.403716732946,0.1781646924814685,23626.215203426123,0.1042234932881496,20420.648814067743,0.7813404589344559,793.0521419828641,0.1862868226570746,0.1185571558009367,20827.6632838038,36485.58566182899,0.7801132906158226,1099.664776403425,1436.4455566127497,0.256591796875,0.1025092378274612,21259.515101393605,43921.516422454806,0.7774927681732865,1820.6298137515755,0.1182398370157903,20685.51159577967,6.39826875,605.8576576576578,45.58714588365502,0
3.3056625,2.978025,23.97019912930624,24.78746214519298,8.443916026833564,-0.6990711604037742,0.6928357883403894,2968.513638271087,2042.6429710449013,5298.332102391943,0.3055036112357373,8066.49349559379,0.1878289634677617,7874.1119284086435,0.6710467476222669,1723.411000302206,0.3162442767370293,0.2111335898470684,7182.702288879466,7876.148080991236,0.6955333665019311,2777.2718985663378,2087.6132427281013,0.117841796875,0.1907614511254756,7814.076406833997,8741.858954172536,0.667872615910362,2556.304119061936,0.2100923930807902,7075.372394622442,5.94264375,612.5205080158232,14.369252416167368,0
36.06293125,28.58950625,67.04286988736668,69.89655714791117,2.0449201365709158,-1.4954814294555605,0.7895347164328106,355.2849750138812,3167.069516935036,26178.46634092171,0.2033904735419864,19396.9252193226,0.1227082458479893,17696.72499514546,0.7883522422721629,166.26764976188488,0.212892219148442,0.1362761516339718,17274.719222713327,25791.66185562704,0.7822724721704637,447.8148307288722,3120.2704041249235,0.431826171875,0.1221971797184936,17563.887716327677,30811.15500124381,0.7898965498438164,3749.701200384792,0.1378117185184731,17181.09687783848,8.09581875,471.3102767881612,56.082349945150405,0
58.07199375,40.690875,74.61428128279522,74.46517687304835,1.289438017628271,-1.666854651752835,0.8053556445832568,239.73965010180228,2466.3444687429305,32129.698325918107,0.1457356518382716,22777.241704999626,0.0869442496355902,20018.8077752992,0.8140099598750405,143.1852155618158,0.1544065996916096,0.1008545198686088,19829.873454131543,35045.62651998716,0.7971906634307698,269.9224363916731,2432.8129915188897,0.506640625,0.0878293199804318,19642.440880235445,43388.967752505785,0.816752063412762,2838.116373189435,0.0994012040288537,19993.46215294218,8.19920625,450.2600278164117,73.16230869723029,0
43.2156625,29.51863125,68.5690135873329,64.97925834738746,1.739878022344489,-1.4553346456006262,0.8251225648545266,428.6849181469871,1888.983559735284,27544.679554162318,0.1512379260437812,22370.386949959364,0.0917005014667279,20434.37562607717,0.825839721775656,256.19115044247786,0.1570580725841482,0.1012735830364148,20157.00643113441,30082.38046460177,0.8116304037535649,560.9683897716108,1809.1872169099145,0.407490234375,0.0876783044892147,20132.48625498016,36630.941812255856,0.8291992903584182,2222.9857616839886,0.1042247418985947,20066.47477316365,6.90384375,246.64229322312303,59.425924549088776,0
23.53895,22.44535625,63.906113308220256,69.03282725675217,2.802082319061975,-1.2404937417027768,0.7871504355042012,641.1500908540279,2565.004421562689,19099.71302241066,0.2179181598517699,21041.770654149,0.1339531518188176,19475.601180292528,0.790843855119053,335.19613645245937,0.2296773026329153,0.1538984713610884,18844.05427253032,26967.719669476857,0.7891243005952481,624.0477690761245,2617.431361958772,0.325458984375,0.1338619136843794,19328.909829835146,31504.01146217781,0.787113223290806,3073.418802455923,0.1496874195575885,18939.095476879094,6.88969375,604.9311326124076,45.310950879792166,0
42.42755,41.11669375,82.67983836924603,90.73130035339904,1.7810848701951216,-1.4602779923118492,0.7686709087812694,347.7310818679399,2752.383114009549,23594.53981600093,0.1903730822828,26641.5971584954,0.1142353228711729,23144.258332118832,0.7796171088394354,171.77843774036407,0.2005051437603989,0.130731485214319,23193.82353043061,45124.8420006837,0.7668804057012072,319.555472211153,2789.0212840767917,0.416611328125,0.1163992105631687,22700.143460667616,63280.80338013642,0.7762947303824236,3320.240826873385,0.1325767209040886,22668.087804210973,8.68014375,588.0187252430682,69.0791434296508,1
28.59116875,23.376125,63.75300957405854,65.53082894702595,2.4487679793151678,-1.1978562787836864,0.8199683985794425,865.6659043324207,1606.2257690449349,19593.82815268159,0.164746207271097,24323.957835400222,0.0997417966388663,22482.50478165642,0.8158227745585459,588.0400060799514,0.1763393206191175,0.1161364920771007,21604.06736990037,30937.784556923543,0.8092392802956841,1035.5178356583097,1609.5170877637954,0.300322265625,0.0967182524806285,22196.00394015453,35255.5345169577,0.8198946467981088,1944.1193281372728,0.1148920042671016,21746.938392482283,4.96986875,458.6208732694356,46.74757234213523,1
14.69380625,14.5572375,54.29181627597639,57.64066434704404,3.785126826651785,-0.9516990842029752,0.7431946554810697,1419.0499387405048,1870.3421220289144,10471.615927468758,0.2348143931016446,22490.520607694198,0.1372386470928783,20451.661403282764,0.7332093127670958,635.2181923367897,0.2448242492996113,0.1563585065395567,19598.55120094725,29539.81011080949,0.7434242350198628,1238.2248065787553,1887.99352829546,0.200693359375,0.1345820487703121,20625.86212816612,34847.21974599776,0.7362426503687957,2403.982966862806,0.1591357109321068,19362.08774505468,6.04996875,476.94572559981367,34.1744811333043,1
83.56741875,83.42193125,102.97687748766994,116.76920213725138,0.7223565827232238,-2.03414958501728,0.8024371141192299,86.40910721202818,3006.6101172115978,41885.38945239086,0.1416362248866704,31096.50171441688,0.085889740883693,26821.20789847119,0.8183055442368873,52.8352231797444,0.1482254034090023,0.0980994915792382,27018.252391007318,65334.17332781943,0.804871178929709,88.77782066126335,3066.229040696428,0.683173828125,0.0896319727334438,26444.916116789267,85531.2056406078,0.8211242768983079,3487.355133009361,0.100219673258426,26930.42429141813,7.90783125,466.3612662942272,105.28556859027512,1
63.42941875,57.64269375,101.03618908030477,99.532603959676,1.1490222219679782,-1.6280868150806849,0.8106243115694642,349.3366489046773,2008.291454509572,31125.450286165385,0.1348267987673236,36788.05774620091,0.0837542419398369,32279.23094364069,0.824443906050999,156.22646024704085,0.1412380665058337,0.0959740187410501,32475.15124052382,56606.93842387202,0.8096778202597983,296.37365783822474,2010.0897955937328,0.4911328125,0.0842458842775661,31861.663411021527,72678.59778891275,0.819131773931484,2331.5498398830127,0.0944753374579607,32370.08126395407,7.96786875,582.1105488516935,91.17778875634964,1
44.77175,41.75595,82.48961468008767,84.928328177926,1.5709489396906242,-1.785477799832169,0.8255852088709161,201.623721948192,4209.581909646229,39206.45101754157,0.2038117134839853,22047.674762355862,0.1314723021283997,21102.78296767462,0.8250915081511244,109.39080911851234,0.2131576970613641,0.1445032314155726,20807.406682782694,24636.646917231723,0.8268200499038669,171.20745431280554,4161.5762000065615,0.59529296875,0.1302426313078055,21150.08164143973,26544.52003018472,0.827445712312586,4729.92128069708,0.1467350955100311,20726.18176995376,7.94820625,499.11490936802574,69.85536356229454,1
15.13835,12.32074375,50.63155152562319,48.79479805467829,3.7286643494899705,-1.0217589470875472,0.7510113658297085,1086.66607028754,2372.7646006389778,12324.749265175718,0.2454698846475476,17922.877103301384,0.1458155992163163,16593.935408699366,0.7385714141069931,552.8791478577651,0.2568244700788664,0.1639862358441128,15582.190289872113,23953.216797339035,0.7384176909735081,1113.281615302869,2275.2075805880268,0.220546875,0.1419602434158159,16293.546039698476,30985.4766648955,0.7352486106060809,2883.01557904777,0.1643275440701418,15716.726735127526,6.406825,226.64767123287663,33.09491642531514,0
28.800525,26.2994875,72.83454842327546,73.20665582607461,2.440153796015019,-1.310394743179695,0.7816952476251193,545.3407701206412,2913.555886079436,20683.45314823996,0.2193470556714934,23911.73365283975,0.134890175329071,21835.08215070502,0.7814431823139337,338.64697094580674,0.2303534504366076,0.1518675545805252,21175.288603765028,37754.379662064704,0.7833142138596986,590.5985123966942,2915.3717906336087,0.3544921875,0.1353484121075672,21921.4309236318,42897.45867768595,0.7818694478860418,3483.8269294935963,0.1518426682762343,21161.75938777628,6.86601875,497.2316138625186,52.68018038741533,1
57.28565625,53.9849125,94.66180358482028,99.92416172962044,1.3088184083155523,-1.342826038951913,0.8017699886231398,728.7085408955556,910.2445384465532,21560.50697130771,0.0881788919036168,40448.13566916205,0.0528168375850645,33989.680545195806,0.8201385805477404,364.5754918951983,0.0926756660484155,0.0606006202934008,35022.49379407021,128676.61005199306,0.8035094524816011,624.9691086589784,914.2402997870516,0.353115234375,0.0511261201539503,34194.29380832349,204184.77900384413,0.8170870332677816,1081.5964894272224,0.0619649663944542,34651.79638114241,7.84761875,578.3573255389111,84.01007495043005,0
69.30831875,65.62288125,90.82044641962148,106.09519882020297,1.013545101157105,-1.7680852913391376,0.7800910802422255,176.54520687275237,2366.4112390569944,31177.226960659667,0.1455857943547543,29427.928148497947,0.0865588828609236,24841.469476987164,0.7960187399170937,100.96197724963775,0.1502975360035661,0.0966317386745655,25382.28397234255,54442.91564378862,0.785152047345977,194.9017789485079,2363.8353119474614,0.54126953125,0.0866760268657973,25162.168447279037,71316.54093746617,0.8011451079727311,2779.504770913194,0.0992018045884433,25537.48591695544,8.79419375,474.7735839206473,90.8212876361156,1
46.86720625,40.18655,84.83558530178297,84.21418570583877,1.6204383819904804,-1.3682975236919652,0.791138599337868,525.4622828976231,1774.3742290123616,22604.14475212264,0.1438452296396261,31604.3059691863,0.0912570047619395,27090.00705673147,0.8046272870741659,317.1709502589425,0.1493672210457725,0.1015606918868876,27627.95936200623,51877.09943393954,0.7921950685435423,592.0827099136803,1708.2234894062256,0.37333984375,0.0896376415573747,27422.061170680678,64088.313287993726,0.8057772320606797,2029.581719448316,0.1025156664197924,27582.15310296471,7.345325,438.5598469800632,71.21221173754343,0
36.356675,35.9978125,72.96600445923617,81.18591400430769,1.8634561437549435,-1.495321867547445,0.7744559223930622,217.86403575711327,3416.6252916167014,25601.374228714707,0.208299477458325,20086.54161125041,0.129890603192489,17814.45325929193,0.7804647892491251,129.77435312799005,0.2152132531727825,0.1424451829997636,17622.433924946723,31771.01693776593,0.7558367203059605,375.35387819830055,3198.694667329404,0.4158366141732283,0.1259289601342147,17002.99672528626,64728.06288906247,0.7765225574332993,3956.273534124995,0.1447016192590507,17347.899127994864,8.80605625,273.3257237729584,61.33220892218379,1
74.777275,66.77463125,103.25822848755789,103.04263069320642,0.9025681315135974,-2.0540758928386342,0.8102137700150627,42.98316524337623,4762.448278526991,47639.48631451499,0.1873076510544702,27747.62376186612,0.1191978611069281,25185.021935090823,0.8201498038758324,29.64295744550949,0.1944160232104544,0.1313087958655346,25087.028086537604,56652.85218877831,0.811859077665743,58.31937680054775,4717.0787008926845,0.755927734375,0.1168452344494456,25219.04119503586,70000.21463175165,0.8213929226470542,5380.61734047735,0.1333296550925748,24985.69959515494,7.9185875,596.7977672820952,99.0498900000362,1
57.4829375,42.86978125,75.74452676295228,77.37418989448062,1.2631820850629252,-1.6951839118913623,0.8112081502549559,174.65846197372375,2594.983519884003,34831.70486092692,0.1563603355559245,22050.20313688045,0.0947664942510206,19653.18299327436,0.8177829597288956,92.10715660191087,0.1650717917729581,0.1075431223880957,19611.202324867296,31795.897578769476,0.7930408366874151,264.80590771964245,2436.5246802761376,0.527646484375,0.0902005266580703,19268.173635894374,41460.15918639299,0.8127537386508963,2971.336205440108,0.1067732914891142,19520.291130580918,8.90290625,476.9228051234235,74.51155569910289,1
49.51725625,48.26951875,89.66796290338819,96.61166345681768,1.5274292690474942,-1.5264899940725822,0.7890934247310912,393.6601370132855,2432.157871697783,26532.211057366105,0.1686357899011551,30304.53459257152,0.102838640718112,26591.13146103813,0.7960189170125205,173.05119702361696,0.1788366458762109,0.1183370820802537,26271.793187475047,53488.40820122937,0.7856922034991918,335.2006669630947,2468.712227656736,0.4392578125,0.1060423215028987,25976.96719800827,77581.54859937751,0.7934713916065441,2887.769666585147,0.1177354203960834,26213.01697730847,7.69916875,575.1278966365015,76.43848364767204,1
85.44778125,73.70516875,105.49254336435276,103.3383328237108,0.6911299175752628,-1.9162855762158435,0.7905179035320299,103.55445916737148,2538.8426839582744,37149.03555430254,0.1350103995502464,34224.181060677256,0.0848380308568224,28715.828409685724,0.8069970197469847,64.5717868338558,0.1384699961492524,0.0923678453112927,29629.84865085002,64305.61396806882,0.7844456971248239,164.71374689029773,2460.578685498756,0.608447265625,0.0816436601759876,28528.562750758272,90496.69554610385,0.8100371339653908,2885.1102873971768,0.094794488041071,29540.66133456447,8.0847125,455.6401279879541,106.60497781504856,1
34.17665625,27.94314375,75.10543077391873,70.77230257040416,2.141358955905439,-1.5586742750737672,0.7751460084050183,180.62736227354048,4283.383639392132,27225.88428715376,0.2324008677254127,20444.19591190442,0.1415315344852627,19002.365997931025,0.7740861630872773,120.25573478782252,0.2443671472359269,0.1604500535238416,18323.89202345248,25857.229971761248,0.7752474182098049,195.7996879226048,4161.556954124623,0.469384765625,0.1381550523586827,19153.162663717027,29181.458067200667,0.7741234994835098,5135.681389711824,0.1618226003582769,18153.302663499227,8.6937625,475.0943119266055,58.57510298856609,1
57.49823125,54.2746,83.71182439027967,100.14078499712292,1.3038862617736549,-1.2289888561859343,0.6884639847394745,1032.6644788471142,787.1207819076835,12292.84711421845,0.0962449184711563,35168.95063137619,0.056844823133461,24744.595192022494,0.7451728401552479,549.0022491861497,0.092102685912577,0.0593314254150637,28087.848694982185,108151.70944066292,0.7230329459055015,968.1897795723836,796.5833057523002,0.29505859375,0.0537538411980208,26884.28530009133,152671.2809293705,0.7448651465531877,949.9229542097488,0.0576092545048305,28199.470115428016,5.5976125,685.6055760557606,76.94293846091223,0
78.01131875,56.89428125,104.33510960272264,84.85916040590959,0.8224976549949523,-2.096589919131146,0.8662797063729828,72.38310183703514,3111.6552646738783,55535.36402739551,0.1378792084057614,30276.173641426103,0.0939150529835047,28537.156895603952,0.8694065543777736,50.39575375762686,0.1450163455701052,0.1038161678850091,28260.58162400066,36297.48686690808,0.8602392255307688,103.68726273920424,3042.082932770169,0.753740234375,0.0901927359540429,28605.90888834725,39386.23980669319,0.8706727561110718,3376.111566196274,0.1030040182316794,28292.80584822801,7.69076875,478.2917558108136,99.42158774067676,1
20.65985625,20.32699375,63.97329429064521,66.73214869039855,3.0551652044398936,-1.2383470651689017,0.7546437750671339,528.7878987372075,3569.965348016039,17688.205398288348,0.2584150431651709,19944.97211083847,0.1583859907442074,18468.50573029749,0.753926748667243,305.30644981619696,0.2674100806391641,0.1767458930132726,17833.97582764525,25115.76657012365,0.7531645174324886,540.2933128834355,3451.6691411042943,0.318359375,0.1576790354933088,18298.50931317034,31889.524969325157,0.7549040112378219,4212.387688113717,0.1781160350367321,17741.637082815527,6.26388125,558.0126926563916,42.63418506300956,0
72.04205625,70.0718,109.3169295115404,111.012023142811,0.9598790469770522,-1.576777760489939,0.7809201077239415,262.2797163730125,2388.501418134937,26453.79394069617,0.1551875785600034,35257.29621830683,0.0986646061302065,29705.82364068892,0.7867526386728839,122.5689069657242,0.1638343496702917,0.11255139759069,29371.560333557474,375894.460768441,0.7859275108315207,271.55354151453975,2511.8586400927798,0.45470703125,0.1036701055030217,29063.919296360706,777586.2768137108,0.7844674696828111,2846.726357989164,0.1139589211368021,29148.27728738451,7.96554375,511.81449512232496,101.74914844127092,1
75.87046875,66.18588125,92.99792924963415,96.78335912960917,0.7869013498845944,-2.0759703256353905,0.8371569230125198,105.04457059047203,2980.328100385681,48504.24528763105,0.1350694132589484,27123.03093595524,0.0865347088397983,24769.42380837348,0.8599323695267252,64.97918040269818,0.1415624214218159,0.0979473878303764,24982.683530449805,33783.16641730486,0.8565448914828315,123.21771873301248,3007.638638081222,0.736552734375,0.0863333150174922,25365.6399232475,37275.156159261765,0.8561576648083686,3380.359993896469,0.0967413488531198,24860.736481644864,7.846775,644.1758402592652,94.278876008153,1
2.82878125,2.38305,22.180625260326263,22.179484838415437,9.382157302230926,-0.6181127007237249,0.6985401328611285,4843.217077175698,1457.0553913519432,4134.068199233717,0.3021882054819776,8960.063163656267,0.1785056140274135,8702.707861918789,0.6773686688565891,2965.71817562968,0.3034280409980219,0.1964337251794543,8044.959763963663,8611.464844889624,0.6997997739704106,5071.71566159571,1441.2313669694647,0.089578431372549,0.1759140121783042,8884.064965607888,9921.79282040057,0.6766599660091565,1837.6783489096572,0.1955456485427436,7964.472682045671,3.992275,448.9684210526316,11.415929581313003,0
36.209325,32.16810625,78.46251871428977,78.50675955953545,2.047479354119459,-1.7028759913315457,0.7706487117076577,96.28197290725946,5968.903126085446,31826.429246266063,0.251741150783979,19242.12822160472,0.159440740303677,17968.222309045617,0.772813794508438,62.541360294117645,0.2637019655483587,0.1779609456603951,17354.64970513129,23862.309053308825,0.7779163574494131,168.78817821852817,5541.35272714301,0.54751953125,0.1531622167849257,18520.25559818224,26479.875254164734,0.7690605955520833,6728.422934076138,0.1764770166572162,17453.71741773649,8.52535,533.9834566826295,61.76593818955723,0
62.52865625,56.48851875,99.67685330910504,98.57822886256832,1.1783111147067111,-1.6995139095659666,0.7665205737532295,170.5146152743946,3481.685485026508,30474.763863017622,0.1826066359477408,30388.284048574293,0.1137662653052858,25892.84011185968,0.7716535932066272,84.7961250253156,0.1895321874783635,0.126222962064387,25966.100744542127,63654.22907243637,0.7561072158050327,173.22543047356808,3332.940742696566,0.517802734375,0.1134540724597861,24945.05281573116,98647.20164834127,0.7778951501093877,3980.3979399342247,0.1262244629826952,26174.50038909704,8.5797625,451.1532473072411,90.40631630047127,1
70.74471875,66.859275,92.15361076804024,106.24560471602756,0.97877642655864,-1.7289383610129443,0.7869582305789157,250.7271177647669,2187.473949455273,31111.037426813906,0.1306783347385233,30999.2480545468,0.0767481099300618,26107.95470860066,0.8033756554580471,157.2916809664356,0.137460516136863,0.0889760725620987,26408.925351165748,60007.02970348,0.7809894440619324,298.327849677395,2190.369618533751,0.51763671875,0.0784974248647733,25578.912226633845,85483.59681922801,0.8040924678959589,2554.05973848389,0.09025597707119,26345.96650602544,7.45214375,484.2887316276537,91.19816937854264,0
13.68310625,12.5582125,52.70068099799417,52.392788256637424,3.963687645437728,-1.0575533914757247,0.7393876531524134,914.0893911547336,3290.055253587768,12969.66828295468,0.2803272263867069,17516.878230946702,0.1673789310677673,16532.773928296105,0.7296180721430221,456.6587113908393,0.291012782870634,0.1872495708842322,15590.107150956492,20685.570269581985,0.734508531510693,1082.4316465409313,3083.103792253948,0.241806640625,0.1625858238903163,16777.57307434231,23681.66358386172,0.7257596121907122,3989.5738595220855,0.1904250727764527,15368.26010915776,6.4975125,563.9485972850679,32.915398420919644,0
66.6310625,64.988525,102.75085608168234,107.5215831511254,1.0732339811918292,-1.9566688767190217,0.8366369406608819,143.26029148926895,3641.919193827286,45298.58351618012,0.1724629499899487,31302.811476481784,0.1137668293872521,29037.303294921745,0.8360414428791209,69.97762688134407,0.1801301874971625,0.1247050805121472,28364.742386941747,42812.82471123556,0.823171600780532,106.61758881421028,3444.5047107537207,0.6509375,0.107231395056652,28839.456052681933,50823.09224975996,0.8360392277727821,4038.054396705098,0.1240370542405084,28498.332977651087,7.9721875,240.6275729766164,94.55041435831872,1
39.34555625,27.76810625,64.5595150464909,64.84215242832946,1.9074251982364565,-1.3654496501630555,0.8015450195536113,482.2389094269871,1926.1860238241936,23381.231721092627,0.1586479495467532,21248.48128465804,0.095323891951913,18765.31511745855,0.8019328014020121,315.62680973028586,0.1676813152084371,0.1088686016563501,18381.093041188276,32657.72479851057,0.7964193104318273,590.6960270856478,1840.7548537269215,0.36919921875,0.0933075510453212,18559.591432004563,39601.42987885521,0.8119140485175238,2248.765613696648,0.1096509774207822,18703.162438760824,7.31698125,387.8570452993399,56.17413118973371,0
52.3789125,43.0180375,82.4220430580315,83.53751252969288,1.4291787291484104,-1.6371087830057396,0.8036483107428024,194.0664450543079,2569.2468014379037,31238.659734838235,0.1633595878015856,25852.937149704303,0.0990655828875324,23303.299802024343,0.8079686396788909,137.9762493634975,0.1731823819959734,0.1142981049855028,22820.012777087813,36508.04642831163,0.8023140549433272,309.84610878987854,2510.8987855831933,0.50017578125,0.0962128925092068,23274.231648259956,42491.81121871217,0.8102902141987981,3027.9454743531546,0.1126655815977018,22987.429786729357,7.7865125,252.33264071662745,73.7203549970539,0
50.02821875,42.29781875,91.34854871430636,85.50300724385166,1.5178001509607668,-1.4231891361557505,0.8130087649019352,413.01091337654685,1651.694590453742,26262.581991750147,0.1393513276560287,34112.51342368886,0.086001333749396,30303.99115847226,0.8165752675573311,240.7739873487959,0.1469564545848182,0.0981916909521343,30093.6081165897,51024.66083675508,0.8025446526305133,468.1062566380226,1595.9267645070966,0.4045703125,0.0833371633039959,29741.030767666296,64800.68398184802,0.8181283603768258,1923.6688262702464,0.09632620262924,30298.49802412943,7.4632125,258.4819870217051,76.09998350223984,1
65.2333125,53.3164125,92.6831410579877,90.56011336747456,1.113095686551356,-1.8105919118287603,0.8047958192748115,201.00491086444669,2864.4736629667004,35952.58627648839,0.1503343709132797,28520.20295997309,0.0918294593306506,25084.029232592824,0.8201133190604296,104.3670513833992,0.1572151711591583,0.1035016155861315,25278.38289078981,42622.86202371542,0.8132685239833078,198.0445738073884,2777.9427174115376,0.577080078125,0.0891054616140974,25489.434258831174,51322.55476960046,0.8194183566294055,3237.846263367715,0.1037711685711628,25154.132802727872,8.2471125,467.9160023999314,87.43195555800294,1
74.34829375,66.72528125,102.61560998665648,103.38627501200727,0.9078026032516394,-2.090198440974132,0.8306517800612438,98.21511208485852,3786.592513426136,48487.46632110509,0.166962822927701,30371.062000694685,0.105702662432693,28002.692356476797,0.8323084344424995,53.31126644736842,0.1744268144966877,0.1163695269207682,27653.12146050145,39848.70169870477,0.8187973905157376,83.67678721963489,3565.9321595887286,0.706650390625,0.100442504352625,27811.810588783275,46818.63687621785,0.8362378581202735,4240.741743277628,0.1167591875680659,27791.118759180288,8.55844375,462.08451002728685,99.2204285115939,1
38.65095625,32.841775,79.77487052932317,77.2641771932464,1.9382022850455405,-1.6819506109645226,0.7982234588579492,193.007003104469,4660.394195364956,32975.12706663779,0.2333884084416529,21152.859414482708,0.1448862252040547,19919.57318098329,0.8029780285954345,140.71499702608548,0.2436355534821409,0.1628756640633328,19315.387209430828,24770.26370974594,0.7941867101550605,265.3495415190151,4543.821941329047,0.53462890625,0.1399454300717831,19958.38046911168,28042.03375589084,0.7933483937690953,5293.929238846958,0.1583084790125009,19279.52354076774,6.79125,483.8807548810085,62.01485077017991,1
36.49223125,35.57966875,84.81849370239719,86.1326667292397,2.027250603510899,-1.1740283524000714,0.7647477863392923,746.3365671892309,2122.898150323945,16218.545402665412,0.2003615352533711,28522.171371982942,0.1201487600150692,25027.271142906982,0.767585713033469,377.4835363795378,0.2095211951323029,0.1379582787163494,24574.582064316248,259297.1312179704,0.7585736585215177,642.0790148794254,2138.1621686334875,0.285498046875,0.1214343292586396,24201.86769250731,584089.3181802634,0.7514679398798516,2552.688393874193,0.137119626598945,23638.859715211533,7.3666875,475.8414310619268,64.35194844151536,1
52.2613,46.892575,89.65210431300538,91.81788488562223,1.4502204330407873,-1.6804963642551771,0.8247830861263374,195.3463296972315,2946.0996147892142,35497.46394499046,0.1735259318657334,28566.594160636498,0.1074752676431228,26619.697410162647,0.8255560651332946,106.90786230197722,0.1826295460783949,0.1216914140585409,25995.570874937468,35881.45703401079,0.8107140141045045,285.3267130089374,2749.281051507373,0.521201171875,0.1024923862991881,26316.517375959247,42917.62211687995,0.8223100366465825,3373.773769811777,0.1212048259048586,25990.919909672622,8.07498125,232.30872529678467,77.83909705681347,1
71.99834375,68.1817375,109.4296250781308,108.03597107667932,0.9557726130173592,-1.651702181848545,0.8282977919195751,349.3426203824301,2314.333220076637,34115.5372142628,0.1310456749974445,38973.20901523303,0.0860939564915028,34753.10339643696,0.8304142978191651,161.573402417962,0.1376780875631316,0.0958546524391686,34496.77457367342,238241.03914795624,0.8199092022802956,287.2838476615042,2270.2921102186697,0.50822265625,0.0852215235314498,34266.334851670144,293020.61934591294,0.8319054327021279,2567.0530910003404,0.0955733565652654,34611.1701488266,6.82530625,476.3183165382336,100.45556900312968,1
15.5569875,12.58865625,46.8627520353252,47.585008038975225,3.537234822953514,-0.98490024912889,0.7531393482822832,1578.926331415847,1840.9474856188533,11362.86036370384,0.2214610077837627,17266.413620337724,0.1281472009022006,15690.148138956843,0.7557327739851888,710.3686801268146,0.2330316856248296,0.1504559807976026,15016.568342317987,22396.594401802104,0.7649040282138534,1248.9011286681716,1900.577065462754,0.21630859375,0.132848071436263,15930.609149549864,25343.5883972912,0.7577321137761227,2374.219528423504,0.1540258121031393,15062.289620915086,5.46611875,473.49344096871846,31.37153544556054,0
63.68843125,46.537575,74.47158207738303,76.8543879724468,1.0582006915168185,-1.871773439563964,0.8546431253634386,243.87214030731025,2449.0984944901443,44423.671581561386,0.1298131131785571,21143.16917584976,0.0823645096764528,19555.26595929353,0.8606013352855427,101.10717738936408,0.1375583102593436,0.0936235703369545,19247.228389601605,27131.316400148757,0.8467505842849168,237.1781754032258,2431.4915574596776,0.6224313725490196,0.0828676426280049,19276.31415536908,30749.9974640877,0.86109272453314,2720.683434997241,0.0913363502027154,19426.565897586344,8.25644375,475.018922852984,76.78711514640042,0
72.60853125,68.83824375,105.6843937105366,108.4001241519842,0.9416670742699126,-1.704896237737637,0.8290141886408292,235.23084422618615,2043.592294359789,35735.09767458656,0.1160949254970399,39044.328464649385,0.0753217120432257,34589.14326122518,0.8347275021293488,133.8475422823878,0.1220254322298577,0.0841332433746367,34487.9421270876,70799.5165340498,0.8195063489104278,297.8586868970685,1955.8058443382968,0.521337890625,0.0737540468081957,34024.1697263449,95590.688489276,0.8313322084678381,2255.590231415822,0.0846325619764311,34402.55865601522,7.352775,539.3251992842038,99.4218756425041,1
38.69505,34.31794375,71.73482240777243,77.91784787853061,1.8688034630513728,-1.731487327472483,0.8041157654454404,224.4776345716452,4092.919036620413,34282.70030149691,0.210844797315641,17930.780436200785,0.1285240439883416,16762.827348307852,0.8134294599042327,110.77228862182912,0.2200559660031129,0.1442853557371876,16505.394453497942,21041.03452414224,0.8084193680891208,240.4858697744413,4114.14564194096,0.5602647058823529,0.1289703377257167,16835.142132894412,24087.75612018129,0.809366707031434,4823.300156675187,0.1442911726137689,16290.832701082249,6.9727,640.5547215669454,59.27948851732509,1
23.22310625,18.25831875,57.69623836783544,57.10654704299147,2.8360626318613096,-1.2848339827019677,0.7642921187412327,426.93687501760513,3411.246190248162,19283.237739781976,0.2466064103713904,16197.6914453114,0.1486112612611997,14759.507325104234,0.7658130199588136,311.3506691557332,0.2555988707316242,0.1664705787291288,14461.435575086312,22489.878289906133,0.7594663077363447,624.2072476272649,3302.285303422491,0.33955078125,0.145374780548077,14764.254476459031,27638.96160483175,0.7637330118558917,4049.6901663906633,0.1659856129365697,14200.457386103306,7.63051875,544.4301801801802,42.85218407743968,0
82.6887,69.62196875,97.45952518517302,99.73824748372122,0.7395362863201309,-1.963786723285744,0.8406019060603304,52.21128377498728,4050.765140307481,56146.870805865576,0.1549157385418081,26865.65070479211,0.0991874385701354,24746.955309474764,0.8490424631375211,25.485020813903237,0.1613321483916493,0.1093052489102624,24648.443567805152,34541.91751779987,0.8446888128193257,66.87647752026568,3940.863943148948,0.820400390625,0.0968183574783264,25024.46986752292,37665.91469961552,0.8513696381968128,4452.408577878104,0.1108792320651909,24646.276953352128,8.51930625,461.8719266564801,100.47262198232308,0
65.97995,48.99413125,78.0234896015136,82.44962581363103,1.0931654408963218,-2.03469484501801,0.8404247386116453,90.20628772635816,4215.386192152918,52841.99046780684,0.1687071692864352,18723.337801810867,0.1061927646475667,17360.484553297163,0.843985633320592,61.369019146017216,0.1762555953120176,0.1179364656267182,16991.39965478505,24001.674226328505,0.8292225627027133,132.2647187540224,4110.294967177243,0.75869140625,0.1037669367631708,17225.372620869835,27024.399189084823,0.8422804717320157,4696.007922235723,0.1183501323971888,16991.159902861134,6.8252875,528.0653386037014,77.7450915928668,0
25.567575,24.9385625,66.70171886449029,73.07991388154198,2.6439535693068006,-1.202285078389221,0.7819474071520534,660.7777669556183,2138.3084640109087,17577.1854485244,0.2011399764562657,24030.69539950001,0.1210376124113526,21949.987819058213,0.7828024711917365,390.9705847040461,0.2126141564356289,0.1400506976426105,20973.64744697687,36118.91655660944,0.7932714732140606,667.4240301896447,2160.707697719786,0.305361328125,0.1235517073542819,22098.372366322277,40159.64565544149,0.787205159139372,2597.999195302953,0.1375756858957326,21413.226525406677,7.02086875,470.158329830461,48.35827247268808,0
29.93708125,26.560125,60.67850637836544,68.84145133917772,2.284986928596279,-1.7450222972098652,0.7916912890764194,134.44273439387143,5422.692639497567,33906.98895752096,0.2424189603793383,12925.094482211256,0.1494532809009741,12313.649271227008,0.7938007584566008,72.10621278252827,0.2548438515647867,0.1689783899713986,11784.426584382103,14511.27307686067,0.7879197260760364,137.03631294650637,5378.775500958355,0.567094861660079,0.149094672650307,12262.304196405496,16189.78558982401,0.7908587203255246,6304.735731141672,0.1667174484746346,11813.202550785783,8.1979875,572.2441480174917,49.78357091585976,1
47.424125,45.776125,91.8682980242564,94.55174234240413,1.5895731757826554,-1.394601769936712,0.801826264777373,461.9276285952978,2289.028738512949,25184.906289533355,0.1643372187390807,33114.21179138322,0.1076509073535538,29315.116003056344,0.7911826269182487,240.1195072623644,0.169735891374386,0.114551756298304,28876.20294187534,67341.16383986027,0.7863578662733838,442.8307235285232,2148.7300236644683,0.38791015625,0.1027113378861607,28442.85543347952,105497.16628065052,0.8019532493513398,2550.901415479539,0.1173697157100225,29192.552505301133,7.681175,389.9904964771424,75.95909050381844,0
72.90256875,69.24258125,88.67064609249218,107.73157538803164,0.9373593363633176,-1.8325382550604212,0.7815053303409426,143.66848280927087,2726.0323318929445,33273.24857811406,0.1481261790605658,27235.650668670685,0.088952219016212,22820.19184352845,0.7963564067260985,79.8619084317642,0.1516808308337838,0.0983842163618585,23413.14318190352,56218.10646262248,0.7793545657103654,147.56068846815836,2669.4524268502582,0.5673828125,0.0874387077302769,22906.328794786543,77664.240464716,0.7967575198494069,3162.300540117417,0.099933052877186,23372.752108835204,8.86338125,583.5157936040808,92.07402245705777,0
84.5258125,79.09350625,95.80176067977234,109.81086490111628,0.6954597874921548,-2.026860269821746,0.8323347417092,120.34798165867105,2985.1759389329163,49084.40788253068,0.1341940301331145,28516.703636460017,0.0848542114376009,25449.750601435087,0.8437643348093098,56.11655477075898,0.1401885518267736,0.0944907377547346,25528.512595931432,44991.203384331246,0.8318658297292573,106.99323992296964,3009.971246430706,0.735302734375,0.0856497274464919,25338.915487836475,57713.49561059832,0.8403857841674713,3334.40054543855,0.0939979260729165,25485.492137427555,7.99315,580.6831593281886,101.12257681230491,0
54.73586875,37.91545,75.18510558027326,72.00566975105156,1.3770170607730066,-1.6946073724623536,0.8281886874786475,284.5481051677244,2511.5734179510428,35498.22962828649,0.1496348286308398,21787.59167724388,0.0933639629962763,19601.27693301991,0.8339166181962958,164.96457822165394,0.1561035794531453,0.1036716677949841,19426.587970077875,30982.50609945744,0.8233445269998588,297.56172782846545,2477.5904209424853,0.531962890625,0.0920132870153795,19550.074086542387,35702.859288087675,0.8319474222588897,2851.998549773834,0.1042422520460025,19366.14121954251,7.66541875,564.9018250203017,70.5537455192564,0
71.02175,56.658825,92.43424873666872,90.70479796912274,0.9791322021848669,-1.991357081852794,0.8292888479329767,98.08518337689192,3271.9667997357765,44948.68103621586,0.1535093951263626,26515.808222522188,0.0973604832729123,23943.59533355251,0.8330469728794594,51.4074378579846,0.1609974735581647,0.1082044186312497,23730.520045173136,37170.61988544493,0.8268577321632323,141.3620983834119,3251.605569854536,0.67537109375,0.0973796115594581,23809.071494876112,42428.579947366896,0.8355938197753782,3662.69779746524,0.107612589924029,23834.15742446266,8.2794375,466.15259934034873,90.4376265589489,0
32.31665625,28.04271875,73.36463110435095,73.07357341309098,2.22955284102078,-1.443505477321568,0.7926547669965962,295.1920787492762,3371.435483497394,25345.19349160394,0.2168238285692968,22167.34056745802,0.1352962638660186,20649.05435899279,0.7982757084406287,169.3007222870983,0.2286829297630655,0.1547068158090982,19953.078891854635,27118.379114225165,0.8002771831132574,464.4255704370837,3305.241962814234,0.420712890625,0.1337570625445184,20875.496550546097,30167.603142916832,0.7980226440572955,3911.704891268857,0.1522475800975307,20206.421511149383,7.962,287.239041442436,56.23682374275269,0
84.77131875,75.16065,103.9649802149713,106.17054242621867,0.7025182514859122,-1.7430884783122995,0.7658929374982363,176.29851018768713,1884.584605272767,29822.234608924267,0.1128270479930422,37009.16261958665,0.0660354861987826,30098.293776850474,0.7921703218125644,107.66240232121072,0.1179959414161052,0.0765215994052809,31158.874686497573,86774.03509842066,0.7798598921003216,225.62913482605677,1901.3790234952528,0.548232421875,0.0661718188877994,30850.572359738297,114423.93756568518,0.7952367959161258,2217.2268585289103,0.0758299041567271,31394.14443395711,8.98730625,496.1350894967917,106.6643887737854,0
8.9181625,8.41005,43.66360264814212,43.8056174650866,5.047076548265913,-0.7660539146823376,0.7260916828036768,2611.003210741389,1566.3293928779915,6706.0323992994745,0.2584729560831837,20578.27408056042,0.1518015925820924,18856.40814339716,0.70508581678535,1699.675582854501,0.2686455747561996,0.1713798103740116,17601.253503890486,28915.312000528367,0.713063752063267,2499.770077576653,1552.0693756926487,0.132177734375,0.1468890881542294,18757.286892712727,38044.27979312893,0.7029316273968655,2058.640813648294,0.1747129992640013,17343.413675109892,5.68425,269.996696399075,25.134567765184112,1
60.6887875,54.27026875,92.20932290272847,91.75740541532748,1.104020657718726,-1.8504103123343243,0.8440349424295635,181.17159191812192,2894.3143177605034,43118.21200130855,0.1517262139713921,27518.876793419844,0.097560631419094,25735.77153404478,0.8518469369578326,70.79029447381635,0.1594270791366033,0.1095308201594089,25475.89509100022,32937.742711994564,0.8474034272622399,112.82372865555227,2860.176302419167,0.628525390625,0.0942532318679356,25972.524767570307,36387.37555351843,0.8467934092004976,3269.9241834338877,0.1077611996233524,25322.651735067397,8.3758375,571.7862196582128,85.66235662912632,1
55.1516375,46.56199375,84.05499529088432,88.0781488609687,1.3624472368947402,-1.5409872777340368,0.8194918095309668,476.7029492116076,1696.3521629702927,29243.69017144578,0.1304742331510769,29798.62213091832,0.0793849381597788,26443.56081857199,0.8351783019058071,194.7304170905392,0.1370052302033844,0.0908793055525419,26636.73358479416,42804.61851475077,0.8261166825745639,418.6767901391448,1699.9832899167673,0.461103515625,0.0775300716916796,26864.302652146856,49654.29756231866,0.8293008229925544,1962.0824335213536,0.0887683766681069,26493.03101359639,6.5297625,598.836934386331,75.2080134711411,1
70.02875,64.74121875,93.01815431999604,104.55740517062696,0.995585803846387,-1.6427661068575292,0.8297912111099692,346.3332943287308,1386.039433653171,33118.099929791715,0.0963480485968881,35652.59928621577,0.0586923109358697,31292.139410709187,0.8414208764956328,181.98341301949247,0.1022604221747285,0.0674550397165547,31552.55605689171,54608.75980139757,0.8190316225599032,387.4019700662732,1334.2985113711902,0.484794921875,0.0567649249087382,30960.260513269423,73451.10557379691,0.8426567584022189,1578.517793528958,0.0669298958749035,31759.945225444106,8.23051875,477.4991810195066,91.811055397041,1
58.83446875,60.66285,99.1366800355827,104.35927877950049,1.1798820156163603,-1.9059579334758388,0.8117103037032175,117.864604246517,4126.018951146803,40531.03671594573,0.1860842573848824,29113.247992334367,0.118325556030613,26829.995057685843,0.8227295426532987,51.00680465791646,0.1979474762642163,0.1367424180945495,26549.38862365608,36306.288557355576,0.8261560936245558,100.58709031479135,4359.279925792868,0.66326171875,0.1234115318610243,26943.65761004837,38858.0490297123,0.8263484219965389,4827.671713598415,0.1369649866202873,26701.85308230461,8.4231625,489.61705599216816,89.08726578452506,1
10.8447375,10.179675,48.97353886181163,47.98782897146292,4.522661207019462,-0.7662841361621092,0.7519989401716596,2341.431201686578,1407.044413211525,7499.910189739986,0.2300785473819673,25527.152565003515,0.1469045938535548,23636.915823152976,0.733535050332447,1383.3412646246877,0.23739333725264,0.1621201591141128,22187.49543546865,34386.76771394768,0.7508972811565565,3067.9698618053512,1266.497500735078,0.1328515625,0.1356781297841635,23787.59400574861,41655.9829461923,0.7289612240360758,1674.488883006882,0.1606179830964826,22166.14786810916,4.60075,511.61434450323344,27.488650480528605,1
43.38448125,40.9625875,85.58623898149457,89.73217748001463,1.7465408106805498,-1.6103084402679242,0.8010631316220205,313.8151751736043,3441.118443250029,30558.37267056377,0.2000101063121191,26102.366648358115,0.1253687169823827,23858.76399893617,0.8037313065501006,174.62653197652827,0.2098706508848792,0.140834664374808,23316.47423885816,35034.440633588354,0.7960213588182697,257.7677687270404,3362.8610844912955,0.489140625,0.1232216851974257,23714.70159637951,41218.05440424852,0.8032644401516544,3997.00189422077,0.140859113125924,23313.886454998243,6.37799375,564.077603104124,68.4342894154373,0
66.611375,58.729275,102.62824029747412,98.34007637008614,1.0771450862298568,-1.6411765227422856,0.8147333063695328,223.62199691845316,2148.6302904643244,32677.00878811512,0.1269339302726208,36777.940309296,0.0810382592863926,32390.56552877205,0.8183215088937897,150.7315659858033,0.1342174432400004,0.0914778157555865,32122.453948453254,66240.33961683325,0.8101762171018624,293.59163019693653,2066.524109096593,0.49984375,0.0781082383842889,32147.293014657105,82252.986148015,0.8179722653734677,2422.1331413982293,0.0922895029050436,32051.50879566929,8.622225,472.46663590216895,94.44324708607827,0
50.44023125,49.22533125,82.8978282796319,97.32267442419456,1.507951716123724,-1.6128821795780652,0.7875760743558141,358.18747880891124,2962.649813518419,29000.94790482459,0.1802762566615965,25225.645306049184,0.1067265310053411,22415.125562534216,0.8007291251172558,176.88915150955592,0.1889549037720544,0.1235415480818664,22175.79112628,50218.1813498292,0.7959704786182421,349.3897994177932,2933.5041671651315,0.48978515625,0.1092577322327791,22520.07562109821,70888.69511903338,0.7991382123532826,3491.739653958727,0.1238118374650101,21990.3596178002,7.270275,482.71011418513336,73.47027239901465,1
9.99300625,9.178825,46.14949881307582,44.9705820133493,4.745239515016734,-0.903610083355669,0.7204718204854452,1573.927752293578,2675.4674728940786,9232.023561301085,0.2810850508011653,16941.174833194327,0.1749038948001809,15739.599525341524,0.7093139355337374,754.4642719196601,0.2908325824825294,0.1937273009063438,15067.194053361229,20878.9524430282,0.7284993184308939,1470.04696485623,2500.307348242812,0.1833984375,0.16724602360043,16322.968956915049,23416.07928647497,0.7077251772863467,3177.843425605536,0.1905881413189237,15171.570703727666,5.507675,456.97505073415306,26.601100236292268,0
62.48485,58.21931875,86.07634566577273,98.86855923667493,1.1245919317679225,-1.537553498853481,0.7761257011023459,391.4578909186836,1814.8053155707971,25491.30345797885,0.128504666068984,28875.714656290533,0.0785083154136206,23653.72194280129,0.7863070242954243,190.0232265910012,0.1308741663054677,0.0861623708594909,24128.92888465571,69318.3645115525,0.7634138398971394,393.6288422996374,1772.455175985768,0.4388043478260869,0.0761952797419119,23054.59427441292,102527.32265183415,0.7896872211972452,2068.4910989697787,0.086129103044281,24285.661177833976,8.9365375,467.7744771142771,84.75105921834752,0
66.18085625,57.21718125,93.97788088735297,96.18758379361988,1.0893562978813442,-1.7778537560785743,0.8001935800465667,168.32563886934284,2802.406353510564,34822.15959290851,0.1515429183697901,30129.966533372237,0.0923773957606535,26446.652262938016,0.8093790961907857,94.47933911019142,0.160919101199994,0.1059880456203515,26423.770871288885,46400.80430354372,0.7994483136822927,201.21137089874105,2694.4075677940946,0.559267578125,0.0896637164997042,26644.221044369064,56480.68276030663,0.8110703766954306,3200.7106062564635,0.1048911285891228,26579.679311064832,8.67338125,578.7382501145213,89.68066023399962,0
49.3225375,42.9575875,80.94973260749151,87.1363502000161,1.5434692625205924,-1.525599388263636,0.7576181696804223,292.5525633267053,2947.124535315985,24643.189634304486,0.1914116736003578,24429.67982190715,0.115410406512683,20471.058397971487,0.7703573365566654,141.799594255937,0.1970934619567214,0.1283474491412211,20793.094424673392,47887.11494092844,0.7479526962822771,343.3861781325679,2898.690644900888,0.4355078125,0.1162000127749644,19707.73072190235,77377.6606646336,0.7721331237140304,3434.264020313833,0.1281327429231071,20956.71764066779,8.23555,562.2392604676455,72.09855769159253,1
44.4996,42.14255,86.92853510876675,90.84882149481908,1.7038762536114398,-1.5147199263663504,0.7819339506046649,283.18240130491324,2804.3054863667426,25871.64205259329,0.1844722791407157,29006.376595322592,0.110092340383695,26016.817817369243,0.7839737874787174,182.3750773163993,0.1970351702764107,0.1275877499579939,25330.495347915632,45539.58997567111,0.7780154715976637,363.461886466456,2729.6096801327667,0.429560546875,0.1109986980325371,25344.69149656415,62806.01070770909,0.7859600839420833,3371.468452503606,0.1284948392258514,25352.752614151963,8.31544375,589.1917738830919,71.95988491711218,1
61.9230625,49.45795,87.3041433408856,86.7340288283526,1.1895240730039252,-1.9115503062352628,0.8079619760909917,118.8253919787484,3663.511167768431,39956.938260484574,0.1809159379142037,24149.80469000473,0.1100426325698518,21810.54040625924,0.8153817866450042,77.43850236362054,0.1881306550097162,0.1226858626676175,21640.8571893095,33869.37510513036,0.7987823226934508,161.50767392124794,3476.454805635929,0.621015625,0.1055977814407,21722.349602862178,41633.741822870805,0.8177468330235693,4149.553847044856,0.1218973020202158,21762.84022791912,7.6836625,247.01233470385603,81.76627539089921,1
20.31159375,19.07604375,66.70938785864281,64.41224804800781,3.082449165712047,-0.8533969013438858,0.7890577769784396,2374.7796089550475,1019.394707306988,9851.858172366943,0.1627732208445132,34477.18347214838,0.1088695573787558,29789.70395400021,0.7821772482627392,1536.4242760457118,0.1642074786916534,0.1150719452542631,29786.140001012147,97170.74836347498,0.7785144285401062,2512.469347477489,925.8260762304182,0.15833984375,0.0961828216973656,30195.800408241987,135362.6431478969,0.7755047336577795,1174.538658502644,0.1118659458275303,29742.91926339235,3.70800625,452.0658399098084,40.748915812245976,0
52.184625,46.196225,91.58833752120135,90.51655453976016,1.4582909832259432,-1.7754123746173205,0.8069558988473524,136.3634077650372,3965.8727955475088,36352.923321933886,0.1974250415353582,26531.101706564743,0.1247130052324291,24429.697865964885,0.8108892343292717,85.19939447056011,0.2073422995080139,0.1407046245188872,23972.691010307637,35720.02748784958,0.8024296040043224,167.78594353385395,3778.1501587574016,0.568994140625,0.1206120198762135,24496.917117325327,41417.34246975028,0.8080486063672191,4547.880044699872,0.1399585938004824,23809.061678317048,7.9966125,480.4978696654328,78.5043718273323,0
14.87290625,13.08925,53.37022398751736,52.11660624923212,3.7759588292411626,-1.2023283072702315,0.7242780327006143,469.8812233738157,4365.683728619571,15285.64519615947,0.2974749378514795,14799.453646595028,0.1753488660067667,14025.461405256618,0.7270857689766753,320.1231791166531,0.3120879356451095,0.2043544404442411,13110.014928089588,17137.682204871227,0.7264638430588529,694.3766967591089,4206.907579398584,0.30072265625,0.1719887555645684,14181.151808905948,19957.25576410989,0.724486471082786,5236.898826764973,0.1987934664517696,13209.041466917244,7.0771375,555.6383987563157,34.46545328878635,0
61.91005625,59.13839375,102.95555225194552,103.03492267634287,1.1873941256550733,-2.056407573027866,0.8194669310071605,119.94630801268022,5742.162919634448,47391.16619580067,0.2131864864316356,25210.76948788349,0.1444341176651307,23377.56235834235,0.8270509769038817,46.47402769537611,0.2217127878658348,0.1590276394435075,22980.41379834748,55825.10510104899,0.8259451959004999,81.30383373268049,5950.947624752578,0.749921875,0.1471077832958038,23206.55338102902,68719.78160485467,0.825528192395055,6321.686350692907,0.1597736512867781,23079.33338036193,6.6671625,448.9103476566506,89.70432779723627,1
34.854875,32.49203125,78.34962302533653,80.22529712627448,2.083127341982941,-1.4921967996378318,0.7602215572223407,232.7182440982677,4166.852249421827,24617.64493607366,0.2346480458865973,22763.48005847188,0.142164562992112,20683.3373527492,0.763311023036593,157.5040806333143,0.2470346562486741,0.1630073922613231,20296.902547893616,31161.5279523382,0.7607931040187895,285.02837988826815,3869.101452513967,0.43701171875,0.1339675404572281,21189.07505506796,36967.04241340782,0.7652913665423777,4864.394669274972,0.1620214398434225,20445.62873159066,8.7342875,435.60564549605647,61.49436937432723,0
9.84081875,9.10171875,43.21517803879383,44.20447994316751,4.773698771217031,-1.1004527756571416,0.751815476659686,1002.4261580381472,4024.300999091735,14447.471135331516,0.3076994977506935,11333.676439600364,0.196428424772654,11001.901887886574,0.7472726641321102,437.15976768388896,0.3147355658436273,0.212741051887365,10451.23939833052,11465.76331956894,0.7608214008739184,931.3235580214,4031.16911049465,0.271064453125,0.1955936759326224,11097.426290652013,12443.741830889505,0.7465759826718386,4629.813663546981,0.2120850985088409,10417.287961392209,5.81169375,604.8101704709625,25.71111703557058,0
31.89364375,29.705275,67.56048499320552,76.6861776148373,2.261775388429929,-1.667505780600133,0.7714185384588125,148.06716473945036,4962.3958927766935,29502.74271662412,0.2433649669187713,16387.42911848626,0.1443892484886873,15285.56511877035,0.776226271083969,78.40235742763043,0.2567111540843014,0.1664097528297027,14515.093971252869,20025.24326573063,0.7717727011862904,153.9222050008403,5068.504845847883,0.522958984375,0.1439754728936478,15079.185717532551,22818.070512221995,0.775769125525475,6013.344017761126,0.1633064970491222,14661.276315234169,7.93825625,614.2710648350685,53.7339927068524,1
52.44800625,51.490025,83.61701497972392,96.1688770496951,1.376151900942071,-1.8092654570688376,0.8181852779420665,177.77190884326623,3112.350408610724,37825.27087901136,0.1712117746194806,24197.35894624942,0.1031937953186936,22445.304473806424,0.8246747168806549,70.6475477582846,0.1803354728754765,0.1182001753921683,22029.94767126232,30164.75789473684,0.8170269110450957,118.04420184619494,3123.6183250705258,0.5873235294117647,0.1037670023763121,22210.767109416494,36746.768991937504,0.8201139284616039,3723.218001031847,0.1191324388702722,21861.416978527315,8.24330625,569.7553663587654,76.1710595979076,1
26.45895,25.48908125,62.26004031429389,70.54470297818894,2.456457040204575,-1.3007906950674744,0.7918937734190933,463.6931634361608,2398.531344893152,20671.648068791328,0.1996305216109036,20447.92715043846,0.1192916873949868,19130.98213686404,0.7934181773290921,249.49323757601172,0.212880433864407,0.1409037152150858,18328.693439287832,24315.87492136716,0.7940982626780484,508.9551886129005,2473.702241975864,0.3498917322834645,0.1232683680809974,19003.90967382116,27817.280317308505,0.7919525889302138,2983.787667644593,0.1396074338604067,18388.330527590388,7.6585125,519.9566120470805,48.17535930747173,0
68.87848125,65.4864,105.40937216298356,107.00250109245113,1.02641912566636,-1.783282931789295,0.8029704348636231,151.66381289057918,3237.920803525056,35964.09280077739,0.1660011777204958,33551.56863303567,0.1050155291323285,29827.83777439667,0.8046906922278402,75.21103413368765,0.1743187463012232,0.1178526533729886,29561.887694391487,82621.19235392743,0.7866225135621939,134.31534834992144,3070.523869390606,0.55927734375,0.1018441942041282,29197.442116837195,111546.60661777544,0.8030758972456156,3714.447611210457,0.119474170674432,29414.32547131062,8.64391875,252.41257233632132,98.04809929527856,1
49.9692875,45.26804375,90.8174352664366,91.15926884468789,1.5218323917125691,-1.6192124241956318,0.8286649487302759,445.6363958292347,2660.2239228801886,32798.69337005705,0.1676566229610875,30303.62787723785,0.1075722056818088,27899.48728544372,0.8271341770792789,142.7152054357415,0.1741820369350846,0.1176322058169909,27522.58277759608,40020.27751187192,0.8277431965794038,342.05534829553307,2605.031029786226,0.494736328125,0.1044308763592322,28149.04753053484,43680.21067487811,0.8352336027992066,3042.062978833918,0.1190273247102119,27718.178945672047,6.62575625,444.9548702114673,75.52185757807366,0
13.5131375,12.13874375,51.82810962997926,50.82965171946229,3.976833495992033,-1.00812189069008,0.757381553930132,1439.0987135506005,2700.3769296740998,12432.146483704972,0.2716465010978319,18579.14288164665,0.1675120202022128,17524.464274023794,0.749601696808351,826.0438723131216,0.281334977837,0.1848751369828633,16646.974136520217,21821.450192492783,0.7480387281767366,1357.1503859462337,2496.318072930529,0.22013671875,0.1541010327633487,17944.842826442236,25072.985449383374,0.7526860260149105,3204.1920370962584,0.1879125511462143,16543.06351021733,5.54405625,235.253880366706,31.463649946485912,0
