mean_l,mean_a,mean_b,std_l,std_a,std_b,skew_l,skew_b,GLN_deg0,HGL_deg0,SRLGLE_deg0,SRHGLE_deg0,LRHGLE_deg0,SRE_deg45,RLN_deg45,LGLRE_deg45,HGL_deg45,SRLGLE_deg45,LRE_deg90,GLN_deg90,RLN_deg90,LGLRE_deg90,SRHGLE_deg90,LRHGLE_deg90,LRE_deg135,coarseness_tamura,directionality_tamura,label
23.827173272849578,4.275248866894804,-2.6334716998560785,39.80067120801776,7.748890690334974,5.113636746213809,1.0951421941725916,-1.9525684733699296,3143.276567322309,24055.109493758348,0.1268663651577537,21545.372158498416,49477.7321387443,0.7942375733394045,27531.56137650957,0.2226932468411957,23267.359431441702,0.1442228333535029,31.67152244841689,3133.540508248702,25083.531960847387,0.2115995373030772,21748.058782085936,51914.403106474885,19.914372305459512,7.634566666666666,497.0864510674276,1
11.258506814421503,2.331786441616085,-1.0012137146581617,29.078001040712063,6.316682784022474,2.7544207135430314,2.2300923769891696,-2.868605953006438,1694.4192480692525,21634.29792922006,0.1249513037339453,20145.632784526835,29828.846049393196,0.7906496454397276,14753.530946047878,0.2134174673859992,20743.31537575926,0.1415065812115522,388.57010076441975,1621.491660875608,13366.962560806116,0.2015184556543644,20060.06035742199,32341.77362751911,153.0319506726457,8.0152,561.0135612112205,1
26.732362196796227,1.6350970371576887,-0.6975734045771055,42.91581490466196,4.136855357434071,2.7483492767082534,0.9938256988275436,-3.312145459664503,1621.0574475984745,34068.43838390657,0.1033764053845006,29596.224015729316,398074.0480980187,0.791317397634167,18645.450710409936,0.175839858295657,32992.771257409906,0.1181645970413307,156.84519324682572,1588.7944049113994,16104.892911957584,0.1663089485700126,28640.94077189297,532234.86120413,107.81369603036534,7.8008444444444445,512.428795250268,1
45.12697549975193,14.106136853215766,-4.528964742581407,41.90212722136165,13.59011072708525,4.695596645715904,-0.1342072597146826,-0.3100256713977199,1289.915502921372,32574.40155107816,0.0613113339699911,23262.21549844639,199849.6621164881,0.7338807128285507,21695.65248357304,0.1079628390218383,32815.63499977025,0.0683741273402799,60.96856570601981,1242.502726160009,15637.80711027039,0.1116103357377131,22284.8714060039,242280.8419383554,26.069767441860463,10.0956,473.5021097046413,0
21.779051437237698,6.002891164956862,-3.039056416452404,37.61322905206215,11.174881987701392,5.666648621511291,1.166246692471475,-1.518676828287031,781.1571276821754,32626.972891438283,0.0684139530174747,26324.29334733049,107979.9507966858,0.7875605828115624,15160.363216724529,0.1190995011400912,32513.55716629153,0.0793529921990688,473.2764075067024,732.2566577301162,11714.63074173369,0.1176031163044769,25699.54298199814,134333.72520107238,267.95680597711885,8.891966666666667,563.9644641865631,1
16.908266541262932,2.8319183219694697,-1.0031824367381723,34.90612980574545,5.780563394895408,2.418877790154315,1.6114526431654566,-2.5252558693862777,2594.992800575954,21705.80449564035,0.134940840440246,20566.27395231662,27050.558062021704,0.8364237786318541,25902.516772715702,0.2099992921558646,20959.868719776023,0.147599817267878,88.58340866790748,2642.308375432066,24433.83339537357,0.203948517125853,20369.478491615868,27394.063201276254,63.09192739492376,7.307288888888888,597.1419966338915,1
21.094577823270924,1.7768305264747155,0.0461328779839252,38.950512859417096,3.748264938040697,0.895054437068524,1.3246160208231694,-0.987588485280512,2644.194556958674,27118.052841977074,0.1305191312205328,25060.753585084844,37712.42887776984,0.8099276476698228,24205.497994414825,0.2088183152288703,26227.279055597868,0.1447654330475979,96.55832840316248,2560.322917226913,22652.761308019148,0.1954394435742838,25196.951766210557,39201.13553487872,48.462286002014096,7.131733333333333,449.2401634904221,0
21.714218875079897,5.449174845413372,1.5125129864497353,36.43738447959094,8.710178736538607,2.801130222024236,1.1020692872302145,1.7696970074712202,1758.699490570128,24631.59587036636,0.0931379363108274,22444.78644402684,36574.8251951008,0.8453568565643114,25794.72709928652,0.1491925757838626,24103.22047408724,0.1042941564391391,163.67910199556542,1698.1853658536586,23601.618181818183,0.1405358641910392,22437.998449118582,38473.791823725056,67.85652378217512,7.359433333333333,472.0942279519484,0
32.321049048061475,4.728451662821932,1.7099498046540706,42.40664585957863,6.309371081041092,2.334570139798881,0.5709251371884511,1.1649782903517605,2198.640673400673,28879.537335257337,0.0956561615778072,27022.78655899534,37991.7255988456,0.8712601278086218,38810.14604906655,0.1530714419899364,28210.09425453736,0.1081437358019186,40.33433406113537,2170.0258499688084,35547.79101684342,0.145099689483508,26818.81935368674,39428.162156893326,31.810485667607303,8.196177777777777,462.90148465852855,1
7.94266890539489,0.638928782691495,0.2060736989509513,25.864058276166823,2.331869010899779,0.8476556479133323,2.9908975274479093,5.062580421217871,2262.623166790952,19236.204673129505,0.1571985774372044,18023.616232141503,25937.436887894604,0.7448890464353849,11335.385217549609,0.2781996561626522,17909.269388312397,0.1811230156451518,303.27272727272725,2236.3770361145703,10380.289066002491,0.2629683703987585,18128.27054403319,25775.25603985056,172.5703713855009,7.929522222222222,579.8575203466863,0
6.486275629924364,1.8255574086469084,0.8671649147268448,21.572222004311417,5.640270845180195,3.0976766219647924,3.128862404195423,4.229989572735881,3402.296641589576,9674.887801015082,0.1709053120306927,9193.49173461999,11879.021741477987,0.7663539868732542,16248.09573287602,0.2926486246729178,9180.804398264903,0.1912951598418321,298.1446870451237,3333.4291120815137,14868.757860262009,0.2845871559895112,9323.454740005804,12163.6057860262,134.69068464660697,7.578122222222222,474.6421489093204,0
17.15598838497007,3.0335062298352664,-1.5908996511012157,35.342018316019306,6.853959835311637,3.80982312813007,1.600843994154975,-2.88637810173668,1758.3488931665063,25112.92963701361,0.115275031659801,22067.091880955013,53007.90048810669,0.797702210934594,18839.13917770123,0.1989171445666486,24302.08226147963,0.1337029373706066,175.60106922920755,1808.1535494349328,17340.026798402923,0.1892747709695185,22034.540018796062,52173.13409352372,104.01089180596216,8.6403,522.5465070797153,1
26.70346659495857,2.0835032312484603,-0.7441945099640687,42.64827196770421,4.565858968498797,2.130531758503211,0.9827455490368052,-2.5703610812211126,1260.6226195767376,37076.14964614175,0.0867312437936199,31896.970678759222,169887.2435296933,0.8012158088881715,18711.2937211094,0.145146234485404,36508.57729840781,0.0963113416285666,207.25530998851892,1200.9250143513202,15673.199339839266,0.1378467223292919,30918.543667671864,200861.11351894372,138.61925840390043,7.225244444444445,226.50252130064337,1
10.708374128688837,0.3753244440394801,0.194789051834621,30.07880796095665,1.3864544009624358,0.6588979374764717,2.4794480604448244,3.172384171320384,2331.6866528323544,23380.738443198374,0.1582582952380478,21705.87311290007,33823.0888339441,0.7673027638778663,13188.713560732112,0.2604076370789548,22314.12628951747,0.1752890405313737,266.3836559524342,2268.0530645089184,12398.102060887835,0.2458802808869229,21819.432012107955,35516.17555545621,189.7284441682204,7.571855555555556,449.0310932798395,0
13.38922009206152,1.5563930069064391,2.231231993031276,31.67000163580646,4.237983851613298,5.582913275471674,1.9658197230952117,2.3125840488541147,1160.0957592987445,26688.791139540397,0.1075714396751438,23416.549408993906,46552.66695095949,0.7963773954379393,13400.657823641435,0.1834852166413039,26236.2796403738,0.1217159246624197,479.87944193281805,1120.4417383695493,11643.746487774051,0.1759652852597359,23234.69439976008,50697.29444363424,311.918347487615,7.4047,236.24065420560748,0
28.211278942525304,9.712550811747304,4.499984907296079,37.22788128649123,12.65277827395907,6.430314008972889,0.5813179604867039,1.1710736687032357,1654.5769616598566,24409.99483741528,0.0726905752082561,21116.075110652742,47030.54745418512,0.8399372638615861,29243.913146072515,0.1268654826367118,24133.141466624314,0.0833392721308589,75.89428701028959,1694.8942870102896,26820.08654236398,0.1210042995424703,21516.80121631613,42906.87432855062,66.93591797500801,9.928333333333333,609.516633026837,0
21.55622223329738,3.88360058066943,3.4175983882702203,37.0129064074089,6.758737324869975,6.160618412533439,1.1555082957448053,1.496509418787817,1591.4199238615558,26782.584086483974,0.091141205554876,24338.33950235104,39567.28307808549,0.8325786625951314,23235.093289551234,0.1545125226863193,26141.83646263085,0.1027120929064889,171.17489946581838,1522.8818198187384,20961.946401776604,0.1458635632246163,24110.18709507719,43601.79917171838,90.99030649408864,7.5598777777777775,467.77457698224026,0
8.39471359923758,0.6867990167747589,0.1681527685813391,26.42259399118129,2.48024830393326,0.7405107075154335,2.8796789081172185,4.792293324465797,3046.05101831742,17029.87325328853,0.1692537446663561,16179.31365760114,21008.55870179896,0.7404992596812848,13592.886013855084,0.294930709161532,15738.648155776073,0.191463755251806,175.1544006842341,3097.705086954751,12573.40589744634,0.2805146788239558,16035.768673385252,21084.52270598297,112.35780571770692,7.164355555555556,583.9165424739194,0
9.151177482940874,2.739423078842637,0.3774230693094653,25.64678637786289,7.720369767526411,1.5357830878773189,2.50613084146495,4.764221328956126,2255.587667902268,15499.906253736695,0.1368290879298531,14527.1245240649,20496.449838574677,0.7797506104571591,15213.079710415344,0.2454055191703853,14645.884427361272,0.1596461062739888,379.521585866545,2126.303860987849,13154.099489901711,0.2316078266212345,14452.211209942634,23023.460125243644,153.02344692400482,7.851166666666667,509.9735149451381,1
13.354252526294257,1.02050095816566,0.145075632338369,31.04452049725624,2.858350661636434,1.6680855041117368,1.9296666295505776,1.2794452770679112,2660.6820694970343,19794.118553764703,0.1452572820119614,18476.26065645609,26645.115035351675,0.7850765266844246,18211.76526578756,0.2420272661504078,19190.621478038134,0.1639295814047732,136.10999763808752,2580.38610520633,17279.182744542297,0.227596781214292,18815.232947707344,27112.406788811284,86.33567706698474,8.179844444444445,487.2533754857407,1
20.558403142155985,4.354025517990988,0.920380634693052,36.532578305997696,7.446940831292232,2.344308202512965,1.2321458412031698,1.5203611414440874,1885.9451100103677,25617.71763045732,0.0979447242823635,23256.302072000588,38269.53643013478,0.8197815113926682,23001.96222533125,0.1685088227327918,24741.885331797108,0.1135232663074389,174.69387161513626,1866.233821005788,21359.37997731305,0.1587520178451772,23144.66663139907,39319.36991361508,69.58234156703614,8.8505,438.6065773447015,0
24.1324621080575,2.012553997589124,-0.2739323475651722,40.68895471314506,3.533215992449578,1.138727421248846,1.106380603178132,-1.610983828478511,1945.152942183177,31372.84591688297,0.1079944256869106,28024.948105230527,53907.36136227502,0.8123888300268715,22918.0134340437,0.1788776000257017,30808.559805772864,0.120481578941073,111.38351738721803,1885.5620888157891,20095.64579417293,0.1710540248946218,27547.97409961296,61008.450892857145,61.97991059406474,8.911122222222222,542.4791995787256,1
42.52679185769748,1.6755029206916925,-0.8544585572638399,48.12260446234954,3.008461169550692,1.7830259236131762,0.2547510430443128,-1.9951053488484296,1472.7113621829037,44638.38723086762,0.065743049491835,38164.43000748236,248483.6268119804,0.8285239429383657,25527.5697903511,0.0989823823494189,44491.30790603688,0.0698631404177278,154.34055155549518,1430.766879500068,23171.07678304578,0.0965592051960259,37665.379997756,247805.12275506047,98.4245278267439,8.588133333333333,483.3676086709795,1
17.40084674072354,2.904789187814919,0.6192129067224602,34.94107946379361,5.952312840223769,1.5290409705101573,1.538462586855627,2.658858623327258,2169.730655988694,23420.423360028264,0.1221724979867425,21724.013410783773,32008.94803321164,0.8171546891955715,22337.23404016605,0.2030136983843335,22674.62030180635,0.1361584010130908,154.3733722697339,2106.3378825352365,20875.404422062635,0.1898813881909498,21691.154708693637,33256.55838970172,88.52943992340833,5.878333333333333,535.4695843491705,0
18.45881088178148,4.261266785176535,2.145635275902526,34.56983003230368,7.592612748730394,4.143271993098142,1.3659498392769942,1.773813879892179,2362.4805849443305,20358.160915083365,0.1180687133869682,17960.353353249495,35481.48833988811,0.7983203211994649,23178.195017976373,0.2035731100728706,19754.76194144838,0.1325648683717737,96.71349600759396,2296.467865319113,20688.2660115026,0.1921202242845322,18238.843897608414,36661.41643866213,54.595640397265576,8.12401111111111,608.4980917458654,1
7.447479916359809,0.4069806556528115,0.4575382952532991,25.09791677174276,1.781770064495796,1.7009221527390128,3.119192332421704,4.29388205947453,1951.8748631486756,20093.46458287716,0.1581388822102014,19051.409225589072,25375.108878913947,0.7550786428539542,10366.667622069812,0.2725779209046277,18907.04058757293,0.1767958443013552,644.3804653253906,1864.1426323479825,9501.098122962796,0.2578978668217336,18930.3665862975,27271.89148027425,307.9963632690171,6.2941666666666665,249.72213740458017,0
24.41351545868605,0.8085234110558761,-0.1637366119296955,42.03452476049602,1.9253887062272816,1.168787003993792,1.1535843343090442,-1.2470679669201736,2200.5185707569344,29898.9172856919,0.1276331551986128,26318.115942943583,303757.66368907696,0.7938199511311951,19903.859415190847,0.2004811620888203,29411.47328740798,0.1417911614008903,135.50182476155427,2321.735302235716,19343.78713159751,0.1954292303194894,25852.839446807917,237465.900634833,76.71671894696725,7.624422222222222,431.6087786259542,0
10.21315256468776,4.623807981165641,-1.3752661817411012,24.385850003891125,10.791657903521704,3.5382354260434865,2.0048877034417933,-2.41696349642304,1404.680462229831,14386.140851701262,0.1062728889638728,12895.604785665591,23317.126942007275,0.7949240280964679,15039.05308899288,0.1913732144459767,13862.9271697668,0.1237852160663737,275.4286925555367,1442.3914702391046,13762.69594709174,0.1826734854793835,12765.472031617695,23756.057105307784,157.57023167997482,7.1792444444444445,484.26781485468246,0
16.335663493346626,1.0002533498728592,0.5777626173820444,35.182121924968186,2.10448926357692,1.476722098330929,1.724219857299006,3.6980721051404095,3453.066056807844,20694.95476599616,0.1571397767548987,19874.483941816765,26431.44478419084,0.820810001986562,25902.01540489734,0.2427945980180839,20035.01086399258,0.1715106778142162,62.68139393324541,3417.2509891447703,24889.556508065336,0.2320052037946992,20003.47364511931,25266.62856345744,37.760825547071306,6.704288888888889,421.85065339141255,0
25.36101423621689,3.570956397317115,-1.9748884209949995,41.07969992082511,6.338025585075365,3.624462578274865,1.018941373974526,-1.7225569439655648,1994.413960905067,29758.75712753966,0.1055654832368871,26010.84638213869,72572.42377587772,0.8074860521934035,24451.89793065575,0.1821712122735901,28947.324879558677,0.1216032056491832,87.96648104519168,2088.1847290640394,22034.403994431355,0.174278312458159,26114.08562920711,71467.12192118226,51.42085877188556,8.748822222222222,596.1406529368917,1
20.541534256908918,0.8518530575397094,1.0508115214619085,38.93203824698214,2.3947545756329154,2.684668396777277,1.3895820942156991,2.960507681231933,2610.007461012005,27211.15808369797,0.1280721518253582,24934.704535230263,46206.02288791653,0.7958556176388843,22484.839717396462,0.2149385852693963,26239.50997811932,0.1452159486989791,70.04577620521893,2675.079168509509,21790.992481203008,0.205440777537494,24924.62204837334,44456.42984298983,41.75531661955459,7.797766666666667,527.3818102886912,1
22.810311369050204,2.6295421140611186,-0.2402496407669189,39.4255652408098,4.689664298114798,1.426569284094374,1.1729728739007637,-2.6526074545849623,3268.984823824396,24569.127303919413,0.1333071161495646,23214.492816349783,31010.22795055646,0.8176228104301176,29893.36776304749,0.220762352951845,23736.12430776976,0.1487517119587201,34.1380960982659,3108.596595014451,26972.20348627168,0.2048075466857821,23315.18890549155,33035.416591401736,20.184228187919462,7.922522222222222,248.4785193935814,1
22.711791745463,5.440691144300768,0.4493377017612903,37.62464035658283,9.66043633593911,1.745090139647996,1.0759953575547985,0.9040796629579286,1035.06752692345,30742.92584327803,0.0710542510227072,27493.012460895763,50876.12008020439,0.8425658747815614,21856.56148356865,0.1226201630337171,30120.70739027901,0.0814899560196233,248.02913380694775,1018.1112559473376,20062.632405657303,0.1139581397418305,27527.38383526889,52442.70556605618,175.0281227957187,7.535388888888889,485.584371635133,1
26.315419854858423,5.460997084480338,-0.0686509546065717,39.58644193359001,7.810555217300563,1.7160787302390763,0.8674107089771185,-1.0002864365741364,3080.587550966969,22734.471009613582,0.1185203816709931,21487.204510653843,28384.41265477125,0.855446203722829,38107.64049729064,0.1885079533486982,22234.99724532884,0.1294010349896426,33.82790626318414,2961.4252291642697,34630.65815211138,0.178952470542916,21438.383260603096,30108.69679361792,22.630910579459652,8.236244444444445,457.9882654218937,0
7.898737855677568,2.079521256729254,-0.1357095356860778,21.562178199970436,5.244851461225411,0.8635634006359991,2.4561079766998906,-2.8348532147942973,3208.275188256601,8742.870778127284,0.1599266602125813,8384.660475584462,10386.958059288914,0.7803599205044364,19184.742281163966,0.2623040837220597,8267.715550161332,0.1770476709258238,137.70307897429538,3376.3315556106786,18472.26334067161,0.2480417637425354,8303.219833423962,9952.54488232923,87.96076110437073,8.0223,460.7504718761797,0
20.762383801119263,3.440434697287139,-1.727798234417777,37.95748670216469,6.891976003539491,3.718600052570453,1.304640629705367,-2.138536228050578,1871.817241678978,27250.385562411288,0.1077719193781246,24661.0260949178,44482.963674285216,0.8118240692375948,22773.922793120288,0.1880675274733677,26337.55450056969,0.1254919731059898,137.53897122929382,1910.124614937518,20834.64876489393,0.1793523338946136,24208.4123573708,47623.62525428655,69.148769272383,9.342711111111113,497.3053590106442,1
28.21339342906956,1.7084720253138548,1.1331251177818438,42.90106595785803,3.2238339275363344,2.421281887890108,0.8772515386544373,2.327097809989731,1888.430630100728,33838.29919368674,0.1008810977936058,31405.84524307762,46173.95500330858,0.8417629278607387,28203.763202806484,0.1608043616882838,33186.74454821276,0.1103736664598536,86.88725402846015,1750.6687625690502,25412.363745131483,0.1500457155861222,31495.152262896707,51465.92322378637,46.69750165609918,8.217922222222223,238.02484800422943,1
33.330577167018184,2.687304475295936,-0.7204566991640864,44.825503460187,4.039766197173316,1.6708643207321927,0.6157546884118149,-1.411479730094514,1855.3799739977408,35341.814574053155,0.0893740160106953,33086.09395886763,47263.9393209574,0.8702983891258266,34855.32975324167,0.1400452374897935,34679.15961986435,0.0993028484314466,62.48545477914399,1881.8995330105824,32741.116190394583,0.1344268113650876,32682.7017006952,49767.90859431901,47.38905158819554,7.8414,457.9459035159444,1
38.41442712293379,1.1890944169415902,1.5563755873888356,47.14604262745401,1.774675131463637,2.114423393211822,0.4158864927486388,0.9485165055166168,1614.7145278621372,44986.76004661346,0.0654523544016338,32397.59695958191,213329.8299668056,0.7360076055472705,16260.93584439642,0.0985662533532558,45246.96977462179,0.0701986272945037,168.04500124214786,1607.6419420094403,12926.300422330269,0.0930429554072739,33011.3250267852,210945.56003123117,79.21578897548355,9.033144444444444,471.7433348395844,0
22.501697411846013,3.8613496766255744,1.3315477811751677,38.03831466724328,6.493753221943832,2.424213323092783,1.1192934733776567,1.8266502470175447,2160.156437183975,25391.80684558537,0.1081723778090487,23048.90644964068,39814.3512770647,0.8230016316800355,25919.182906779868,0.1773625785831521,24858.34652663608,0.1173705374634473,102.23652246910989,2081.57892389622,23733.73417455862,0.168228556682684,23432.35628043766,40671.66108764658,45.25361191375861,7.0832,533.2991489820101,1
29.317400630666366,10.168418346050643,-4.1130174816253,40.00934937435206,14.17790625610828,5.797554577516592,0.6428602668776802,-0.8164374392718556,469.3395058544385,35537.50301748594,0.0401253831152327,22768.4220804664,308420.11043482745,0.7131847320977636,11283.559516364394,0.0637851589505086,36343.7723994163,0.040780778581432,507.6259021854338,477.9842022914248,7875.99894008984,0.0666220529490018,22956.91671272556,276419.63221117447,237.15652470768967,8.483311111111112,499.4775383017398,0
11.316935196465876,2.851107832158635,0.971608270797029,28.027196243671227,7.047861684183116,2.5194426207144494,2.1101162179004733,2.6989220335209887,2127.243663984357,17725.862638189064,0.1286256377820075,16471.430452343197,24181.654546138227,0.7838171693190523,16204.576506407988,0.228413643432933,16958.801954259012,0.144652972512613,258.2079150354665,2015.6682429551531,14569.54924609481,0.2171719527809929,16472.039768655566,26531.12891972557,125.34020691359768,7.977888888888889,483.495313626532,1
24.605366877388857,1.6183259291487302,-0.6268059230843381,41.69574765300098,3.386444597342721,1.5488678915688012,1.114610520051999,-2.453780647065761,1385.0149864659668,37317.54852446029,0.0896591804353091,32948.48924084713,70241.30728857199,0.8112779104575703,19631.17568543701,0.1473151312712074,36538.75339970479,0.0978877283243884,219.01737885912905,1319.2331493218835,17601.118517004023,0.1379045985227073,32502.157097451545,79334.21634975806,107.25497659906397,7.5725444444444445,432.4956541118788,1
3.7285507872601777,0.2702730394086904,0.3248864107925377,17.999069746332435,1.2988292478728505,1.82145694889344,4.6969857464530085,6.141496384564943,1740.2337306701031,14601.028028350516,0.1741301566947546,13859.809055018037,18133.7834246134,0.7091953818831781,6448.982191979151,0.3002946837488169,13457.169393369046,0.1967485861681453,851.8017088505562,1703.5487667257778,5988.201192971143,0.2894972476501573,14095.507916532642,17968.69700145091,414.7512771858123,7.468266666666667,481.1381018426789,0
4.998024342176402,0.0827070985448124,-0.0032144357116466,21.4893915183996,0.5530131478414794,0.1604414812217967,4.105819099976404,-5.464045776575848,1846.1308618199323,12105.166393837266,0.1954181104581028,10412.17242258012,579100.3802599903,0.6678880224210128,4677.175717439293,0.3031974354502896,11645.052273730684,0.2123838197173921,1172.3833180568286,2039.986067827681,5067.074977085243,0.2954820813866724,9841.76549187254,441815.9791934005,610.9340630240974,6.499155555555555,419.1076624636276,1
15.0279012479555,1.3090109730590622,1.9019865868539465,33.54733870365506,3.40589141643736,4.526560423004235,1.8131711975466724,2.271332701837625,2065.372291127164,23873.562968515744,0.1299753206109664,22182.881021245303,32853.012436963334,0.806267760237485,18967.581855564124,0.2194219806338291,23037.02791698792,0.1458290610465238,183.05216747204685,1939.0139677612783,16494.256957426547,0.2060775670969038,22106.372665090104,36004.79337589503,103.86401444322652,8.094344444444445,254.674415308292,1
8.029275451532172,0.7394819904953186,0.1525499694769469,25.98073558862217,2.998048667003572,0.8514886645453159,2.9624650584619703,5.000689234105872,1226.3625492857605,24153.90213948678,0.1333996128633528,22123.219067301416,38964.450455691294,0.7716676704763358,9189.20521823355,0.2246201378934192,23068.967249833524,0.1474127049331827,864.1326797824481,1121.7827838581884,8228.30450547237,0.2091067284382878,22530.1593436456,41273.84657221514,457.2496953448696,6.571355555555556,239.32710280373828,1
18.17018663675419,3.8906279072784606,2.298426282010902,34.604318069697364,7.47247574516127,4.544727208567646,1.4017100679334138,1.7564995780333277,1293.8308279646865,25971.496165252072,0.0946926638805741,23508.486434170143,39673.65865630432,0.8373266290308078,20451.25377331049,0.1561296850735671,25532.655958113828,0.102030135588427,315.19725760423194,1227.482981833368,18167.880141992064,0.1481378152334883,23570.44388592788,41447.98621841721,140.54443005181346,7.721122222222222,524.2587811937731,0
2.860828756865036,0.2370112905014439,0.0048663939187056,15.899358891484804,1.0851014654902955,0.262258834209868,5.509565630570156,-4.488029887573095,2712.764785491948,9728.084314521586,0.2030102437550617,9359.853668621015,11322.968060630668,0.6825220861908773,7031.766985528575,0.3428589081317559,8966.657223448614,0.2261332329794734,647.6374507405898,2667.4944965348554,6686.535806495448,0.329676284449018,9643.620243091342,11115.623182497622,316.4832239692955,6.597933333333334,562.7091251498031,1
16.89966356929484,2.7450243988060503,1.7787094069547706,32.66397837824809,5.147618589978416,3.660840460037345,1.4480246247580053,2.0099132857807587,2546.16024308332,18488.94418679034,0.1251052528334943,17203.83985975597,24684.060131137056,0.8154908773703469,24735.98636145915,0.2121517989786605,17768.264854917186,0.1398064536664459,95.11337681352325,2548.8442166910686,23065.900146412885,0.2025078615601054,17229.662895111695,24631.686303740185,49.090281080269314,7.8429,473.1054977711739,1
36.55107987141677,3.828853323109119,0.1390313235390145,44.98962188617836,4.948543773299173,1.9660292993261783,0.4294060007011456,-0.3534458700204277,1996.4637423010065,35617.29216473163,0.0820100933037955,31737.70920342994,59152.05654870485,0.8335942629668294,31794.676645722968,0.1365622951355683,34932.982957578744,0.0919166548493697,45.56455785772727,1988.7529575658405,28115.98436636225,0.1321238349677502,30795.575737780626,69008.36974548349,28.114821948121133,8.8834,556.0125496758001,1
10.657175075285169,2.867207504413019,1.039777965361096,27.46067297346157,7.571931373903111,2.8145300228924066,2.23056922665527,2.710696411768744,1070.0640699684734,21726.5351367843,0.1048573663709935,19539.025580213594,34252.98144004882,0.8037904704364979,12652.094773118895,0.1817616074438972,21099.94438062416,0.1192083215717342,634.747193064912,1001.0555642592302,11208.055929813569,0.170191848617951,19677.076250870527,36194.22544258186,357.722224893034,6.8600666666666665,547.2239119035132,0
9.758516598453983,0.6360851509366124,0.3468437318723227,28.491922201810706,2.211733884934136,1.2817084712596007,2.6181679926625097,4.692652625708631,3267.249782254705,18036.418146703527,0.1742323551519091,16847.9411437524,25141.81148937781,0.7430896670090911,14378.088212222778,0.2910564385190654,17166.752977251657,0.1902093365016151,161.24354387056627,3091.3162725575608,13238.812850031114,0.2759870974765518,17154.880638632596,25948.63448973242,74.77910322082661,7.529144444444444,388.90599881546666,1
29.83858581075073,4.462414072113453,2.4096868242135754,40.52821527722239,5.79084357198837,3.5424433400712125,0.642470570097112,1.3657555799278127,2499.810864958582,25533.788653438645,0.1016840378473482,23880.95340727875,33466.79046426508,0.8627775811480766,38126.15495508816,0.1633279049005672,24930.00552618933,0.1134374270108886,54.83208225819063,2436.090116506373,34718.71068887325,0.154602943591117,23879.517314883866,34868.74472202674,20.252269416115656,8.256688888888888,520.2593488629293,1
21.963570284704456,2.488947327847717,-1.629599936836336,37.3810965278984,4.969733317035054,3.3300258828453817,1.1317621769087487,-2.1263660371060205,2057.3180793898423,23783.95192696597,0.1147772570485136,21157.659441543005,114292.66328653146,0.8061280769858823,22523.639587328165,0.1901713532762628,23273.059416101765,0.1265917384509072,135.80503963090027,2050.226665089317,19929.478764935528,0.1877672826426719,20406.79338757795,116305.38368035018,67.85449041917786,9.282511111111113,601.373825411957,1
3.138809671254768,0.2244571888651599,0.2189009938526162,16.605739049859697,1.185652090920598,1.3183697827717302,5.190999528126516,6.835465773800975,1732.875844155844,13475.57212121212,0.1862856931424898,12921.257356820752,16022.597662337665,0.7065265041253624,5827.214643453374,0.3102808560390863,12502.37419508705,0.2065409931271251,1091.079057358826,1634.9092930191196,5358.524410849266,0.2956897412890906,13308.277737389955,16307.833081369496,537.3626356094449,6.962077777777778,571.8265179677817,0
28.22409735070422,5.031360778425092,2.861564513371499,40.64416632795441,7.810770558486061,4.380826999144078,0.7605487449186378,1.0769884737231292,961.5895110141172,35511.04998977017,0.0564164303453772,29381.59484789902,93569.22069153652,0.825748432938786,20418.89295210686,0.0919546967903328,35391.60975380862,0.0624169085181426,313.4543246525435,974.2580623397652,17865.7326946431,0.0883523561791572,29709.32090951165,87945.41580083659,258.92116104280007,6.853922222222222,549.9500476644423,0
8.408818525399878,0.5404915294914109,0.7723860679791777,26.4854982653332,1.9529005755428763,3.078831430737931,2.8728272790710423,4.552126406622184,2139.096406832908,20001.48345768702,0.1547599571131271,18725.63322369696,26159.83040447673,0.7525987123443467,11622.313101070586,0.2684938871758382,18677.942614770454,0.1767831589304017,321.22904206294737,2158.1429551916854,10829.046769291106,0.254373056525963,18713.01757333878,26402.65697617413,241.7194717974316,7.6792444444444445,534.5456855479089,0
30.571464838908643,5.075312300946547,1.4396708564571523,41.966327171297976,7.006549304191605,2.2525962853681305,0.6562122928737797,1.387662965347735,1440.5168795378663,33471.32110869681,0.0730695504200909,28839.30544135901,63877.80412316498,0.8271084078355277,25172.7601548374,0.1184394522147866,33202.34219573688,0.0800126791303225,240.47033623629548,1350.0330035793804,20843.4932780925,0.1142255723124673,27839.21785267365,77324.70398241312,80.66810181081424,8.359288888888889,226.1007612693525,0
20.394587473377364,2.023167945091302,2.308004529437753,37.49812071469422,4.025639531387507,4.899758966798622,1.3208624575456325,2.2660665724487674,2951.4810962048928,23150.08113924959,0.1312368528756255,21825.540859353223,29451.23940024392,0.8251589604714977,27995.027957333088,0.2167209709483139,22525.09748521048,0.1455799559710745,123.57883832778394,2813.8208657047726,24624.39933407325,0.2061873456866008,21804.55917618408,31715.25332346775,54.481395295256085,7.696488888888889,512.0566187083857,1
41.1767139352807,1.4738164410685703,-0.8150818515265739,48.0927323841883,2.4670631449011067,1.45635597413028,0.3189723198297614,-1.8530243342410084,2180.344539835991,40463.424404203644,0.0927824261964008,33900.85043393558,149089.2137652406,0.8034250601409637,26413.482307341543,0.1441537874419412,40108.50408116735,0.1012341909384772,89.37650193554875,2060.505303906289,22684.517721582622,0.1373134020109357,33219.50870294696,173914.80322759037,53.43395707209686,8.233333333333333,510.1495752064138,1
32.11632077581969,4.257262740542955,-1.4954294045310674,43.56263529001192,6.086721346822824,2.690772351886176,0.6359874939768022,-1.3105408166967063,2177.0810602683096,31749.604729866656,0.0979851485273303,29794.824388500525,41305.43440197787,0.8655171780707115,36043.85991022916,0.1515008924498794,31148.97084416096,0.1066024044138051,57.131560357365466,2103.2712653230838,33000.00336588406,0.1431218265584823,29627.126811727903,44214.65406191565,30.96561649777217,6.762944444444445,244.9385716214392,1
13.753584586847715,4.719018925174882,1.225088040747091,29.492916906456973,10.054607283547297,2.951524252618356,1.7070233499504095,2.7527832955595213,1415.4490361306707,19395.275770518296,0.1021464757548677,17200.02188142561,33777.03978606333,0.8165012202280983,17537.051936933723,0.1803658674211498,18979.36865948491,0.1200026185342096,335.08799443757727,1366.956582200247,15521.138442521633,0.1699143535467638,17615.787443049332,32567.36545889988,175.65039865565447,6.475977777777778,574.2895783611773,0
0.6752564674628175,0.073132197203741,0.0009371092663394,7.61355067923712,0.6536867854431905,0.1626315182340498,11.579374233326762,-6.771267325995988,1002.3242798353908,6681.587654320988,0.2024224261546589,6506.700579262733,7382.66378600823,0.6035359697328092,1907.240099009901,0.3269293725414928,5826.556046676096,0.2111095898697677,3283.695834163843,1066.594977077935,1905.631054414989,0.3317102704853799,6262.8694078603085,7231.474985050827,1923.912844842734,5.318688888888889,591.16807738815,0
11.266376612786,2.9464435639923505,0.7208191971003013,28.33112620343736,7.570842200770165,2.0375284674231677,2.1604523245935137,3.215236788119342,1908.970191850325,18645.77651815443,0.1274534534823406,17040.450621281343,27513.28373236087,0.7827461053448594,15313.56344230482,0.2214731885365399,17940.26959247649,0.1420628572978577,412.7401247401247,1829.297827239004,13763.668378786026,0.2120977283311133,17121.11187215621,29867.7373935021,209.43692445908516,7.879066666666667,456.8873389518551,0
24.006842968061303,8.622891501083028,3.3200197860968976,36.13598727436743,12.910524144520853,5.26453644843682,0.8621915299612469,1.223746842541194,1378.9909698996655,24853.27522296544,0.0747639850700037,21843.635666616163,42985.114409141584,0.8254756017694374,24063.92113095238,0.132344264118536,24259.655240221087,0.0873568775407108,144.4029807967899,1352.3525365434225,21249.197936371453,0.1276065938496758,21230.11449568452,48503.89260533104,75.50103470857891,9.0234,459.489318065288,0
15.851718871913969,4.812278384709861,3.229065559923685,31.65054221443999,9.700044140559468,6.701249085397863,1.530693953488365,1.8058643095461224,1367.4003232947955,21870.99919176301,0.0927424706551016,19946.5551063069,32489.91748954563,0.8150191971456185,18682.26116436755,0.1665057521438837,21179.672500751527,0.1051418852707797,283.2400117508813,1285.9082696827263,16063.769829612222,0.1587167240841654,19505.45990056647,37133.755287896594,105.44784784784784,7.911388888888889,222.882901919352,0
10.31673513068699,3.006459572579045,-0.7817851518820522,27.47482852861853,8.379392294704322,2.7019387539581503,2.3452671263462994,-3.7262248490562095,1650.34374208794,18765.69090218584,0.1252822438553116,17342.852519727618,27368.30099586463,0.8057869882022823,15669.253856016165,0.2181876867474781,17951.485022728157,0.1435741730470597,355.0485598766204,1696.654620482681,14220.782001583928,0.2070013826163336,17357.6452268739,26196.27881288817,242.9702074068244,8.252866666666666,585.245008397089,0
30.28792594509444,10.254223619680364,-3.887190400194249,40.04093905337395,14.005089979974514,5.68011669324104,0.5872864269582188,-0.9554890174476548,1478.2825020441535,27687.890228945216,0.0823977749069124,23015.374343820604,74619.91805498773,0.7949260449344326,25173.24337236534,0.1453340143180185,27317.874215456675,0.0952521465637512,58.67210870557218,1582.6181108350656,22280.65755716676,0.142935431470589,22351.438602055456,76178.55546823505,31.517611555207445,8.337022222222222,466.705706602928,1
7.916046754904293,1.1390956635331333,0.405117637075597,25.269501093807328,3.7746997030040585,2.081902391351643,2.911408744407938,5.123218103389706,1210.1061556618424,22748.379340331696,0.1233414301113904,21078.379070903884,30930.58786260016,0.7807024993485285,9739.962633764108,0.2194800617441577,21571.14940646746,0.1422262026253317,916.6467837735372,1177.9907746745862,8996.273347655757,0.2064438380705018,21183.752916715155,32442.274232276,482.3639428106475,4.993733333333333,465.5311220889203,1
8.504904852369128,0.7426104305108556,-0.4660482816036425,26.98488168357477,2.679842488947506,1.696220121185355,2.8851934452202417,-4.763738942015524,1452.1814676467045,24140.864682491865,0.1392161658687118,21785.39435874636,39582.40318110616,0.7459974796948984,9371.331692750096,0.236902547827246,23114.915998451583,0.1533033295704388,488.1411934205787,1446.818465602113,8846.74570776804,0.2279112890313516,22097.45641633408,39055.731300276144,325.00326122404607,7.774622222222222,465.1370793008811,1
38.31020318124536,8.722355790756538,-5.95108637928607,44.14363699347927,10.436701239716427,7.115504671981325,0.2998897722187814,-0.6504033903188716,1831.1713176095825,32403.771147426527,0.0789948402117061,27183.334014173517,96636.2283289333,0.8187888917055552,31276.34922894901,0.1331602378112764,31992.06001965228,0.0902560627511311,29.96422321602178,1928.2452740510291,27518.55300624365,0.1318339448941531,26394.076492596025,96433.66416056344,18.867858561779897,7.372222222222222,451.096744873033,1
26.386814648263176,1.9483533690481527,0.9422519379362814,41.98203286552759,3.68372586275548,2.2563015300791114,0.9744924306489224,2.622449574719787,1415.857503696402,35544.269159684576,0.0886383494707001,30814.650902744663,69474.94677180877,0.8136546966943593,21753.91433297211,0.1500748552711946,34937.22283693606,0.1010248593659655,167.5865449836591,1406.6793488314731,19416.094407103657,0.1425964397188612,30894.70855568706,70503.46340260221,79.40072677329823,7.4493,599.2641493979851,1
19.06233016114084,2.1303761834180133,0.1313873445622679,35.665696238251805,4.095295467793176,1.7795873234615138,1.3642607386169252,0.534783045322898,2705.0670003269533,22221.42612107341,0.1298512656620181,21265.376801983875,26450.38547823244,0.8282487448167039,26859.560224897283,0.2123446218468113,21551.08061222038,0.1430387031149814,74.44276267819878,2710.8267166168,25618.265833605717,0.2037247304619412,21296.096575899694,26515.65783320343,47.615408556585024,6.9341,502.0846592108039,1
5.9195775655880425,0.6679963607735117,0.5661669026291923,22.20344333957048,2.7150906852933154,2.3925646364862843,3.5337586825310625,4.556224205025615,1630.558518121525,18038.14195752663,0.1537782837041688,16705.77781513,27933.09271789375,0.7295653114964824,7929.866442199775,0.2661890812252721,16966.203890759447,0.1739858932430183,770.787392789903,1559.8249076075588,7117.855867791646,0.2558794659482204,16477.371517198037,31274.993166445856,390.9016312407316,7.428766666666666,432.9529515418502,0
14.534222608389303,1.8539633820972807,1.0173689636079364,32.87915441285196,4.272159910234432,3.0328957363822413,1.8461449383590656,3.120910957641014,1968.25632647386,23539.01814516129,0.1223389302296439,21921.472749397013,31708.58704115684,0.8058904892742077,18697.796926382965,0.2137062442516652,22514.757952658485,0.1424044736328156,213.60616885347252,2023.3288452290997,17837.38606855808,0.2032855904269942,21871.377077961784,30872.20924641066,114.95009278249827,7.3921222222222225,511.837436072281,1
12.14926968139875,1.8617842471795127,-0.2111888475855798,30.872929113092383,5.486128983753694,1.089624140070685,2.1703067062016816,-3.366672709949127,479.716043956044,34045.4515018315,0.0705039421391496,28842.56043044936,156186.13897435897,0.7837850710472689,8631.298634698634,0.1313424579158882,33028.10382950383,0.0841613343853941,1024.5303086101494,480.7501657214407,7604.949473374088,0.1230649391892728,28638.61963223622,191211.4634308021,543.4381545804057,6.664133333333333,466.2985685071575,0
23.387899699095534,5.619994661367423,-2.945893535430645,38.87264430682243,10.009794245498918,5.5381017626711815,1.0780911650549485,-1.6828109697296367,1255.7540132200188,30675.972649399704,0.0831507263688789,25799.445296610294,75950.16818427088,0.7982804645819762,19286.651369356037,0.1469581199945525,30319.952442635084,0.0945357827677712,259.49391078042106,1237.6083881085049,17423.248239965298,0.1382184547346198,26599.45430594385,72791.39037736479,138.05601551198794,7.925766666666667,444.9514866979656,1
8.582912419566552,1.062272176935641,0.5100013579568502,26.38529850740553,3.5728747353619483,1.7405338685128282,2.773616013918944,3.6645236383147095,803.2679651763317,27384.132507009,0.1105587317215522,24219.882791379183,48482.82123358418,0.7845090706889759,8407.804269001846,0.1852090525062491,26567.85188479168,0.1230980493013566,1224.8365384615386,747.4068986568986,7228.203601953602,0.1726416840081776,24218.717283432245,52109.02037545788,719.7008523508387,6.138388888888889,248.8575712143928,0
23.706176564125304,4.520368360054462,-2.993053074637872,36.972495799687046,7.121425600777108,4.815999853139029,0.9338136497662084,-1.3337558685763795,1730.4402434473056,24504.00717710217,0.094009327558365,21044.076143957776,61096.333046249245,0.8080179475133216,22799.83779730019,0.1572310834396725,24038.587663381182,0.1061909661581667,185.08889724782145,1648.7235283054354,17926.395335715628,0.1593611206526662,19798.060618539013,114363.13224876185,85.37898375200719,9.3742,579.5474961640396,1
34.514239444658315,3.7372611256266537,1.1074174809836392,44.19925732239943,5.076660410913753,2.1064850603680703,0.5159837311044606,1.8853495441553707,2454.0756309086646,31390.67288460036,0.1006473479393729,28700.51228117348,46667.62672865068,0.8400983617634844,35565.710567587754,0.1660266832400334,30803.55563853622,0.111719547096495,40.259767313890414,2417.072478578728,33173.28350758588,0.1581652422954928,28757.947716189326,47381.73693105888,15.771471966511696,7.488,488.72938955317807,1
20.709091705756155,6.773492507717708,2.0149020521757506,33.711010719326886,10.720098105853754,3.5028049101349383,1.038841875318151,1.723870706547709,1552.8958487667023,21206.99034214064,0.086586676914124,19232.96417458994,31920.72982687189,0.834875371986695,25144.514053814237,0.153064446249158,20660.78401231829,0.1002658772052792,119.54367231638416,1474.807683615819,22138.39604519774,0.1411835537789419,19219.69032280644,34217.799378531075,74.54828249808874,8.5371,503.5643749582415,1
26.665708695214267,3.5105646791888043,-1.8084206856264395,41.70883157123692,6.015993597759318,3.091500362133908,0.9375700531120824,-1.4661424264441474,1436.4581070946454,33886.205159742014,0.0860308244769485,29492.255167750794,82636.26107694615,0.8117205316518938,22045.548880179173,0.148518474786497,33259.35408734602,0.0995452770301714,136.31320129989575,1451.0233000183948,19226.30645655773,0.1458944759763736,28696.85188170452,90600.08072230055,100.72656994005938,7.8869444444444445,571.3882218410521,1
30.06279847248854,2.1802962001065342,1.6683431066806635,43.49408441170351,3.802004514948552,2.721234237772744,0.7666756000159424,1.552559138114948,1695.7431700063923,34579.90392151413,0.0933126543999264,29256.327635894257,81778.76173536033,0.7979210370340761,22956.61613704585,0.1538681288689803,34315.81603871235,0.1025741218708202,92.19099201824402,1643.3582098061574,19742.442930444697,0.1490962770086923,29102.148053176494,90458.07177879132,59.75363357215967,9.187033333333334,263.8312647529125,1
13.08437532434156,2.250138773974736,2.228541183465273,30.623340950528974,5.528094208004029,5.710191744198884,1.9614061707101609,2.434794808028667,2593.167712347527,18515.73276218988,0.1350866020262498,17393.57189227529,23916.50074843148,0.7862376043398756,19250.002518287565,0.2414213319455638,17541.771225566616,0.1548020519092338,151.4833231087146,2520.6808627425658,17733.765684026992,0.2273341776281899,17580.883866329717,24590.449872461333,74.33321426445198,8.432922222222222,443.4363008971704,1
27.346092624414226,7.391112336884311,-4.092840050724816,40.55637896980805,11.567500444059474,6.4091858175079786,0.8189103691815683,-1.059704524506977,507.4947389319039,39146.26881080008,0.0421577127833032,27532.702497604627,223070.9658526901,0.7606213016202407,13092.4556261529,0.0663303416891714,39752.26214388194,0.0437784965908601,416.44262295081967,542.6599945657097,11049.771488089847,0.0661387945455475,29704.38799716768,166916.394529481,296.1750715161422,5.1799333333333335,675.6909344490936,0
31.923638575481736,0.0376850105732581,8.13383488860906,43.80232376295445,2.8114329613098983,11.926002492840745,0.660505648115025,1.0416982903038134,1963.7456196869869,31962.38889697171,0.0923245913732035,30066.766479346043,40676.55666867583,0.8805796714610417,36575.40698284561,0.1408841820301073,31479.648294651863,0.101510528829101,62.3363487188118,1919.4283670635757,33887.22779484159,0.13385543639227,30074.824395556527,41865.91225228258,57.03178869510741,7.871677777777778,472.0871402165302,1
10.44900828257969,0.778470234163765,-0.4305419792560535,29.543411873309623,2.3840839392689483,1.26533175532305,2.504397348752802,-3.523454804995511,2721.250040006401,20590.46571451432,0.1601231019567642,19153.74576672548,29265.09489518323,0.7492303101751332,14092.0449429883,0.2753204435319089,19354.90948467348,0.1802064473201595,193.33483017635533,2682.407168517309,12521.447338340951,0.2630001391922715,18765.028638167005,31942.75130633573,105.7442152731574,7.3737,557.7640573318633,0
31.995490655382746,1.45974531557787,-0.5827862510178837,45.503144151936205,3.4470525711315503,2.400703488239057,0.7285302835455086,-1.6405157690918923,1660.378250279771,35111.953294713974,0.1017073996812705,29792.2507170012,990243.6394575736,0.7837787809679394,19015.51768255884,0.1698947856178878,34179.1604103802,0.1161701989641642,115.1879253071887,1757.049795207534,17785.51859257587,0.1649588472060196,29425.367165360454,624489.1969555261,59.65194805194805,8.038,519.2212612045919,1
25.31874560893345,4.426423654224091,0.2400432288447541,38.41032887290116,6.677054738635554,1.6062889942107763,0.8807918639500241,1.8878458149683837,1883.7701815558491,25627.0202717326,0.0977482330083133,23365.08799759338,38210.52833954551,0.8527784952246896,30707.938975760564,0.1561872942539885,25157.486088086385,0.1081919022805661,109.56537865627494,1873.6616742570077,29033.585332644725,0.1467195680596703,24162.856398663254,35175.3263768252,46.96667265540784,8.207811111111111,646.400298034833,1
1.0244019799879984,0.1624746739520076,0.0384777293088825,9.304320173590751,1.2365680271740511,0.4156754662315413,9.219316466962317,10.33898443194596,654.0595887536718,10307.762484263534,0.174995712823987,10115.1829529141,11223.057280738563,0.7043088551543499,2407.892555640829,0.2705938483096033,9465.361665387569,0.1781161272936692,4980.6924391285775,636.5835113199487,2368.0662110209314,0.2726551518065321,10113.801638861449,11606.8729175566,2663.3216572504707,2.5882,416.2824427480916,0
6.443248336489571,0.4370366626298835,0.2421499617894328,23.453892704361017,1.6661314781202154,1.0876039654416811,3.4306303654650945,5.047312854603473,3833.241249326871,13337.106043660164,0.1946474202593857,12758.864386539755,16096.77908951576,0.7237802907271425,12702.247084018509,0.3245421131131595,12515.546177674098,0.2175887665195228,257.16957756173105,3513.0351888496944,11471.93125699045,0.3058822304554006,13415.394927165187,16363.81493590295,100.0657664318792,7.603855555555556,493.3756223492531,0
25.193082826925934,3.475210116982016,1.4767073683176528,40.15369735064614,5.803984226355476,2.7097476949710115,0.982307795756012,1.8172699112707649,2523.744400010455,26418.548812044224,0.118239088907434,22394.268275143968,58455.21775268564,0.7751803472866333,22780.4801334249,0.1998306325238884,25931.790444422644,0.131625365445919,73.34895933047069,2450.922380548642,18983.11022071493,0.1955136269526649,21432.80028238091,70798.98389081859,39.4717886572952,8.68288888888889,430.6866785381158,1
23.03615146708882,5.736790641998648,-2.5086342463611504,38.3905730146314,10.07082907185299,4.474173284910787,1.083053353783748,-1.4261423407347735,1254.852678571429,30198.53484235491,0.0824489901387931,25048.95568255699,80425.16319056919,0.7886945568267345,18101.190412143336,0.1466447295241977,29706.98379607391,0.0950570452911294,232.2828662236348,1234.213883270731,14958.279760184918,0.1425128033809911,24461.12313097243,96638.28030193584,136.12033979804457,7.465533333333333,485.60079531646966,0
8.282362374678524,1.5557625531651675,0.2789194077887275,25.434547791185476,5.104045435023138,1.289000084446416,2.802824043451285,2.385475537652545,2389.604104038688,16469.96745523461,0.1546361127166606,15417.743841722036,21615.88389317301,0.7592959420699589,13305.688503428804,0.2655633020848106,15379.30645421541,0.1749832565887726,367.1123536606675,2406.6973615236766,12324.54875065525,0.2561294746237201,15286.766100457067,21995.82286388258,162.8615783713672,7.394266666666667,467.746528865226,0
25.680380602409823,1.911418567406616,-0.7909228947587035,42.01196099921785,4.182766466181573,2.726514528373008,1.040894095330538,-1.8788156121795232,2201.9030169168213,31706.371592791525,0.1146389604017561,29457.317577506183,48661.55848099995,0.8383346567773245,27396.23222519978,0.1869218707787593,30803.440839187853,0.129179200492893,100.22410386677956,2117.6072922279527,25181.29056013137,0.1742054327721491,29342.1425823622,50140.78482539194,68.49059515771197,8.195966666666667,246.32653772434224,1
9.097570938209234,2.743081885119528,0.7149910286197125,25.612381263939323,7.59943490798991,2.2167426556855423,2.4896866343642605,3.752742502257739,1152.6305053314788,20578.551402410754,0.1074144833725759,18110.561110480343,34928.14064673157,0.7604925459101692,10082.707155453429,0.1994867379157928,19448.801047400204,0.1276759284615728,583.7215249822401,1148.914870944826,8989.84075301918,0.1926960290118217,17592.44559449197,39194.56813876391,267.90833333333336,7.252922222222222,420.2222222222222,0
14.202209590254595,1.938780737223668,0.8642461782728149,32.54852967365751,4.828671555474972,2.271847648151199,1.8794229828659756,2.902850093905672,1520.1923836744988,25956.66071203396,0.1170805226487518,23257.296940228705,44351.98209406919,0.7850357731747093,14707.441583848502,0.1997855433356615,24921.672431332656,0.1319788196903531,312.66936003782183,1416.8152748527957,13296.79610607298,0.1842516356799206,23661.023967953573,45451.0071775476,213.49066614266064,8.367655555555556,523.7458455522972,0
23.926805373466337,0.8890357473458471,2.9871969754396264,40.80887533022727,2.924247725179764,6.401055948189673,1.1321601253499896,2.520978305066097,781.4842676034825,40245.51092103253,0.0646208762399047,35190.48487982726,76206.19272185734,0.8278690628903093,18034.02848361388,0.1125702030987312,39406.867517243845,0.0751953525778876,402.18920396844,764.5780798375127,15577.632528708697,0.104871045460994,34390.16590912793,82850.19439887509,253.4465377328138,6.8891,252.6445169963511,1
37.53521265745029,8.380922013366524,4.136215789241246,41.903236684386336,9.260330956022855,4.799082024055744,0.2347676516523096,0.5577033362245815,1679.0607826631267,32502.03071510285,0.0575623025648066,28397.133950007843,57561.73793951952,0.8497589888295775,33335.66526582072,0.1009573377979762,32154.188889795587,0.0666045591576617,81.87130875414992,1649.198890442076,29656.28769875939,0.0953941475261359,28426.39108889456,60404.656539402415,48.172411676861074,8.67971111111111,467.1125694769973,1
29.378810686581463,2.6012449132338498,0.6672732548962793,43.070660736738944,4.285697344489934,1.65524133410331,0.7978254241603976,2.3879250372236047,1753.0915077480477,34243.63967294181,0.0936071809721752,31368.16225419752,49683.85500257044,0.8420572414196239,28158.80276611392,0.1501337429034985,33627.781984674875,0.1010694725760499,106.01016311804462,1647.1702322272474,25302.85802124092,0.1403638316596305,31051.93480741496,54706.11974693836,73.73521615725646,8.0902,438.5519468186136,1
13.98146439125607,1.2303014429720616,1.037498283997333,32.75967761753211,3.290381598615438,2.818778502278169,1.954640458087409,2.9501157380505263,3294.709674574477,19826.293441514536,0.1545091238649229,18696.52578751098,25670.669224211422,0.7877596613487564,21109.373737928006,0.2628363645585262,18880.408883889377,0.1753704886193916,130.828207185522,3185.884609669846,19128.864610264183,0.2471345535569331,18875.91505225836,25814.882440343525,58.752236636099305,6.733733333333333,484.16267942583727,1
14.127723689208798,1.00489616901463,-0.2616834117405572,33.64478787801247,3.180555938853887,1.9946881515388253,1.982271584248283,-3.728019750648296,1721.889581709535,26801.375638694037,0.1263479684219123,24007.773819996502,73548.83965532173,0.7778098741433509,14202.865442695916,0.2224870264045737,25740.99113813384,0.1466480729021072,355.5280251440545,1731.7414003841452,12658.784005587568,0.212288998262828,23516.762835377514,92693.97035969968,203.1818846466288,7.898155555555555,555.6355292092933,1
20.255132762405346,2.097186510835697,0.2042809557703681,38.02123914040388,4.423157606836065,1.0364083974333833,1.366138286823748,1.0166681535033513,2087.2571938876763,27967.278711762538,0.1185542705325915,26192.999063012925,36659.04266719587,0.8217621163891997,23543.71935927514,0.1965822569403203,26904.44403095758,0.1321822505438233,114.40881016198578,2033.3123761799325,21034.39610767976,0.1840249173834523,25735.54378850933,39995.86475935206,70.45752942768232,7.844166666666666,229.47027135880788,1
31.765269193696707,0.5117043490810864,1.2500527118635187,45.470786454653535,1.920256337761716,3.2184132509986934,0.7404793853887696,2.9799270655288908,1337.8453594856142,40523.39838929661,0.084847615025709,35683.51496245688,650492.8896213548,0.8305322188291264,20867.92286655479,0.1300796665575357,40210.29914848654,0.091782035474153,222.06635229590984,1276.2679843483495,18779.417310457844,0.1247092531032346,35212.965439977495,469270.1369519414,131.5912011863569,7.788366666666667,461.6370087701681,1
5.951879325289704,1.1994783068469943,0.33207037148205,21.32521740219972,4.508300905990984,1.2223876695098352,3.3678738515526216,4.06013597322172,1406.7554555831598,16828.296313704424,0.1328261840194086,15591.42270196906,24068.180084603504,0.7418714641470415,8352.915378955115,0.2433303056136401,15666.343880304144,0.1557103375045376,569.2398543528633,1403.7667659715323,8162.2832836809,0.2319504364201401,15894.404840746762,22701.97192982456,341.65643052599575,6.555011111111111,472.31693290734825,0
19.099538694437243,6.424449039375251,2.013523691325287,32.5951027772738,10.776455870249514,3.5933500904198583,1.1485050763314064,1.5923149503413976,1042.8578055361852,22349.893429948763,0.0721259647890534,20953.02579850785,29166.913622168995,0.865398918697228,24455.060535438577,0.1250952328531715,21778.458006816792,0.0838798233486923,247.04497631206547,1046.2405709715129,22408.42804405341,0.1189706705497116,20532.04164533595,30828.928936196397,110.7552231857068,8.054511111111111,531.256993190152,0
26.89446272982704,1.5580022857508482,-0.18497733539653,42.90762951010967,3.128030844090393,1.169689589985519,0.9774072830022968,-1.4361548708645957,1419.0432839180628,38418.320288130686,0.0870891514919807,33644.449902695014,98364.45551017782,0.8189827654739869,20695.4971871674,0.1423091689900828,37608.107070092745,0.0982987348033696,282.94377348362855,1337.3181025228128,17863.93156199678,0.1321473179027287,33267.05032444123,110587.45917203436,109.85584148697971,8.610277777777778,487.50353968971234,1
12.154397720232032,2.13996122436279,-0.3521877611354806,29.722337120926305,5.115450026521708,1.3586659031769777,2.073823898898964,-3.613300220885909,2822.253974433846,17456.73356693271,0.1392134879173974,16288.84282404038,23932.255564207386,0.7777831504082247,18915.723542567463,0.2489592687753427,16598.703652899956,0.1593461757332298,140.6439473936834,2838.441425874372,17694.00739176346,0.2369716048501276,16484.335585809666,22963.5715657099,85.7880465687008,7.8422,642.9199233988224,1
2.8852487581852557,0.307017090450301,0.2334279725532678,15.671411997847764,1.4801591756560015,1.3733261390361104,5.3633123565084535,6.567209498856023,1774.5599240109027,11567.518295201124,0.1896985443381683,11219.247979799951,13138.699099694391,0.7297569933340023,6517.325991189427,0.3123587594182582,10780.168919945314,0.209486471089915,1204.438596491228,1667.5891670924884,5769.351388179186,0.300289145455769,11524.903168275683,13571.605177993528,674.5271611485718,6.1196777777777775,569.5689261233816,0
26.668529683975187,4.773441562517492,1.613202311077235,39.934776053188486,6.937270230655885,3.0348456227069294,0.8509922468252811,1.833566376543731,2465.93681945066,25462.38547593173,0.1045726601837958,23507.13892118702,35254.82978542053,0.8416810782160713,32728.963904806573,0.1749743908960236,24789.452800946223,0.1167192590139651,71.0587506144344,2433.538565108675,30833.60947618132,0.1654203754497623,23666.89249449465,35322.47652326302,27.43301303629353,8.692022222222223,482.68646332668726,0
18.845852993164097,6.22404408290383,1.43477923587374,33.67022958591201,10.462595686279933,2.828407147296596,1.275536006186495,2.166830183712423,3726.274725712352,15530.394695446128,0.130132907914277,14556.250367814282,20187.86635072977,0.820086161225605,32926.715669570214,0.2199147327459645,15029.54262467694,0.1447536771700988,25.74723175216221,3568.35723236847,29317.67617149783,0.2088225122851801,14539.81792480758,21721.172257945236,13.498180146354546,7.299533333333334,534.6015335573361,0
9.454397991435943,0.9700449734529116,-0.5389167135479764,28.111926373134462,3.2466356666082627,1.833019415915535,2.6645921083861146,-4.139915312510237,1357.5204913327975,24375.486568706237,0.1297435409176907,21962.42637375252,57574.927275858114,0.7671872419192944,10392.5937268983,0.2249476261010283,23536.444133488225,0.1465536777879411,521.9150561797753,1374.02202247191,10208.368764044944,0.2170027152339229,22409.99104746113,44159.01466292135,333.7287098947805,7.554277777777778,472.64023071377073,0
18.05698434680544,7.297661511400997,-1.826056180121132,31.66040707175466,12.189804486080938,3.798453337956156,1.222658487390563,-1.866259754815177,3055.738112561524,14811.797068264495,0.1232908008974777,13911.535353825671,19593.685512518725,0.8269670215528511,31410.421326025604,0.2066604272796539,14390.643196040735,0.1376928760392606,37.85263836646964,3044.6165502418053,29733.469511015584,0.1971719918433839,13835.528763081533,19936.14048361096,22.10410390033385,8.1134,486.82908471842666,1
15.1143479766783,1.324848309284271,-0.1651049059880803,34.12121400154853,3.1360954047703875,0.7789923810050822,1.8307874796265704,-3.187972914117617,1427.3619229600035,29290.61575541755,0.1136505725430966,26307.66807526265,61621.30868111348,0.7830022999034497,13849.654132231404,0.1883832632704372,28631.734256198342,0.1243460706654566,380.00344984112576,1355.9984566500227,12501.544984112574,0.1786825061997397,25636.643789825284,68282.45923740354,211.0188323144463,8.32488888888889,402.61506400714495,0
28.89600350278416,10.719566700478287,-5.10737147409677,39.47637979542273,14.563781527100016,7.225684253032682,0.6510222690595592,-0.8685226416130517,1684.120327593448,26318.978029189417,0.0845063569285702,21678.61726829269,81778.61591768164,0.7978756585755182,24493.19229090909,0.1453700861514872,26316.68383030303,0.0950480027718264,86.47305244501732,1659.135234565912,20543.08711297296,0.1432410335775445,21272.355764433127,88563.80858777088,55.20587387040953,8.35821111111111,471.85110204081633,0
32.182853544233296,9.290816940587971,-3.7707626517742137,41.07867207277604,11.650814556357682,5.025525413345341,0.5129806720430702,-0.852022494445719,2005.5479694410935,27298.57362283876,0.0867141031339504,24607.90444716219,45453.08765581021,0.8535702465593522,36092.62062987025,0.1428884598957052,26845.927124811857,0.0987334239806869,41.66278624029053,2012.9522647029155,32885.258367799855,0.1371010854177723,24449.695010857817,47252.825582568345,28.28976402083972,8.041222222222222,582.4947232947234,0
16.510773941672362,5.515044614344265,3.664726057984712,31.785368619062176,10.397647100559343,7.158800344144324,1.4421953353333383,1.659000607783938,1531.776795476555,19982.459217144107,0.0964613934828556,18285.07701503474,28941.08562681578,0.8264819563578301,21367.05063443382,0.1664143840415394,19401.27055144627,0.1082549356244593,216.6578854143184,1444.8943029210009,19593.19155582751,0.1550980765878054,18338.958728731173,30898.69054136743,99.65120593692022,8.627366666666667,461.9190976815429,0
26.37639991842191,4.876996518605841,3.242493980005379,39.38464828273388,7.156040835148489,5.208285220335484,0.848670320661683,1.337180226460304,2135.9366563278145,24943.9322877987,0.1035570944882923,22858.55435495793,36149.45397754576,0.8441436428890704,32090.40659478698,0.1657368000516537,24471.2968282215,0.1113704603828794,70.64368321533793,2108.276461017545,29931.953915834834,0.1592943378367924,22903.6175968897,36745.59346554681,28.08068972681001,7.995,462.0322371548334,0
6.898363814403827,0.6600665679851253,0.3002444631207862,24.026997900666014,2.6483322658508808,1.3123755445851857,3.248270531861956,5.235007269415806,1881.8500365764448,18490.54459512689,0.1592456654435039,17341.13250590143,25508.81436047493,0.7664758303351811,10555.347826086956,0.2669280422996272,17383.14357695704,0.1809049088530073,664.218291778399,1804.526444913562,9626.901181034977,0.2513959509811687,17593.585415661466,25284.34883322873,292.07294960995154,7.677222222222222,278.9911292256054,0
27.33341203418228,5.020820172907619,2.178593584190573,40.30645504487034,7.535387040187957,3.664087911763867,0.8102770589093545,1.554452308933409,1377.549669684365,30009.844445803767,0.0844745438816979,24201.81234337473,84121.88019941277,0.7922267224633589,21343.277246706293,0.147139361746787,29931.75392369005,0.096009683259653,143.9853421633554,1426.8895069904345,19085.969771891097,0.1425446083132585,24885.61322081152,73801.95776306107,80.48230112555053,8.988488888888888,493.7549229211208,0
16.5943058111254,6.088199499743804,2.4289272557145543,31.44882083885938,11.12677003255472,4.6874114514207,1.410172626915871,1.7557115916382413,2560.3112623289244,16199.625506537195,0.1194039285235519,14927.416527268517,23360.46700818105,0.8216253079548164,26109.25458782406,0.2013625827559559,15733.382124478105,0.1330941013615466,102.098144823459,2453.5463533942184,23684.333177217497,0.1910638899976406,14952.764657942627,24950.279499388547,50.28755666529296,7.600788888888889,470.39405894639134,1
19.66000540346576,1.0995446189494236,0.5458933930020164,36.722930316074,2.172309042753048,1.221384093106132,1.3491307371810848,2.942529958402303,2237.042846519078,25943.72475830902,0.1229090471476376,24386.72742387037,34502.9556947543,0.8295763818192367,24071.342834051724,0.1987148404715185,25054.357112068967,0.1387718127111043,107.98183578180162,2212.143947158638,22745.05107618722,0.1842682288525655,24709.31662730991,33957.70792051019,60.68087067306389,8.259777777777778,557.9532979086434,1
20.78880120627253,4.001187492935566,0.2953154807060286,37.1390072565986,7.537315566983778,1.332990025897105,1.247280872693863,1.7669690228286727,1363.046519172127,28771.428891195745,0.0918596561506864,25660.007361820124,49025.5312723026,0.8318092017594276,21469.160533495,0.1557872029495698,28237.10454683237,0.1051162041985438,208.20269098615967,1349.63601040429,19897.535114479306,0.1470495403973485,26187.90806862032,45743.29838476607,119.25268209187884,7.724377777777778,602.9096278795038,1
18.77112184008157,5.506472716900718,-0.4007393608569125,34.8276013001414,10.206174739647734,4.288938906509447,1.3419698379058216,-0.645586274861482,1246.5765613370322,26123.9799715813,0.088255617361048,23302.106760045077,43093.76020028419,0.8162455667592103,19391.65161082474,0.1582353214567079,25433.18389175258,0.1014033858245806,321.8984652550803,1196.017550092369,16697.077021458008,0.1516500291381517,22317.49052294144,54862.6833878073,130.06573457753433,8.813511111111112,451.9223021582733,1
17.80754775068898,1.1088471410283025,-0.5509404722312934,36.42948903323881,2.7857345416744788,2.4512164147068933,1.57703977500996,-2.0542704441783552,2548.921680117388,25548.224413059423,0.1353195659338654,23382.83172841453,39158.04915627293,0.7954021989193121,21021.014970733904,0.2271838980180517,24483.22394191805,0.1560479856625583,99.1955438287892,2723.744591029024,20611.760891234244,0.2139561229016919,23693.7055923994,35248.72858399296,57.47710991717036,8.554566666666666,486.6512551079977,1
5.346129999986789,0.3272197418418628,0.3214811584034632,21.600502598818704,1.5274479232279317,1.5487845962168492,3.8314983611203153,4.870356413483979,1424.468541245922,20319.2140748796,0.1560072780423125,19001.59119881087,26697.725415566256,0.7379582750563659,7085.343589009731,0.2634327885918421,19051.99084144247,0.1770357979802962,1105.6119426625485,1378.9274570365092,6584.180486259603,0.2549814062802973,18883.835409010237,28121.092183416487,575.0321196079834,6.499533333333333,557.4933602286098,1
16.03886309679228,1.713057770033374,-0.0760837889481021,34.760035720165966,4.111075557285387,1.395865084098742,1.737103887588229,-2.6349236563664227,3327.6732130747323,21222.74094669741,0.1480045090278477,19965.119138676404,27601.034856910348,0.7877347486110222,22621.20438778384,0.2486273518420283,20266.10342267619,0.1657358755575214,71.6681494419125,3299.714024506727,21285.497284610978,0.2356210878578566,20057.72109290177,27724.932074338893,43.580097829409965,7.656644444444445,565.923673532282,0
18.33831821602423,0.8398570569141517,1.576417354273839,37.201689690540455,2.453198229170665,3.737565068753435,1.5501879161251435,2.301689450492362,1142.4141732283465,33899.18310278783,0.0990286113106062,29858.711696822804,87561.24341349224,0.8028472081878861,14903.897456666127,0.1597528817130145,32919.93370322372,0.1106067830606137,399.9892105263158,1101.493333333333,13354.622807017544,0.1502195110463192,29506.70336021554,87157.47403508773,238.41680090206185,8.004922222222222,463.2678908188586,0
22.416893401623724,7.740792270310538,-4.698737822216886,37.37650870096153,13.119967678946937,8.209831851439072,1.0849270792103771,-1.402022283364415,1657.752657932643,25107.46062830098,0.0994514265593919,20277.90488810281,123902.87166472324,0.774309167351131,18166.377976921187,0.1756699003762898,24870.119353056714,0.1145754935920424,196.87606368377712,1650.1048586329948,15508.409483941809,0.171720403111573,20308.71990694726,122931.44002195992,117.10676775837425,8.071922222222222,631.2824811399831,1
4.003711660821212,0.1447175184613545,0.1875626646904831,19.005499118566465,0.8404373610434257,1.2318515575453637,4.589604070728227,8.28915761267547,1456.8396428239234,17871.66691470561,0.1725514100961316,16362.13938677893,26830.68505255325,0.7083061099075038,5557.845219140199,0.2814256326907838,16646.316936227267,0.1909462553341148,1152.0653171390013,1532.1303643724696,5506.709041835357,0.2727915285198326,16485.782180128568,24385.123796671163,606.1149540517962,6.729033333333334,645.5616261561627,0
17.313825075962463,5.198616810887573,-1.5863862064022891,33.320625292276446,10.15264180044402,3.367476055636568,1.4258173482979584,-1.929282309789192,1262.2403531842945,24327.862896862676,0.0893265522928306,21162.004129003177,54563.68536539545,0.7943513377647167,16765.572815192543,0.1557987370851383,23893.394021452437,0.1008819065033462,333.0527212200976,1183.6322675543856,14670.411395834946,0.1463108501416266,21043.262716014848,56338.89424789038,153.7179745954411,8.704666666666666,462.3487605064368,0
19.829336616061298,3.1055367683161514,1.1796308890364051,36.81359516857611,5.89795229819354,2.476835473254438,1.3336676350848866,2.028690252607528,1631.9382691007438,27999.30456389452,0.1006319967221595,24358.719687693378,51689.20412440838,0.7842722811573608,18114.605969392604,0.1772161027819191,27250.40397959507,0.1155961798060747,183.8083333333333,1544.0416666666667,16082.780902777778,0.1670032514419686,24438.932445001512,55766.18423611111,94.69990237142947,8.3346,544.7016557952835,0
7.664091480105642,1.1898178243633926,0.2645947505701863,24.75313452113568,3.996204776169225,1.379949887428548,2.975699143826659,6.243175248213225,2839.533467936619,14930.966510117192,0.169051339846063,13778.73144318944,23893.257779923628,0.7375089384243901,12491.924644243209,0.2915035741356022,14056.06577457956,0.1901633634624174,262.16442531827147,2766.417966648736,11035.951945490408,0.2827114790269381,13690.218390131013,26528.18585260893,119.91257359464473,7.892188888888889,563.442316258352,1
15.117137405882923,1.7100864870933967,-0.3635502898827663,34.05229633429995,4.208604306651529,1.4618481757952777,1.829673760385492,-3.013599768525528,1714.0869182149013,27111.08879524995,0.1158222780161846,24858.38063528245,42999.22057077188,0.7942258258228899,16679.683377588954,0.2050328518097974,25981.104337050805,0.1332932433572317,291.1167261949996,1713.459153431112,15692.694657648755,0.1935662939190939,25085.657008653965,41180.43677331104,140.7675472767193,7.1380333333333335,622.2598035363458,1
16.63715375118716,2.8705615528494604,1.4552658612196068,33.97786099424089,6.006154934507124,3.517796446946601,1.5885138071203189,2.6019681643451564,3188.6709269333887,19131.39026993258,0.1431677189216443,17673.110791352276,27413.42051695864,0.7952872540007169,23815.42202062265,0.236744387150439,18554.03118183621,0.1550809198970254,88.5100505213372,2992.957271847791,21356.97253574116,0.2259471636293495,17934.737104737207,29506.025475653016,44.16320181719421,8.018777777777778,246.45917387127764,1
13.321236391309473,0.0504123436345152,0.6495475209016601,33.360230388622185,0.8797397678365403,2.2383483863836724,2.1168534957313727,4.1584765797952485,880.5925683632082,36567.11258668063,0.1031677810607071,31494.86960420022,124477.6051288761,0.7918841990071417,9498.01471497465,0.1573070533315811,35931.845616421415,0.109694276191046,1002.4883642495784,827.4288701517706,8545.73807757167,0.1468027043814113,31497.185201313143,143867.07588532884,611.7983255355824,4.909511111111111,236.2625292451669,0
19.825868668122325,1.843615360653105,1.333189197410717,37.59444491796828,3.857052812835279,3.49505057058569,1.3893642222512712,2.846180052560029,2311.967357542215,26418.872479810245,0.1230715752947231,24386.29269677523,37053.64183656181,0.8142707104310044,23090.69994347697,0.2056087210524782,25745.528571044066,0.1364309867508979,150.39263874800753,2215.2588610346324,20803.66152731488,0.1946683110076839,24311.498643114013,39745.746587451096,71.08269990062045,7.667466666666667,461.1238162048404,0
7.234129966384111,0.8736047667722606,0.5742739795030075,24.26692655381493,3.351678658050618,2.2604776343560204,3.1256346071068504,4.478926790054107,2891.627972027972,14875.723732517485,0.1672704804953033,14061.371607146802,19541.5465472028,0.7395107334580856,12487.798714506547,0.2950711441508651,13993.728988690911,0.1924790961188452,306.85292251925694,2716.376076121432,11082.496511101042,0.2810946724170001,14280.854434997584,20507.42288173992,151.6439556872134,7.958388888888889,257.2470003242893,0
28.83349033456385,0.6901032280608473,0.5514576085113624,44.02206093167113,1.4493636115124349,1.635206218860872,0.8899381275661689,3.5808399336425563,4324.0829292047965,25282.455309132965,0.1561693480063267,22889.26481699296,103005.33129070875,0.811583718363525,32104.688628730448,0.2382866849621151,24968.367527108723,0.1710049163157267,20.134730835529314,4493.148164292366,31103.913078797726,0.2303819035605639,22856.240325935985,89427.99342196509,13.073777777777778,7.7873222222222225,462.2874106058562,1
5.576423386361243,0.7655391910940669,0.2610196474585118,21.2612646867482,3.199718242056788,1.2596424671926414,3.6525325812137135,5.845044450394366,3605.920106020447,11127.77378097522,0.1903440775787871,10720.612922428229,12930.05608145063,0.7344244235318791,12757.160335567838,0.3248762227756115,10461.45866164883,0.2100838763774648,294.730184628596,3495.826878488622,11611.911893516532,0.3132136921321126,10800.7486472229,13423.603649635035,144.34329177448444,7.878844444444445,245.84779364740996,0
3.3137542622286333,0.2945271823166658,-0.0400000434116222,16.985794256900757,1.100935866962437,0.3615817266713619,5.047668925417843,-4.098582266585269,2548.2447222399387,10624.435614516233,0.2087658668938301,10330.704176712972,11988.364500287007,0.7337740864680988,8466.463898065125,0.3329598925357362,9901.488614912694,0.22842386569431,816.1110481586402,2592.367327667611,8328.27403210576,0.3253354893072923,10372.288059672444,11537.782247403213,403.8351381738564,5.408322222222222,602.8980387063256,0
11.040809171692176,2.7132561785334017,-1.1547824467445074,28.77449579975792,7.366162378986925,3.505420166134655,2.276422982427248,-3.3844130819529696,2882.152774073086,16534.885936249666,0.1452595350457952,15345.8440987624,23568.018704988,0.7713043388603669,18246.177388506025,0.2646185349471007,15373.922402015847,0.1710732449478527,130.31934042832742,3009.329260281172,16417.230127447117,0.2505413987718888,15040.744153918691,23321.3482131126,82.0910280203231,8.244044444444445,587.9082869308877,1
18.170348647910213,4.015949270402012,-2.411942351373109,34.886382352633085,7.978773449368092,4.982722326142758,1.4307422238098118,-2.1005156743534394,2233.511330872248,21845.314354234597,0.1147712857355388,20388.25797021284,30661.156988493974,0.8239517110943578,25218.89511268676,0.2000760424537364,21030.00329197265,0.1318894999125196,106.09679344582496,2242.445499430308,23035.97959958765,0.1910920859442263,20134.928266487317,32994.52767077207,57.86493388283482,8.138344444444444,570.9894803615795,1
15.787965628727957,4.895614441121084,-1.9250949435457685,30.86829135692478,9.573309658069984,4.461008064054605,1.4841427647660888,-2.2213693930211984,2258.1202544339703,17465.4462049798,0.11336543934258,16119.078120044174,25475.030887367124,0.7978849682843765,22161.460831474564,0.2086519062898745,16691.15885087743,0.1351622398209618,88.70024492148106,2280.9058925226914,20448.28344618931,0.1976792912299871,15871.59958444872,27432.874369687364,69.90800744878958,9.228944444444444,509.1549927450204,0
29.24011475690624,1.943518835024021,0.0939072757340481,43.64992196885133,3.643401213924803,1.7372534460967926,0.8351934751749467,0.4481333262626251,1984.80129183196,34655.22891872648,0.1002278966400114,31100.196743304707,60612.83569830129,0.8188437563724978,25921.067454443983,0.1650003133384056,34011.843156285635,0.1112604403961174,74.064153756056,1848.4671245274983,22545.182984613748,0.1547868011123273,30850.47435090754,69226.17651599851,41.75220895232547,8.110777777777777,532.0081844826632,1
22.69280199943875,1.7467890237093102,0.666207929759515,39.90026373366268,3.542194323829217,1.9836193788726797,1.2067244654261926,2.5407161692995537,2208.4989304957626,29408.65705466656,0.1167085814120714,27111.155065285417,42946.8426881109,0.8209803924443854,24589.51756530691,0.191685105324791,28547.60751512032,0.1281646583664603,162.09967679730573,2160.9241152665745,23119.486162035904,0.1811348866260468,27307.03517540041,42552.64181536707,55.41453480972381,7.747566666666667,456.0616149068323,0
6.190111700990839,0.2541565652256584,0.242061149974655,23.305804268135866,1.2466545748783753,1.1417009959726532,3.542294771901091,5.809341655344953,1871.5687480190172,19906.46985736925,0.1729757289282866,18933.27492673296,24712.28938193344,0.755979848659926,8884.730451442942,0.2850667834464685,18655.97670937612,0.1932223466067892,805.5623413069625,1675.8576774021114,7887.272484297741,0.264535526685153,19228.49928636567,27228.81511425899,521.4257866554359,4.994233333333334,223.9728317659352,0
