mean_u,std_y,std_u,std_v,skew_u,mean_lbp,std_lbp,skewness_lbp,SRE_deg0,LRE_deg0,GLN_deg0,RLN_deg0,LGLRE_deg0,SRLGLE_deg0,SRHGLE_deg0,LRHGLE_deg0,SRE_deg45,LRE_deg45,GLN_deg45,RLN_deg45,RP_deg45,LGLRE_deg45,SRLGLE_deg45,LRHGLE_deg45,SRE_deg90,GLN_deg90,RLN_deg90,LGLRE_deg90,HGL_deg90,LRHGLE_deg90,SRE_deg135,SRHGLE_deg135,coarseness_tamura,directionality_tamura,label
-1.4667701148561842,91.20008760995822,3.4410276368241437,22.545455433147826,-2.486798801389284,221.54860542505804,71.59943059576459,-1.401605891133473,0.8476156890531384,615.661817286953,2251.4809426615134,46894.61757936336,0.118617092208108,0.0826507717846334,29466.075880676974,67592.63328556332,0.8443622593858118,334.6574626143013,2557.419162505015,48762.28938813341,0.5069498990125674,0.1229008720924741,0.0892631595299963,55452.132859296966,0.8464526310932776,2205.097855109885,46111.067985094334,0.1184324362330824,32908.938543469965,68325.40198350987,0.8450789284819593,29321.70535992924,7.314355896426613,477.1918455515053,0
-0.415598089699532,78.04987381776112,1.114941882652662,26.126941623963464,-2.2395812532755603,192.9057326636708,90.20940459372888,-2.065004229303354,0.8565779178039863,70.27548279737837,8707.90119257886,95219.8380895383,0.1953532074298768,0.1368474673573972,13910.72433039125,17658.923985870057,0.8507280277547933,39.64543638327462,9623.96120802242,97055.23374019613,0.94586672008547,0.2008284510679037,0.1447349016780055,16790.06307667328,0.8510151648900371,8489.122198050236,92241.36285203032,0.1941668847942802,14628.403614413104,18501.412078733025,0.8499320363448201,13598.493061663432,7.603707815666579,543.6470366995038,0
-0.9836696365790916,103.06009420064623,1.921377527232488,25.2249124801468,-2.255438056383086,193.1608817296298,89.62316919180711,-2.069970929214469,0.8534836559018688,64.80007645259938,4765.8224440036365,66717.42639887593,0.1674733713524285,0.1207249993980957,23297.186513386485,108310.98198198198,0.8502213691041413,38.91462919903033,5283.339504279425,69174.24529758077,0.743474870527307,0.1713852618931077,0.1275609025729786,66605.33547716816,0.855559786978495,4754.051062689397,67269.06858521099,0.1667134948968754,25425.059896101757,90977.20458059329,0.8493418236445678,23229.58048894292,8.362093296553622,597.378410185086,1
0.2951195700018332,90.39369367645746,1.593630048405753,28.917660013687502,2.0808285571353484,195.3791983464974,88.90657846722426,-2.011801691664989,0.8826167976042628,125.5101434553304,6745.943450605654,125757.21039327668,0.1436456386561314,0.1031188783849388,20674.7599971113,26889.825455791077,0.8814242993050122,71.06173947849955,7409.673639066788,129697.6654505947,1.1000402576489532,0.1488028777409963,0.1100799785284388,25329.434812442814,0.884257711079873,6806.421960538826,126325.79242430508,0.1449416696579982,21627.614075390804,27277.219882951144,0.8810144669890604,20289.487271007445,7.49453616900284,611.2891963509113,1
0.2583221216228431,48.05315554253536,1.3247916448316674,12.346376954105311,6.70164299823188,238.87842414385108,52.86013814381051,-0.9149565110266342,0.8032048996573948,1932.341213072808,2644.0729820888578,20892.415212840195,0.2171153579423821,0.1459309725785794,16358.12837510536,24900.51299720865,0.7831749891120295,952.0046021458526,3194.43047764283,21177.33255269321,0.2721922438330171,0.2220756456935181,0.1540174867246679,21917.329148739176,0.8071206656678278,2619.107151176333,21074.0987654321,0.2175385363784168,17660.27763219194,24497.20239343117,0.7843574641676029,15795.50920936276,5.620739134363423,478.70302536969206,1
-2.9009739530723886,99.2940162000117,4.38847389272918,32.506710700036905,-1.0351401788109984,209.72876683501684,78.62330518208579,-1.72739748323242,0.8115856493203139,332.31977722696536,1876.0714220141376,40245.17295510879,0.0976275566170685,0.0635468404299463,25477.35703185248,81591.48257290614,0.8279040123369645,182.9560242410544,2151.748477870856,45514.778214129314,0.5237112334280303,0.0994471710371212,0.068301716827016,60759.93154303635,0.8151067013287344,1878.9599806406727,41079.43050304002,0.095456240602734,30963.137889833328,75941.73033062101,0.8312899411670571,26533.84640753432,7.043518518518519,565.5671892993178,0
1.5432179710439689,84.49988519825196,3.8309925274178513,26.223516504057763,2.74788620056419,213.2948894764272,77.93761318548329,-1.6053267024351547,0.8457324903395611,404.14931179231706,4222.665115263623,68124.58594408995,0.1534756738367722,0.1027010460670616,21732.262353191385,37829.29039684824,0.8466406301243672,171.632171632003,4947.909274873525,72468.87180063706,0.6903197433774835,0.1597819410879599,0.112288690609526,32478.220086190744,0.849641607541757,4306.509741152441,69580.77408774893,0.1545070469037907,23646.74640598609,36753.0030048313,0.846616231185721,21523.28895498352,7.150830674581485,512.8458264077512,1
-0.5003724021633432,88.16898208134641,1.4847881704117103,26.352692607692592,-2.72215442756018,206.4078907389402,82.88289677788099,-1.7588227903501894,0.8653178268110713,209.44183110350863,3356.127354552304,69743.76347567557,0.1256985108938248,0.089108218792782,22541.991847356963,34993.33352678844,0.8759201237923095,124.94612044118212,3782.479939279812,76231.92755851043,0.7473862591911765,0.1289372271014296,0.0949147347103286,29871.107980093,0.879878821258302,3408.582295741144,74143.0815940601,0.1251071430790354,24598.929831895137,32119.84834731719,0.8708869161440307,22790.766485454034,7.549279138308216,639.2156489306831,1
-0.1450072681704257,52.0262925792669,0.6803543325710324,12.804955230742092,-5.856280737053868,236.0834022556391,57.36545312279468,-0.9892677586213062,0.8189714422646829,1667.7384011728182,3502.5617023111417,29353.73947913073,0.2151003816185888,0.1465750487614151,16983.884611943802,27736.03846153846,0.8014746297679404,779.5024958402662,4197.944442189846,29846.041435006697,0.3377330043859649,0.2217135569144636,0.1578869502303953,23819.89874599245,0.8174407793158744,3428.424502663333,28985.095227742146,0.2140077980043079,18033.00550059789,27914.239634742906,0.7989450288612495,16256.209382412231,6.23187969924812,533.0130291730644,0
-1.3818479035311286,103.2939630815717,2.2292094560023177,30.51135395978943,-1.5091447888348268,196.22579334913328,86.91275701524103,-2.028731178343362,0.8440176026048323,115.05465891973316,4196.146198540001,81089.7628577577,0.1309381957950624,0.0908372677690488,25566.571557204552,53093.89122014202,0.8506413768913116,118.13640699773732,4618.573781348302,86661.74854345203,0.7902275219298246,0.1339162683298586,0.096419396501335,44660.78306698938,0.8483055131168886,4090.2142003386566,81780.74638932236,0.1289357566493545,29121.73826322255,52593.26311464524,0.8509150646205293,26041.656319903468,7.755090253245688,471.8512464241929,1
-0.1779672879177375,40.012851720189765,0.8206247647892704,10.486657507418242,-5.544678032011191,229.29762210796915,65.31380577059593,-1.180564090032033,0.7654620135263674,519.468024136244,5524.5668522703445,23447.148172308556,0.2904812233372686,0.1860955493189954,7935.969823229006,9078.375299955736,0.7560616472150321,263.19721507492056,6558.505113624078,24654.31185539147,0.322607421875,0.2967059433138688,0.2020036355301755,8210.710826180026,0.7709805824289708,5325.472134097258,23456.108007007908,0.2887001274833261,8300.60400587149,9186.043065486056,0.7542764761605445,7480.036830886512,7.568623760558208,562.3729280040034,0
0.1467883973419737,94.15105918517284,1.0821258437136911,23.15035678346541,1.3439074127966284,210.70011157263647,80.820841918005,-1.6443736804538736,0.8848850169225025,410.3631982446746,2702.508952943174,57273.39614977732,0.1287765501654743,0.0940647938873482,28635.24334459161,38154.67569579584,0.8794766445624516,171.22133147878864,3017.932186887526,58489.04023518998,0.5689240906998159,0.1342670370290279,0.1014278621882077,35835.8929253335,0.8856423754742783,2707.605870103336,57264.29435647584,0.1295698314175784,30123.18392204629,38966.56773145784,0.8783178350447491,28390.42873578072,6.713146303540303,474.5815747097212,1
-0.2464153228970492,52.05266356513594,1.2166817580423133,12.087626479633476,-6.295441919683833,234.0878403562461,59.85939996443025,-1.0480639459891194,0.8111089355131341,1173.1622359796067,2920.939123573683,20411.94221898519,0.2375924213634287,0.1637814318598161,15839.745301450028,20794.37739742656,0.7931973976236174,656.3605356529702,3444.031875929953,20677.153771317386,0.2892280190677966,0.2425732345274808,0.1734091673829911,19094.90025180268,0.806465301357727,2780.4897712103807,19707.97432713501,0.2337535396809372,16679.741129357713,23024.887219445565,0.79259647481083,15092.41255833851,6.180187735404896,239.86927765529765,0
-1.097443234816582,66.91739760432692,3.187780764492409,24.857922967862613,-3.171184926216689,214.13186884270308,77.714122644769,-1.577633373438635,0.8314605705328926,333.4351953116939,5878.823218670684,63139.8072264295,0.1947915338909674,0.126554944620065,14194.687488771591,20018.42540393306,0.8317063776124802,158.13049467996757,6842.925216660641,66849.80420912759,0.6905022128670121,0.2004248988420057,0.137147855201826,17794.963516985998,0.8339887278819977,5819.683165663396,63659.26092603282,0.1932986298034452,15232.97656056733,19573.551053434487,0.828378886542074,13835.82253286582,7.431623682831693,585.5842949993369,0
-2.9148283683484744,89.16532614666102,5.562535108724412,28.715325174489497,-1.8420685600972324,205.53597501622323,82.58102780180396,-1.796926956485382,0.8506919648226879,181.4479609929078,4318.3169858156025,77179.06537234042,0.1419421865995368,0.0952160884007309,21500.929568887263,38176.25367021277,0.8511303947360856,93.9603219322664,4990.928566022186,81583.73115964577,0.8414501245471014,0.147975535122703,0.1044288461268434,32684.258538185302,0.8501592626214975,4323.053141805831,77242.90878856496,0.142072994177805,23620.914688296067,36976.33776181715,0.8513642088983672,21384.19821768192,8.547473231667748,584.7328400907567,0
1.154028314402638,81.14378144923238,2.8457102606768503,24.012826961282144,2.601011096022871,213.62024308850997,77.88336448929647,-1.5939125325220211,0.8391775097638874,390.4086680354164,3166.623219556012,41489.4810727576,0.1701366498577584,0.1129641000655087,21041.49525135493,30392.680193763637,0.8336456930202616,140.6163251717563,3806.485941708786,43432.61708180745,0.4833947799625468,0.1776681251344858,0.1245348262258747,27047.015647226173,0.8408965488443634,3158.704989292677,41863.1997954422,0.1685924019992681,22517.329274139414,29748.83737654617,0.8349910146533885,20513.135524570964,7.60593025747788,496.5310088781276,1
-0.7865015515270289,61.946803709216894,3.041011633197757,16.30247710765396,-4.512893332926616,223.71010500946807,70.5162532019046,-1.3311780009471694,0.8088657824555872,614.1732134666545,4508.068489129438,33479.950188056144,0.2327522366990729,0.1521201684362652,15339.111413973793,20554.507421337494,0.7994327297632794,226.59775424755185,5332.479774386657,34687.931243295614,0.4693834459459459,0.2400254597260185,0.1657212778512536,18877.79696529292,0.8071968040962201,4378.086260675826,32955.50241366506,0.2305373034007317,16255.831359079091,21413.626383215746,0.7991014933580128,14696.09180264543,7.611857815679472,552.5199289159686,0
-0.3818664717438387,88.93869570562066,1.9278492911869016,26.975471925340575,-1.1693377176045914,208.76789189586165,81.41140740978248,-1.703647298643177,0.8648311189065827,255.501218458682,3137.105238727645,55107.64007117346,0.1390867866854283,0.0962754000695225,23581.79555036486,35439.20911071857,0.8591466601450675,122.83822762814944,3525.9134913739604,56490.59697157751,0.6529596732365145,0.1448385475844037,0.1037325668665812,32613.020565967483,0.8626065179548474,3137.368727395289,54454.28046045553,0.140393767979918,25304.17933394693,36176.604360845726,0.8608339349642782,23211.58038693119,7.6253304814012415,468.760056076782,0
-0.183852627656664,39.87111322819914,1.2049676354072152,8.669381422277832,-7.928778878429845,243.07932495023917,46.35095876121076,-0.7715487684628083,0.7927359601294669,2148.5767528055185,1830.5408215793263,11485.868938535985,0.2391814116352871,0.1642164687629835,16476.474692048832,19811.104087305677,0.7669038863680906,1334.4460570875665,2212.2624092888245,11437.790033865504,0.1595695405138339,0.2406283626602228,0.1727879362477993,18539.94746008708,0.8013315812731158,1675.9124893797791,11417.103759558198,0.2321257572412768,17446.381212829227,20859.268797790995,0.7675847445343226,15601.95374298413,5.024366315432,220.7034409740604,0
0.6117311957770661,113.67927082345146,1.3895660882562444,25.533526523790428,1.9991595691556152,196.11131417248097,87.54934057715724,-2.0179027770844407,0.8591823007462993,151.84958414119268,4300.31019986591,77160.5577762879,0.1314396433657905,0.0988925999835982,29979.699784167624,84511.6517386341,0.8522639048202202,72.8308025076716,4569.11048878494,78103.35900502063,0.689847389363354,0.1325793834898926,0.1005427563920325,68352.09732614679,0.8537342531741755,4117.808607547871,74157.89390221231,0.1297728645439798,33652.05516824689,88655.88342628742,0.8523666589776824,30215.384085290996,7.96957687376151,529.7156864608077,1
-0.3028613914130736,59.93476627524862,1.4814940284915017,15.614553707355808,-5.84030892496393,233.43824404761904,60.21125240749007,-1.0743053045861617,0.8378147257049336,1199.259191416983,2269.316106241005,25374.236687164725,0.1855958292042814,0.1266286609092024,20036.84464918861,28914.25709799817,0.8225381054014351,861.1881128976056,2679.022649211011,25695.423814027577,0.2874456272893773,0.191256581630402,0.1357486526452433,26410.507317437405,0.8349267555143414,2228.927408269007,24958.06307497092,0.1846632993998909,21183.00145394945,31894.52482288252,0.8229938137356159,19230.461972964924,4.455493624964779,589.340906700326,1
-0.2818743623267439,93.73430142862254,1.6482265722574934,20.907212929079822,-2.17846579173577,194.38334188911705,90.32755532539488,-2.0132281193435904,0.8791782347507259,185.94853053662183,6714.457632880624,86603.51717631861,0.1813312678473235,0.1392689886241319,19212.567146528472,50335.273801227246,0.8726994073313541,72.79664615435652,7025.117749506543,87428.16213571298,0.9199371337890624,0.1823585238521992,0.1410731884673122,38517.94393670487,0.8856687407751657,6756.881170912772,88759.86121140543,0.1808387495686839,20387.42458241944,45559.654530116415,0.8735667788900304,19302.41565819843,6.498078959188912,443.02386400784576,1
-0.9755940890764936,72.13875299231833,2.708871784200732,19.75293217653224,-2.946714668719483,220.94070135562956,73.30169940691917,-1.393936249225165,0.832069536224644,349.12290690752866,2202.0249230052536,25252.946789513186,0.1841847580651845,0.1217227637880503,19802.4903019653,26840.86601620125,0.8240857471247317,161.0132139293797,2656.2049254130875,26398.57924707371,0.4137101320876288,0.1912554738224119,0.1335215553995853,24143.908208210643,0.8317597979442258,2156.413517800952,25136.714976724837,0.1822595066535479,21032.03789041167,27012.8195459392,0.8231933579453153,19049.141418136554,7.630482723164759,512.798079933215,0
-3.764892781977173,90.05160348203984,5.864790317673434,35.4784628091321,-1.2843566914326068,204.85019373689892,81.40391673709242,-1.8481840287268332,0.836733814219372,248.8523588230112,2748.415337855696,59739.78515108801,0.100151804700977,0.0656810967852504,21552.35159469929,48212.54138401903,0.850539746951631,92.79026681116788,3083.6491613768903,66175.60087732879,0.7292042991329479,0.1027829979475464,0.0711920083576848,39205.00535686639,0.8391614940089763,2784.421854081177,60760.61394533759,0.1004338614971354,25013.307750917025,45273.96617069216,0.8527209551648068,22199.882813576984,9.147735501492727,593.3690629223113,0
1.2872051031487524,85.17738900526851,3.2946536903708883,23.567287484539527,2.8508180536894687,216.85801923375212,75.86608211020204,-1.5082621787761492,0.8608476501977605,375.9976471846425,1443.4459654563927,26330.65766536549,0.1437862511784914,0.1008451605709241,24808.69510226633,41083.94198171221,0.8553964735697093,177.65576609616951,1656.1437449062755,27323.440301548493,0.3651785714285714,0.1491993737173135,0.1088809760544096,35446.756978402605,0.8647348449431637,1441.6471918482457,26723.04059914332,0.1449305157018689,26836.09615026472,38790.96554659856,0.8600645674112211,24573.69764156878,6.929905382348379,503.19455078804754,1
-0.3910135177680273,47.60284554161474,1.924848712732265,12.501868256690075,-5.630903740000381,237.4306259838564,54.966979267983696,-0.9589051963627092,0.7727945633232384,1136.3023163533555,1864.4509200932491,11273.809285253708,0.2327995330288278,0.1492494227962533,15022.470999791143,22059.787560140867,0.7524498987464778,639.7736776802536,2340.3084876614125,11527.092918523966,0.2078335116136919,0.2408921290343461,0.1647215851877127,19626.1858830017,0.7711322588191384,1735.5013824884793,10868.694726062467,0.2303726101206771,16312.86047107015,23618.335842293905,0.7535583780779788,14199.0203834702,7.23940784405667,458.5654424451565,0
-1.1514370704792791,83.51893132390087,2.474689315335436,26.12860760756168,-2.1397003025134604,213.42793411118737,78.31248827029223,-1.5925454601312783,0.8494086956214546,323.19734628010264,3085.2076080659845,49470.25985490056,0.1488389407958911,0.1028094952349105,21523.310161045145,35541.409850762735,0.8497401469794563,160.57607152248224,3490.111175387852,52034.86510649487,0.5746796421663443,0.1527537901068691,0.1090831318994865,31270.582842492768,0.8514749258625496,3032.4930829629016,49515.2466037971,0.1471454612485592,23528.092711838588,35518.42218160165,0.8456244894982492,21221.25914608207,7.1931027106044265,552.3064257946489,1
0.9214375652475514,66.54191060110432,2.296743057172788,25.19527380198632,2.4004687678657826,220.0714610248851,72.9366082552674,-1.4366669829039818,0.8272703828322424,383.4098862984405,3349.8253272831585,49425.45483231628,0.1560260981943658,0.1025698426237232,14945.935662478558,32285.872685547383,0.8301315881358532,212.1188494119081,3966.6278140045097,53377.488878054726,0.5300578221403883,0.1611275301343067,0.1114740075176007,25611.789700773967,0.8285655443045667,3401.096830527029,49609.65604962727,0.1579224048557063,16431.693999895742,32833.309857686494,0.8299414013697612,14819.205753214648,7.573869765022111,601.8080277182371,0
-0.0333095383817982,97.41494328375605,1.4463201810903796,26.965320835647603,0.9703144888563158,214.31032410317488,77.0860836154414,-1.583541697350198,0.8713310718915763,565.0219576904279,2958.204286811422,82560.70557844028,0.0984444574464818,0.0691636157829138,30826.276983845437,55409.74952873001,0.8713906414858771,351.1343017436432,3255.402425792125,85822.6746881545,0.6952247848053892,0.1023370332559642,0.0745960299240084,50034.09647654535,0.8651173978307283,2926.432916111851,79940.53184198846,0.0990970087362841,33799.53452285841,61050.429596094094,0.8737958365926256,30885.1032088826,5.669307793253273,459.3452542761823,1
0.3609235344827592,62.79345953136566,1.2280815647816214,15.668679860416296,3.832728883176247,228.23850985221677,66.19136068108845,-1.212914640479477,0.8273389053772786,786.053939020267,3475.192287038326,32455.77340440343,0.2082190430208428,0.1420713287654895,18127.84857075105,25508.065991765947,0.8175198354445629,460.4101841942207,4095.02602377063,33561.275108432375,0.3715053013392857,0.2149401698356392,0.1527733290861239,23104.476388967123,0.8294772929062416,3570.192376061624,32849.52929093423,0.2118366059506428,18950.113174007507,26043.491092237804,0.8203279397522447,17552.25930964082,6.163518062397372,502.0863531870429,1
-0.1770546059050989,42.74529530763407,1.1307181910214372,9.568580222352828,-8.075150455257235,240.5029724260056,50.87946243541364,-0.8547866003338948,0.8016912674292105,2086.954449667693,2344.1928189333767,14923.326633165829,0.2397068219137616,0.1671631145918975,15155.219973190808,20213.03468957692,0.7793960764223494,1008.4894389060768,2745.068599365952,14953.033764944044,0.190801364272388,0.242368493504663,0.1741578561840574,17900.398609678774,0.8074635030635939,2226.5960724703177,14960.935499774045,0.2349318848591785,16232.933486709668,19861.16125056489,0.7805034274053894,14517.870042005594,5.113367785768494,468.7401007919366,0
3.482140298961624,104.60605812346913,5.327311489593087,35.472870151288305,1.0797488018775503,203.98636795861705,81.44485252877395,-1.879073893222172,0.8127703598427235,163.75993149336588,1386.7579038544825,31409.90472065829,0.1024585284954995,0.0674020406784006,26518.746304785825,93581.91728020788,0.8279834339810722,109.1771306194172,1542.4154341777712,35159.56574901157,0.4951421113689095,0.1034717385643658,0.0720870166900827,67965.59122858397,0.814363830995341,1345.7433617733834,31151.404991627463,0.1023352936856707,31848.114504425484,96754.19559843712,0.8311683413607818,27507.505417601285,8.288296375185425,489.5412060033114,1
-0.9678030206222332,76.91657094019955,2.129264510832402,25.46321793281689,-2.325598049665116,207.22443387832055,82.25089724935843,-1.742554831110444,0.8418533617389026,250.1410901799377,5643.666497810142,63362.17175874624,0.1913543920355918,0.1310108242955269,16013.230259459478,24269.889726135825,0.8375980052734329,103.09674707824432,6353.911486500172,65377.913066375,0.7000198502722323,0.1966590412042543,0.1394174047194084,22293.102317149744,0.8352128200248125,5405.645968219768,61018.67256665769,0.1891387473393234,17337.779908429842,25635.675206032854,0.8397546678090495,15813.990204435211,8.363137119629341,477.6871601069224,0
-1.5491199456765217,92.42977405072024,2.8753609282681163,32.5740665624202,-1.8127529989868132,204.1997927867384,83.29787051691031,-1.829586046966784,0.8736111211352557,263.5521470758027,3463.9089213553,81636.40720280651,0.102114460475992,0.0713959121015455,24429.608686328236,39209.8824015276,0.8767536951678088,136.39204925483202,3749.183470819256,85367.40508326331,0.7908664279513888,0.1053462961159428,0.0758330187544512,35877.68552882059,0.8730591493754538,3417.535314584977,80669.31320396012,0.1022016622782203,26667.789134801635,40586.07781225339,0.8765993135486109,24508.444786067343,7.175140709005376,484.05140663538754,0
-0.1428167767056025,81.42547716972352,1.1123348496377583,20.6486480421852,0.2999070914499938,221.5324671293945,72.44272970396042,-1.385958246218979,0.8307850977802839,449.812248615011,4714.732737779031,60062.884712540246,0.1657915417043747,0.1167184385481358,22657.893415538638,45207.12306074437,0.8218786008755868,279.42833471416736,5363.887116818559,61480.95254763877,0.5714962121212122,0.1716778150820168,0.1247909002125771,39258.44366197183,0.8316340528317314,4468.527414651454,58794.3589240373,0.1639963513457136,25332.674816219274,48349.45348102319,0.8224503210483922,22521.166956137095,8.221657919981942,472.1797229187245,0
-0.2461183409507585,51.65654685959071,1.2674438506406251,11.734045100131905,-6.324556355402598,239.4876032443167,52.03346966332679,-0.8943703075762669,0.8261212941209148,2343.799702482412,2194.3597793411227,20811.85344159668,0.2022200847254618,0.1396045652888305,20122.49440789261,30790.34189729445,0.805161961827962,1059.6035644488522,2662.129772773678,20965.33357640813,0.2206226832784184,0.208764027685221,0.1486842596056726,27396.87926960885,0.8262387241727284,2135.792677974573,20662.346078155748,0.2011444947778504,21420.734920188672,32228.48267891169,0.8077986588230929,19165.58720497324,4.3078047311092185,461.52608483666506,0
0.4146949585998045,98.44634336614055,2.102950450317704,23.351560198929413,1.0680162848834027,201.34408563474307,86.10514724763216,-1.8694322957585712,0.8704437016364495,150.03316130259256,5250.63468969631,83417.5889502667,0.1609669379685373,0.1155831148801863,25992.925331275022,37893.685339350086,0.8603940410356473,76.34803119202908,5825.564058657131,83820.27261128319,0.8051267841695502,0.1661044871075185,0.1219204850455207,35347.74734960087,0.8645578767597479,5047.094734895517,80639.31456775773,0.1586733656515293,27702.422855079734,39676.24129307232,0.8623846381862635,25565.559733662125,8.303840039134156,246.67107538298197,1
-0.8110893577681738,93.68677572777013,2.067304637033222,25.089198208922635,-2.84689490062044,212.7779871900953,78.08213749227312,-1.6222153042653162,0.8806108767535272,503.990904686743,1894.342668271109,47278.70648080139,0.1151627938764694,0.0820898372313984,28825.28995812776,43327.89562268515,0.8780377618698765,195.51027608980837,2105.185165638806,48796.15809948884,0.5795494267337807,0.1187407980836665,0.0878281552415886,39636.15327432561,0.8810227075351934,1866.736628480983,47207.61221419505,0.1142343263230888,31056.154205387786,43083.17871526853,0.8830986188800591,28782.42393746504,6.077702185038767,463.2151137827394,0
-1.6771777609593512,113.78379762682036,2.4874427485549595,27.02347291032826,-1.132143809624801,215.8834835257674,73.74886237036068,-1.591204876264777,0.7480401624104721,403.9206115492447,1516.5377478367857,25704.703301801164,0.080945952671593,0.0570987944151876,30955.275525611487,175871.82982714457,0.7738470617081904,147.03444067553258,1789.9258601195284,31003.915666110304,0.5133309994103774,0.0786579657023241,0.0577418108275596,118819.89538577505,0.7444787318574729,1502.9083449826778,25331.71845053587,0.0790903420307703,42114.399096416055,173666.81190866913,0.7654536904780221,32873.567196604585,7.818824509527833,499.3654211526283,0
-0.8084302272887474,79.18964243017156,2.046028061311411,24.857115958013026,-2.6992853523877653,221.43863606610205,71.94299393253497,-1.3994982179378166,0.8643402891002055,544.6224444827652,1838.5009101186029,37032.727079381504,0.1280116910684477,0.0896374039004614,23469.0833746377,38220.550075683546,0.8622446609732874,376.0864608779332,2032.943482123029,38205.43474720557,0.423002254509018,0.1324153402007095,0.096155546051551,34419.627637130805,0.8694152898473979,1745.6653103929318,37073.43303882818,0.1256584353981303,25766.23725102689,37713.12080523909,0.8646773624520786,23396.841271705314,6.705274871350742,467.3946884425808,0
0.8048614726419424,86.80466786087382,1.968298592520184,24.66762130434483,2.273200170216533,231.9939703525641,60.35968383657445,-1.1434468266794788,0.7993938458586157,1433.926533268261,1661.4573613144623,36718.13170652351,0.0974603897035389,0.066596439260898,28062.362365459645,207497.3410281438,0.8123684875042725,603.882785396891,1926.1416170891212,41923.61137601677,0.4240472255608974,0.0970778690747813,0.0685403921011753,132494.88417307608,0.8021647880905276,1639.0734609415415,37207.349327470256,0.0956974759203919,34892.972532979824,190157.3190151319,0.8115479426812413,29435.15917984699,5.265819597069597,597.4806284766274,0
-2.138861459392804,94.92833497724962,3.366630177605157,28.532291704696537,-1.5753962509737345,183.10412597546377,92.42728404711448,-1.944097177863774,0.8809785800691077,49.74760797315458,5153.551892296427,91796.0969122937,0.146087074123138,0.1044043299899714,20235.949725945906,27044.709609148045,0.8838884574085154,34.02616347098928,5580.765605254536,95536.81627845296,1.0429908062810187,0.1499029641672998,0.1102226212333188,25364.55009594833,0.8810866090549933,5106.920382629526,91286.42487415632,0.1466337648839294,21462.94337439101,27399.504726219187,0.8824754918844456,20093.111834016083,7.730600984689607,551.4890205846145,1
-0.3601320290979919,62.87732340632086,1.3576403415709923,18.729455012884173,-4.155393999596244,226.05865634844545,68.21161575860474,-1.2728628399879396,0.8078096753661672,723.8283660887632,4150.205967505705,35975.755815933786,0.2053008405021923,0.1341878539495073,15909.833275053745,25940.289417214484,0.7974163943485371,269.3619610235336,4954.787619995505,37179.72838475616,0.4138366284013605,0.2131301125688703,0.1464852576126376,23392.30715638745,0.8083636510836364,3979.618494206488,35438.24436669727,0.20356770984681,17362.252420458284,27351.05176922944,0.7999948101136742,15453.214425167596,7.264027758754509,560.0615064269412,1
-0.7517663302588029,83.22565081077863,1.6491023565080525,20.787640054917308,-2.520551670878058,209.31546194192651,81.97121810134968,-1.6719723989555273,0.8643870475051982,244.31130662673155,5062.186952452265,75877.52394234369,0.1656566568612049,0.1169530519828253,21154.056407554723,28288.54138899289,0.8593500691357053,125.72946503980305,5689.150353106075,78151.19069525058,0.688998118066561,0.1710752519100417,0.1236028036416856,26067.45745655807,0.866994940685924,5025.574524579742,76450.05905121636,0.1645631064703371,22371.78043718095,28189.957104657904,0.8575819869332861,20816.514640025416,8.430106956481378,572.2014663256606,1
-2.4517957018747123,86.31244987161806,4.037724142399617,35.81749420896194,-1.4859795515946976,197.5800966751584,86.7763828785167,-1.9850989896142728,0.8811525051963782,146.5335763762304,2208.6907619394824,50701.49172438936,0.104945439953442,0.0743963536004915,19813.38896003758,30032.176697047027,0.8817793538743066,68.68645959924257,2372.182997484668,52509.4396178956,0.682542438271605,0.1087447660687283,0.0797510307560818,27858.109360427323,0.8801228545933568,2179.6080693760564,50144.87853310796,0.1051558764089544,21476.240273388696,30619.80658484604,0.882251533265869,19783.203533443168,8.136161734927168,478.8419608186622,0
1.7620492600881998,94.07332346640878,3.2647734468480407,29.659051175097925,1.6463703579011633,204.9759204406291,83.07717779657942,-1.806419556590808,0.8590554200581357,242.6750234741784,4638.871533646322,89312.33097026603,0.130781913442942,0.0901878110635941,23872.935544228378,45862.201181533645,0.8617802943371882,118.22208520595773,5273.523433495524,94904.23466181332,0.8454016780546624,0.1359508313634666,0.0984042674025515,38229.22954351298,0.8596234297721064,4656.401084878049,89723.91978926829,0.1306646021535153,26173.094876097563,45187.64761756098,0.8600798503204325,23740.173993606066,7.908725107533044,587.7974443918597,0
-0.0087884688298209,39.50466516766992,0.3784655947994391,9.462846445941066,-1.100231253036571,234.44989723020436,59.90358761307572,-1.0291588662033662,0.8263017988737027,1346.5503436480535,3193.0077281221297,20351.67678079372,0.2553865697204609,0.184105554252454,9807.510454615256,10833.845912646882,0.8039814844410952,548.5094559469392,3672.778315556751,20381.40775596785,0.2817803744612069,0.2587169303993388,0.1895586089141444,10059.59950404828,0.8283829520178403,3280.126879434841,20742.2562908318,0.2569031220555681,9881.883686036696,10658.69297614954,0.8047041987243881,9330.065132945352,5.375199553001277,598.2502911867477,0
1.1520568794316284,83.70710853800809,3.0874685457021127,22.331379848718925,2.954791742005615,219.89953689714056,73.44047590796274,-1.433833155446111,0.8421319529575357,508.12072881180967,3428.665324661918,51945.86670279756,0.1579493123093223,0.108048824102495,24161.50382933617,45719.67710591514,0.8364565083280207,192.67667101461643,4064.745900939889,54253.562787238974,0.5956014753717472,0.1650128680462691,0.1171170201872803,39194.49762894515,0.8426298304343129,3424.9830424718457,51630.25810814326,0.1591270993187441,26207.423274987646,49005.46244375667,0.8359903638509558,23713.402533421475,8.107434241502167,498.6271765663141,1
0.7063580926073334,96.49631122761548,2.997619979516148,29.118994276420267,1.425422216765901,208.98371379077403,80.62137698621892,-1.7123108508959777,0.8598648705639339,254.46078459035203,3169.427132417257,74447.72528051316,0.1152695615199566,0.0800165937004242,27492.04729799785,47813.55700083707,0.8603530041088014,130.1720934851097,3552.4513482040497,77756.91346579163,0.6280444938316401,0.1192640034371335,0.0853745816943347,42594.0731288986,0.8562452745344946,3045.1136293968884,72389.22402099778,0.1136342262703358,30440.41757989118,50581.73129166986,0.8628010641402905,27647.10311184072,7.950967474400219,468.4180154258082,1
-0.1231821540641759,59.93682168388473,0.7741734251822864,20.553028288644803,-2.2357666935143365,218.1740833313867,75.90712808748047,-1.4554331429654133,0.8516067125560881,520.9813566477374,4409.516212498808,50421.240988138525,0.1873947078280579,0.1317976624848377,12503.713465508556,16526.96406149991,0.8452975957273958,245.71554627333245,4952.403263281556,51841.900874559455,0.560407888576779,0.1920587946136051,0.1385064815804879,15335.23007440282,0.8561320699640949,4368.018857142857,51089.121523809525,0.1867603924368834,13289.346897959183,16207.780979591837,0.8431688661848762,12281.635259580366,6.576759559905628,592.0691998764288,1
-0.6822112140215729,87.02510754119416,2.522938174557804,22.33232474329688,-2.988160892845177,210.2625636918253,80.73529028364912,-1.6623747614332338,0.8533403025441947,256.2348292062249,4113.4629783693845,56414.25063619458,0.1709798652211192,0.1197995507745875,22612.44791591836,33013.199557110696,0.8460705354533554,124.97382654500989,4669.639944501929,57694.00540871038,0.5718050774526678,0.1774902851646347,0.1292147487108506,30284.320912896248,0.8544678130937814,3916.300482203221,55711.22927023265,0.1684879741824224,24394.00001242792,34087.46740157089,0.8466398221548294,22277.018211099723,7.263846048976671,481.708671017715,0
4.553266523406311,104.6048024834432,6.240920694558794,37.19823127810989,0.8006156843489555,201.50956164302545,83.17161709905102,-1.9293999644111128,0.7999604568347221,125.9648553333252,2664.527475075354,49037.46268929918,0.111923072455974,0.0750390587398733,23576.670074643203,115439.95541020416,0.8073418245790956,60.02346424067736,3026.9502116735725,54168.45343181409,0.7575054585152838,0.1128994131865458,0.0787582871186084,81292.9606602414,0.7905897629118387,2600.8330415947817,46348.224470777874,0.1129250094263988,28763.802364971223,137466.20448563766,0.8121210957614405,24611.169299571106,8.930214791960333,582.6442280945759,0
-0.9165529643049872,80.31997301860874,2.4048853131791192,23.825690183111536,-2.913946920924521,218.7973684886799,74.28999545241072,-1.4619450960060068,0.8338550234196691,363.3112065779749,1972.2085181079085,28398.758915373244,0.1570853165919727,0.1040990089762885,22310.81732202808,36585.40569567627,0.824193659506937,178.94054172127568,2374.13245958934,29336.320882481432,0.41015625,0.1657282503489577,0.1154289767100925,32828.22916120577,0.8278364384091993,1907.6135488114253,27495.334914967585,0.1551720125228984,24431.70715493752,38557.55480127784,0.8258574057153378,21928.51806027565,8.434732608639786,471.0289300474514,0
1.6726646834910792,91.3368905991842,3.7405439032434273,25.084845208235123,2.292633782646019,210.3474442485449,80.07264043504517,-1.672951791355396,0.8442985819282683,244.75958882594423,3647.946826832465,62203.6856728155,0.1454199845382323,0.0979923380704799,22707.534861340784,136776.02290919726,0.8420630753907782,123.52361513074383,4156.114110180249,66030.38709317085,0.6822905840781542,0.1488682589582965,0.1051118521231403,53470.354089870525,0.839967582079208,3513.351500292899,61366.29387516001,0.1424266614174689,25370.94506519711,71967.70594042221,0.8383704018295967,22591.273001868765,7.930866720272653,562.1754103493001,1
1.962977536538372,86.60987164931548,4.258744430145333,29.305104673446856,1.861948380609284,232.20164833873773,58.81903640825563,-1.1628047509834272,0.7391606560163578,1778.8911584476218,685.9227458418442,13875.004377006127,0.0866141483381506,0.056986406891801,25045.317389670585,167929.85030639044,0.7777717219649453,600.3175818702528,841.2301705889678,18095.45386626821,0.2417810693641618,0.0817042356600632,0.056830164694576,97952.21622462956,0.761412520193544,697.4902438187991,15693.311580535646,0.0793562894614517,35133.64126744625,131892.4151435136,0.7788020036857721,28047.13539733674,4.65002467221204,647.409927323334,0
2.024133754989601,86.43869245796131,4.31494784381434,31.111637999849584,1.9437630422362744,214.6023725192556,76.65587488237351,-1.5809992727654667,0.8292684159607248,386.7851436605831,3744.336248847337,70831.37557176639,0.1306206732750421,0.084644765905962,22122.384143358344,53630.49861680468,0.8364295114005579,178.08251804125902,4422.762662881331,77610.92144296072,0.7596009814049587,0.1352128555831081,0.092544492752132,41445.42127721064,0.8245746817266548,3795.793112597323,69793.20471907851,0.1315061251668096,24984.587149248408,54711.43101161014,0.8329592857194277,22396.314877878493,7.733274301456119,557.3659773532112,1
0.1755936970873575,49.99700078201623,0.8298214526426391,11.956883629987589,5.598512789210933,237.8668573130443,54.70227228654057,-0.939621443724082,0.8124410701232386,2223.3784408927045,3794.817666548584,29805.03713350976,0.2229389864010326,0.1515039781683212,16943.0871051696,25070.197545270792,0.7947335652632626,1057.061208500637,4533.585956321614,30312.81267260797,0.3206327873794212,0.2289859024029336,0.1623140185988866,22353.40452453237,0.809477715034226,3673.800924943782,29073.09296109296,0.220887508136034,18036.10948703806,28050.316008316007,0.7924706375912131,16302.440882141938,4.627657696910867,559.6203699301032,0
-0.3501933976695587,90.43796505339007,1.2160750593870175,23.31666938506055,-3.0665131715568603,211.70856825671552,79.74053382581727,-1.6287111334562518,0.8609450065667739,279.6024328696215,3277.559352960207,54400.662478162405,0.1533234992749004,0.1069499707335424,25568.40411688062,38102.13096085409,0.8518129617045572,154.49546231914815,3729.136991773503,55156.66340020223,0.6099765472709552,0.1593622236435554,0.1147176913278181,35108.820053178875,0.8551123157904946,3099.9984082347323,52258.16660476469,0.1507856759262751,27454.30502201942,40488.954316336814,0.8528527374974992,25136.486867720585,7.806156522347223,240.55723861549103,1
-0.969208867651752,83.09447660794788,2.4265605269997685,20.84854443730039,-2.805262924312145,215.06455473986597,77.63775930911872,-1.5431452021095444,0.847403333006703,271.33253272121976,3323.0110666889623,44735.83410607604,0.1708535007220119,0.117933640424616,22485.02254674771,33519.45859872612,0.8395936010643029,191.16844841687117,3781.164067063909,45655.30400747751,0.5549144190871369,0.1770618618133639,0.1258574156721306,30976.87733672158,0.8474538998683939,3187.7749092313634,43981.47477790653,0.1694801322709393,24206.467377365778,35072.0219235226,0.8404393056365221,22106.352465120024,8.066929836090198,480.5016019402941,1
-0.0731243578498934,23.8135957394307,0.62070543552072,6.346832409265638,-10.977391962850612,245.50229016135543,41.099082323556274,-0.693278971331256,0.7348461521977276,3130.4428846153846,1366.510576923077,5234.454615384615,0.280471672504725,0.1736591859219864,7523.325820638506,8466.791153846154,0.7097173437862132,1565.2224610886576,1776.0403302089603,5460.74787170006,0.1101543999242209,0.2834683925469839,0.19007830883263,7365.626451113595,0.7392925660857946,1352.3934726099933,5297.681428708963,0.2822816129164824,7815.72330798113,8235.960720130934,0.708816476633223,6862.266884729252,4.911059599883056,462.0191693290735,0
-2.2114055322580626,96.91470577884692,3.882264004041434,29.821589143804037,-1.7601615673415418,195.41252150537636,87.434145929349,-2.04453801868574,0.8626856234937036,119.69259121022674,3196.29289913222,60441.73831296072,0.136858305558992,0.095629799965405,23031.87637293361,37379.84696043669,0.8628082864450057,56.49544008006567,3522.868408919676,62826.800375588966,0.7003449470766129,0.140098090250773,0.1014991235551383,34289.21871872435,0.8614489709815779,3076.0907134580366,59474.21765554426,0.1340261350599625,25246.970380968145,38898.04089909428,0.86438089744544,23023.17645647217,8.110822580645161,471.78027273165327,0
-0.2765749473992812,89.4783319201483,0.9378225235579264,23.202978850838903,-1.8627700182398568,200.1290011037528,86.92075781422666,-1.89382836537809,0.8506252432469196,103.04777124824258,5962.523602415366,67714.44889599159,0.1902714938437986,0.1358800173906047,19838.03885787624,28949.919265275574,0.8430751774285593,52.37991504617903,6584.049647324734,69008.34379018744,0.783111572265625,0.1944265383594499,0.1412823002918497,26360.50074042321,0.8527250096996011,5781.7907894198925,67375.0710927599,0.1883680996409527,21344.07026491149,29228.089387187767,0.8431574330393818,19629.63046995194,8.035608961092715,565.8433413944337,1
-0.966443162934917,93.47197689996952,2.447885900494659,23.164161129910426,-2.9911036581629977,218.99996573758412,73.24524534349003,-1.474499843379206,0.835531385419749,500.9500715485597,2218.225471287252,42312.710010576746,0.1293296481130116,0.0877143549018906,28947.50872617971,63155.68826603621,0.8356351035241509,196.94914763263475,2644.035412713816,45551.92898628391,0.5012996631040892,0.1333593853825081,0.095135789810017,49312.26534188839,0.8321271824866766,2291.6859811361333,42443.17392239393,0.1302969027357117,32514.999784939628,59097.633168453714,0.8345695342208853,29096.42747444802,8.504060096277389,595.7498177576907,1
-0.9513292393569824,92.85421221579624,1.9395409754011528,25.78576795688144,-2.1133207324629155,209.0535269978869,81.15010221104323,-1.6985735723150024,0.85389797745126,244.1125899755328,3910.9109432583073,67924.23048964964,0.1413277211619813,0.1009035054287977,24519.318252258458,42260.28876435294,0.8467714095200864,158.79802849260193,4311.806550745697,69019.49859107913,0.6355518670127795,0.1453031634665929,0.1058482453425862,38942.84487142984,0.8476892136336208,3832.646471905432,65203.732698015934,0.1417759050872341,26733.24313909285,48215.009644326405,0.8506728371958561,24486.37862429842,7.003281431425295,451.5748237137634,1
-0.6316665727190341,64.0952603271384,2.1640906999551333,17.897681462474996,-3.87780969623324,232.4726576714782,61.27972107162247,-1.1028448857751314,0.8458330190163638,1201.2170767886537,2438.6598053359885,33325.70733342816,0.1645732124659037,0.1139420851968249,21198.01849922237,34841.59740312519,0.8359027034456352,625.2412693474372,2775.484910943455,34014.02201135568,0.3734026486988847,0.1680512207078043,0.1207804179898989,30857.081025900286,0.8412624959995953,2352.346130649086,32165.55013206331,0.1634703613363079,22822.893434269907,38117.2838425223,0.8333300701350127,20582.425910149,5.093300701396371,473.534064246406,1
-0.567143583131067,76.0145166323541,1.6940216918685,17.00169352013587,-3.5358536969231142,219.2263577063107,74.52167310175876,-1.4401303998438415,0.8394103489934188,354.3631474978051,2418.062006145742,24308.86073309921,0.2050591394127247,0.1425899621984335,20761.202890555804,30222.38185908692,0.827187949735332,211.71172264584047,2731.384528112714,24509.867153900952,0.3593465564320388,0.2099984541457996,0.1504511672258352,27663.242025276377,0.8364381904776121,2322.314215301893,23611.83656323513,0.2041704303676918,21928.27990926403,32054.750644113363,0.8289746272118669,20022.964998351683,6.700333737864078,413.3495104299702,0
3.251730580847727,108.33957282421332,4.855506698754541,32.18932035808687,1.0436018178548223,215.5664573521716,73.64379476131117,-1.6063896262667123,0.7512743417047798,343.1413451407058,2629.122935584311,44205.54721962423,0.100338157979302,0.0658930063122685,26264.12347743802,208110.529615116,0.777202593564273,180.37068538398017,3108.9856729975227,54415.99795623452,0.6006944444444444,0.0985222540082842,0.0681512252729909,115974.2124587118,0.764082349458767,2676.2239050907724,47560.41322210446,0.0982441393654008,35702.336820632045,169431.0201260442,0.7804953920824382,28524.585655933155,8.264542124542125,503.3489170880641,1
2.006956075224467,90.85918632210712,3.986781006364628,30.182238811170084,1.7318731871146675,215.8204512033284,75.39467162634386,-1.5589781592595362,0.8101251810483848,331.9240864202401,2832.156363827633,46781.99462174708,0.1398921265893682,0.0921787515928348,22355.4851941092,74605.54198061724,0.8202168274161894,151.97174203327438,3330.0608586861067,52564.770303270896,0.5706763510544816,0.142238398575164,0.098635848401229,51301.17893103324,0.8144811639864974,2800.418395547079,47946.10002205701,0.1379172487218809,26557.26620217197,67316.07718656339,0.8161167327784181,22938.820657226985,8.309932291604397,581.4832208068647,1
0.7757663812315093,73.23817528841421,2.265760565974384,19.44747079010644,3.055771765653476,228.16173500074748,65.56157024498778,-1.228079112457087,0.8270073533068898,869.1421294718909,2618.2457921635432,37846.56950596252,0.1579937303349333,0.1066869231810618,21725.89973255343,69868.50303236797,0.8259020013866144,450.8152077386616,3064.88807484935,40595.84995242626,0.4117209229443334,0.1614381123377078,0.1133303947058556,40865.126641294,0.8311001511950992,2580.453647480676,38507.309355073325,0.157177541330452,24630.63178458468,48916.00842311791,0.8264739252691832,21942.75624892677,6.310658447802914,504.9630471859011,0
0.2795228076708256,70.92487910846,1.4098581355355908,22.098650435600288,3.799288072729532,214.593713150872,77.6019207047951,-1.5620600552982689,0.8412376880347721,469.73355784222014,4512.299332709697,53594.42173994387,0.18465912932615,0.1246960016884669,16131.419243725317,23137.01914561896,0.8419150178383922,161.902288815479,5230.887682869278,56859.80797546012,0.641887798376348,0.1903239061372307,0.1351076556230878,20397.202312411515,0.8462808675515953,4481.369585494161,54480.88347075576,0.1832574099573848,17218.438570309292,22648.430872166053,0.8394036056200066,15860.992183477205,6.958290665921926,621.7011564057792,1
-1.069105432195595,106.2888191041452,2.865897379278274,23.87508015712402,-2.7856634535651814,203.29869976199487,84.38869512414607,-1.8379701272289903,0.8502166678192322,147.64121603987238,4965.538748431962,81290.60058596217,0.1477586003405998,0.1057210038508322,27201.34474301495,120246.89733033616,0.8449624276994752,111.79466299683232,5420.81814776512,82944.66894945563,0.8627683790467626,0.1512216526898735,0.1107148272734545,101187.95397506576,0.8481096518551211,4576.361899673286,77633.56592535497,0.1450476721334254,30230.929489256967,212522.21612199672,0.845911300993656,27138.53108175961,8.414013901660626,242.51226268495375,1
-0.0241467035485964,100.17928674511552,1.1527969480878646,22.64370597203346,-0.4782354797041592,210.9602179948798,80.34022584276214,-1.644498065936956,0.8516864189562973,202.73657670133815,2897.7609170141345,45646.728990110336,0.1450778915130867,0.1054267447102804,27894.38029288572,131389.0933421643,0.8447155350021626,131.00567675548274,3268.621425081199,47020.74134115145,0.5558378067484663,0.151004229573262,0.1130900346470708,69436.0216435285,0.8481627806847323,2842.1680335393844,44473.44289736214,0.1465366019524776,30712.199828630884,87972.42346532835,0.8411653258131023,27638.28019940088,8.343723117656452,534.9985160862565,1
-0.5358871723624726,67.04640282590837,1.6811320114373949,19.55738163633024,-3.719719464889856,214.52389151447505,77.65839603658918,-1.5636213423641057,0.8170768034336063,236.67983599503933,6136.070562628129,49600.15674116069,0.2241605487574075,0.1475125948256628,14390.977707549751,18558.38328566728,0.8102018373283343,148.2039927230946,7230.688385675986,51540.19875047875,0.6123358348968105,0.232027068027477,0.1609975857506215,17250.834833397166,0.8157191812481076,6023.132911715204,49076.69760799714,0.222863947672033,15197.598064466772,18918.257943591576,0.8109831715623589,13871.118924182494,7.169876742584369,421.94197120708753,1
-0.1959222622781047,48.48694316461874,0.927278704857036,10.69245073942182,-5.629089212153913,237.2090623992497,55.70465668047393,-0.9581391571695947,0.8136501773978894,1385.805303434775,2471.937319807795,17518.13799608471,0.2369240557045035,0.1647032329828154,15996.40120619476,21063.88560242036,0.7904991768699869,809.6403399737965,2914.4113615748984,17501.92505123123,0.2533275462962963,0.2414533031842806,0.1744427793274885,19384.89837739779,0.8153696016667134,2419.939701193078,17503.70044068647,0.2356599804520976,16834.187023037513,21449.196875783746,0.7897025678739704,15219.074515556418,5.532049591136903,461.8346727898967,0
-0.0170916969624715,90.93972203282335,1.101898617412239,18.70361233981797,-1.2580038027876197,211.3918737707849,80.33332062800761,-1.628519494338372,0.8493699227090893,275.0669214945363,3264.8017886582147,46817.502545847135,0.1568171966003708,0.1150877780735668,24134.9744901425,42538.88640707293,0.8365242499889651,107.15968324964486,3613.263471032533,47075.47470357399,0.5834509585084033,0.1603757138980885,0.1198736919688931,37958.14156715473,0.8502714963629928,3228.696138854159,46588.66989777157,0.1563078739666035,26302.281635654923,45244.84837831875,0.8374321925626016,24190.343766563085,8.562126268947296,472.8441691860636,1
-1.1818506968696771,98.38575659310985,2.456915909508698,29.06344295666217,-2.0845475091075047,188.57471547721764,90.61024065718829,-2.1330464654605703,0.8762652575774629,71.89000691501623,4614.957534708062,82422.21193638185,0.1439401976662477,0.1022518171953444,22788.728177521178,31796.718097838613,0.87306029235807,34.034957517801246,5056.2292318805685,84370.05735956796,0.8854471247563352,0.1491866191725226,0.1093069613994859,29927.17500257989,0.8758188413565215,4577.56074849474,82061.16044255107,0.1434131097787501,24235.03659762182,32003.04259198321,0.87436562755991,22443.907705583595,8.423650200181692,469.97586846990185,0
-1.5273035591120856,83.95874280869708,3.2074116788244846,26.13168126340872,-2.069970459964849,209.61432512703573,80.68217736159286,-1.6875725107005806,0.8357004758008302,176.10802984742176,4570.337302189959,65050.69285909546,0.1598049318937313,0.1074179624620033,19948.25586820405,34018.91861818992,0.8396756800525693,127.64386492811768,5300.882237187754,69742.81779624589,0.6849678077889447,0.1661442020488729,0.1176007136855281,29241.992998041744,0.8433168615156782,4517.437732041969,66533.99626715093,0.1593343652537611,22062.622841000808,32844.642927764326,0.8407471930193352,19948.074164906426,8.424552735667131,485.937188885872,1
-0.1775718807024136,37.317654068715015,1.0281271426916885,9.58126693221176,-6.651159775387489,232.59434666719412,61.59322042121978,-1.0913045224578048,0.7604272963717165,635.1989782813437,4641.360055937669,18894.882188418615,0.2945010120619483,0.1919142100586012,7804.378706539059,8999.007306144582,0.7451770152462168,324.8076188961349,5515.659827156566,19518.31445840624,0.2674257032667876,0.2990287336757816,0.2033225580834738,8146.346455649224,0.7655256137176314,4365.273816849817,18664.090871794877,0.2917610217360039,8257.139106227107,9114.400263736265,0.7449161655445132,7326.23196600677,6.742944460653654,555.2424824056301,0
0.463182733438142,107.4897833359253,1.2499191863179109,25.648594027676367,1.390908842369064,202.8929145949108,84.12905054941328,-1.858112687524652,0.8505446202746139,139.2383719615602,2927.451283210853,60452.421955907295,0.121977104829784,0.0859189394856211,30635.551730246283,63895.026534765406,0.8494334376627243,70.40729627630868,3266.3755207771183,63266.977398812734,0.6880495484790875,0.125075037903769,0.0909352108309526,53041.313211009176,0.8443602614154833,2796.2806547068617,58201.76373219901,0.1185078719684199,34351.49573469577,67387.2214837248,0.8479744528147893,30782.354257524035,8.90911085112606,543.165892518878,1
-1.4296136563348765,92.1902097419753,2.89815891874823,25.302239309114903,-1.8584598806460977,210.83104995473184,79.96478449903833,-1.6570650563986455,0.8491173634220137,291.844355449724,3918.459721142587,69289.49702348739,0.1355446019786919,0.0950294688515948,24344.51720253544,52182.16280785996,0.8496064274185025,150.45054298600283,4430.569215541632,73185.36812863586,0.7352056788224957,0.1401242582022015,0.1017294391649175,43709.84439692603,0.8554629870726744,3885.5332980194817,70610.7918248433,0.1350304001690643,27090.659250757777,58472.778121106894,0.8502221604086502,24380.60716648604,7.7201696224103955,478.56793722934447,1
-1.2885627656096754,72.59688026758384,3.081139015413875,20.794938453650232,-2.4039865832169376,209.70080480704868,80.69064934165621,-1.684180096301411,0.843738987917676,231.3257158100658,2676.4357993953404,30261.79459363329,0.1911287529774051,0.1298768036815844,15692.250158991244,20851.471923350524,0.8345600354320137,105.6237665872746,3081.488048656005,30951.67476182375,0.4621750454567792,0.1968895397999296,0.138892047130681,19676.991855222863,0.8455261028944866,2679.1654195439305,30459.484357306213,0.1911803661677587,16532.812931589582,20827.17567777605,0.838411636786225,15309.911115013116,6.818887280312583,473.35890307685065,1
-0.1723747991276388,86.99061164795397,1.1822470628380537,22.02017993452061,0.1428679228671893,197.38997113997115,88.59725926411996,-1.9507385218865243,0.8581003951794499,87.26211182408207,6817.511904980786,75997.33515968302,0.1961078691716501,0.1406482322872971,18744.334474392366,23548.78695140561,0.8495275777467154,51.09655264208705,7625.690909090909,77094.51476108079,0.833740234375,0.20272872176885,0.1500787609059973,22470.581738320245,0.857193029748985,6635.821330206938,74938.94497171356,0.1946392271986997,19649.38986898913,24348.821023150216,0.8482543653530192,18273.814398729533,7.761630099698282,556.6418322667563,0
0.1409161483253601,89.49863012868497,1.1607855122268709,20.503002112431915,1.3643428999829408,218.72165514797092,75.16825335810451,-1.4478856391353512,0.8746194984701794,626.6279949162914,2554.9754287417823,46420.34398192459,0.1416651756698864,0.1069257765875988,25022.080110754545,163485.01837352707,0.8691813428237208,269.05888944411635,2749.695437544481,47593.8895652569,0.5211410984848485,0.1419413593369904,0.1091314045868599,120922.0777722255,0.8778203640159559,2576.9786178049694,47089.17236858534,0.1414224070476116,27180.33677737545,135111.87623298788,0.8670396728052767,24976.536910846942,5.663609782030835,450.3414037412713,0
0.8148645710222867,85.4327525457194,1.9964971448323128,22.64808660289325,2.487982196157936,221.57533537059095,71.926399177796,-1.39411947538703,0.8338945376717215,576.3489200664575,2261.0630238139192,35510.52298320104,0.1499050903159011,0.1040586327155923,24867.10211482554,59747.54364039136,0.8318073636249677,253.794070596418,2607.274665275604,37562.88589810468,0.4749438424947146,0.1538576174699494,0.1105450739840474,47312.14253173361,0.8365512434649309,2234.21002413217,35570.055949508074,0.1505347503422272,27973.19610172638,61474.98067570076,0.8332042369634866,25117.35007269713,7.231432782269266,582.7325055027202,1
0.3102518523828657,95.07064867657148,1.4766433577738658,20.96136436539355,0.938160145564358,205.6447898147617,83.8665443689509,-1.765491015157789,0.8769545283889345,229.17364108757727,5314.530689688592,98292.82487531033,0.1438812226045462,0.1067023023756896,26240.732571678785,37284.84991761908,0.8711487473636872,128.62465940054497,5759.582004753899,99877.66390805264,0.8191964285714286,0.1473157956021105,0.1116295548339147,34391.16516899531,0.8760076142654013,5260.558051704758,97533.9377144998,0.1435140411863724,27959.014979393032,37754.454657174974,0.8714140874060823,26309.21234751332,8.016975397144003,573.52063405302,1
-0.7825134518923847,49.94983965493137,3.305248346292848,14.475525089661328,-4.626830408255898,231.00776664754423,62.84885511091844,-1.1452348643478014,0.7986274720488574,908.740937294256,4283.519881092512,29966.510963030945,0.2354411926105047,0.1503893688570984,12901.27836980998,16484.85150529697,0.7919588240742254,412.7686822166097,5222.792081414352,31715.38497251523,0.3991342504743833,0.2437628486226012,0.1669118791108429,14949.980983509136,0.8002746058693151,4285.194255645692,30155.797392916225,0.2356167811293268,13522.88953778079,16488.88808275697,0.7916736762008156,12189.87195895592,7.1566751982113175,485.495881997115,0
0.0272753506049904,91.35954551891408,1.2665594516101528,24.2431825876272,1.7879868516055486,196.9051021144548,88.07055569810667,-1.9789212441676731,0.8591680730199875,83.72801742456438,5053.592626434339,65953.52996175096,0.1797147194211029,0.1251360360252208,21036.6612111848,26414.7425520612,0.8523987635206919,48.75205031189283,5742.87483382759,67388.52095306269,0.8214885752688172,0.1869668318384276,0.1343815181583878,25025.740842621944,0.8577108921436554,4907.6025943777695,64726.40137374783,0.1790244890844942,22033.658040306665,27730.9226215508,0.8500496111325064,20498.583596334516,8.485516345529335,541.5295211000473,1
-0.149800106609806,106.1274416088592,2.4030440603941896,24.547605193371314,-1.306136936640048,210.47448916133615,79.63047663228812,-1.6774548912071887,0.8427333881894633,265.37319598342447,2919.650835920552,51662.669346981726,0.1337044076687323,0.0946918982079944,28195.609726949184,393970.6421584547,0.8406160131189304,102.31741508032202,3350.8078117578284,54932.21424482687,0.6681884765625,0.1375711643285167,0.1004381600051537,227509.31331068,0.8484606476435229,3000.5548763403885,53519.869081276585,0.1343995819489695,31780.87737194672,295536.98576195206,0.8412525896840845,28315.403509190637,8.088859275053306,515.5293920522773,1
-1.0317369833706111,65.68486395371265,2.9507305999506106,23.08505875670693,-3.274821310957549,217.4641592920354,75.28726834312934,-1.4957047134539887,0.8209225049528566,258.5520232178003,3925.377255896187,38009.072088601264,0.2008386090052448,0.1340978686376405,13680.667390807552,22661.084631550857,0.8175530471925664,139.60086617035736,4471.917761234135,39809.18278091264,0.4374101216814159,0.203892648387021,0.1406146182719298,19739.484375740907,0.8223398500636545,3745.969046328908,37555.90260092116,0.198357346422032,15063.28630452452,23139.7137632078,0.8160342181266296,13504.62515243082,7.9669357191481085,571.2985518439855,0
-0.0945973086597187,79.10563412891258,1.2396832702255547,21.850338094731484,-1.068637410954536,218.5445957599713,74.92636633375437,-1.4596492272549546,0.8424265298102347,400.0540526887424,4175.294839736303,53069.18572402819,0.1732837020676478,0.1221431500922771,20538.10985206372,34534.76987194059,0.8330809377582132,212.83152894654356,4738.631953319027,54357.95384949244,0.563491847826087,0.1780582796124931,0.1289718751607133,30715.216092397462,0.8383213375487769,4132.460467251582,52044.53672719853,0.1715354016833415,22369.775619771477,36384.09640889614,0.8325180612340237,20258.85042413742,8.13092705713259,481.29668813247474,0
0.9297420267861451,76.08350906805009,2.2576334981785675,19.791643189225592,2.501074101906539,215.0583959628077,77.6074435737847,-1.5439860739344446,0.8376118162611206,272.1331283209093,2836.7177056774167,34016.28313124039,0.1793910253069535,0.1268325597501404,17476.783935485735,33148.00936180152,0.8326696250261606,129.13295500608027,3243.5193647050155,35546.08328112909,0.5216647443291041,0.1832289556336373,0.133638028646518,27952.676659173823,0.8345347844889183,2808.5177391923426,33226.902029031364,0.1796377379260481,18935.030356365936,37630.75629869873,0.8298115789162755,17282.540067372884,8.354007081948259,564.7354436608168,1
-1.0035352850033863,94.95409028803049,2.37388913600413,23.555222615628225,-2.6377364029913326,209.5969943763245,80.92364041916277,-1.6831795525448487,0.874662944295995,236.96550590927347,2966.707786122032,59926.077715162064,0.1382750728609134,0.0981780604404007,28335.45349713892,38350.98623400967,0.8664433875020263,111.24788868239666,3367.1299254275564,60835.5994965772,0.65503266765286,0.1437080092091715,0.104914093942396,36065.43155567056,0.8667995690340744,2879.752860751969,57658.5051765988,0.1370937628955817,30039.7448234012,40367.56073215436,0.8676278679143645,27868.111831171627,8.086914488193734,251.8919241169332,1
-0.2449766687003103,52.448442103244254,1.0445714375499129,13.572663071109725,-4.815281586692092,219.95799412785263,74.07851386779254,-1.4191161799500969,0.7937096256975109,281.6663151604626,6278.344370628141,33567.30461527646,0.2724589196814136,0.1791134619285941,10234.70189785712,11611.095803015924,0.7831190840575651,167.69719396644706,7260.149096460515,34566.2081708511,0.4652076578662961,0.2777487304851543,0.1896444088930016,10739.641355392198,0.79210145642628,6041.555642997675,32833.59259524236,0.2701378579963835,10681.984636022178,11824.162743695224,0.7826234796479173,9766.0462834831,7.144020133076586,539.7048380311318,0
-0.2743060823329163,40.23023224851697,1.580025424701662,9.778448211968255,-6.483636647711661,238.80105137899352,53.01795675400472,-0.9166110661054222,0.7765910429940377,1420.126862026862,1698.726617826618,9250.700976800978,0.2542213010389683,0.1661014539681074,12423.331629478876,15104.821367521368,0.7505503093997945,587.6813198981287,2201.0770678773115,9520.726165430186,0.1790728109137055,0.2612249573679892,0.1824956767412609,13501.092791495956,0.7742498251541254,1716.1811893203885,9266.703519417477,0.2525992478965357,12842.71468446602,14906.021480582524,0.7544528902797775,11635.152957825712,6.495360677220624,625.5976539589442,0
-0.136864246488933,50.70479232898535,0.716267247036303,11.489407454346216,-5.130502260310145,237.03995287657,55.79165669208585,-0.9657383301530996,0.7998000517439883,1239.7560910307898,2675.1309906291835,17963.8187416332,0.2356369567502645,0.1600574291475373,16065.470131955171,38551.74076305221,0.7742971195287033,705.3833197159198,3208.272767267928,17887.485701715796,0.2605968291404612,0.2384449184855851,0.166621219138649,29592.840110615296,0.8003169066793165,2598.591326444181,17787.58776893105,0.2329467499637164,17178.487176012197,34505.12505505675,0.7807196484799507,15316.833299134263,5.4298064970965285,560.6919374247894,0
-1.7921058995421173,72.25986662273553,4.206932480864763,28.819595797773115,-2.3799493171555235,219.8782414118405,72.55864381263056,-1.4521395415901803,0.8273432996605296,397.1556633357026,2112.328678345946,30785.07082828114,0.155686818745154,0.0997813572182601,17506.895571225537,31080.064431157756,0.8256590932294032,256.584897755611,2482.524588528678,32130.9873117207,0.4460154470387243,0.1638452757220884,0.1106272840787836,28431.84275311721,0.816456621159019,2041.744211023757,29075.75963397345,0.1567619212454588,19347.59404132835,34404.1644971431,0.8300564541265155,17290.858742193064,7.623961712799981,423.7170360420864,0
-0.1996412962890696,58.41534408764005,0.9542957127432006,12.85198777546966,-5.966206785965516,235.42760369922348,57.933692225998456,-1.0135240245568105,0.7945251186491857,1284.774785992218,3153.69130998703,22838.57063553826,0.2230723387789617,0.1491033833391663,18553.67726390856,47136.037769131,0.776767874689761,586.179986438051,3813.940521166328,23353.70711033614,0.3084070267686424,0.2284273576579048,0.160068006695553,36820.98106170687,0.7947221441867659,3005.12529112852,22410.71972263392,0.218910406750855,20317.71617615922,51200.715964429386,0.774869849411994,17772.100624410552,6.64772700667265,554.2071469086785,0
0.2492583365857471,63.64281017297269,1.3960263208925503,20.15262540113534,3.944109499344112,218.26378502849116,74.94187783942388,-1.470588249078412,0.808788385432231,286.5517882411698,5371.162592602869,44304.29022502151,0.2158115840396166,0.1380249090812887,14061.778828945196,19331.32168918732,0.8009886683099656,173.19938781598162,6532.908535557256,46465.466764374,0.5428309923610378,0.2262224047126221,0.1545499958380068,17292.301111529032,0.8142611797916732,5360.409727696414,45138.58575004495,0.2158615705155249,14856.58232031974,19227.986364076394,0.8013108517103589,13493.066179577492,8.061310592459606,512.0656168800676,0
0.6772783936585658,66.56535669892115,2.501067057291219,19.61819048013373,4.273080828666824,226.09789298828463,68.02589194939215,-1.2746076317477937,0.8200307247034012,629.1230139752378,4389.942850310856,47666.188001487855,0.1890055261201569,0.1234318117166065,18669.430070128998,29452.19736702269,0.817879753460117,349.4046734660919,5368.874678559449,50770.4216430426,0.522327917358804,0.1980985359278137,0.1381181381727224,25555.80681267625,0.8247390007012616,4482.538540704579,48561.63314421428,0.1919941813629675,19961.77334740731,28839.742802480538,0.8177857513356827,18070.141534732054,7.083808358104564,608.4377214193331,0
0.6214459076236171,73.3876528976927,1.6100750723658672,22.323594524539946,2.453690742829698,229.94332820466408,62.93528222992168,-1.1944018160018552,0.8018495129167215,1077.5881852283833,2338.873183494625,38172.756895627776,0.1358759524341339,0.0880839127315595,19329.76328687793,146373.1526494972,0.8105860922533566,656.9853610742897,2819.6057575932223,42825.127082012565,0.4442993406312016,0.139789813261143,0.0970248544908972,109358.20516108582,0.7992913405989565,2359.4830955822285,38037.72868095268,0.1365683118011395,22979.81829321938,266792.1282756237,0.8083117794344168,19884.76577896072,5.771207047394937,504.4790089470062,0
-0.0550156379255479,74.93633957422988,1.1638636893121133,18.140126615776506,-0.9619804429303364,222.86600381800827,71.0804018984589,-1.3562386532885558,0.8051946839571257,366.6964833871455,4318.613093060614,38273.75539579788,0.2016741065865909,0.1359966175369766,19385.98261456213,39598.28435099327,0.7951741512941605,226.83779153642703,5075.329165664823,39461.42350925703,0.4641741071428571,0.2097113810431552,0.1476390160337128,33556.0291536427,0.8068810215167824,4179.662606459907,38024.307793668646,0.2015720187273674,21747.277534950987,39134.33350474048,0.7979260800556585,19342.15703771661,8.462428412344893,461.1289357026485,0
-0.7798910579883676,69.3254395196627,2.829306567232381,16.1987879811846,-4.2526769287751085,229.43568608165128,65.24982766808665,-1.175373859148999,0.8448982323373968,937.9687091166508,3030.4943636982744,37750.68719869532,0.1752055206053074,0.1250652519068121,22784.70087094021,33854.078388501584,0.8302542635423307,436.92174183622313,3412.064739744498,37776.84548896226,0.3816973711993243,0.1787684632938066,0.1308003038933294,31606.48002489325,0.841715046860124,2798.47706269099,36218.06328363738,0.1710376756040511,24557.437855356977,37716.29421242708,0.8293893291776072,22192.912705217423,7.190194149846048,235.02958924027627,0
-0.621716861804673,72.43597160297784,1.84738812910604,19.74116023894468,-3.621343160226103,218.5922744157615,75.18129398516368,-1.452797244674582,0.8439783423880018,344.3411195391906,3610.010666264798,40263.30260712312,0.1932485045740727,0.1338035866949699,18844.588815665425,25142.777699636645,0.8371293146799489,187.56224354573467,4140.565340954449,41560.92508741398,0.4797257965686274,0.1978695559247925,0.1408824804878694,22958.54848083279,0.8505894552145596,3516.662826240301,40852.761748009805,0.1909480856391488,19987.89294951463,24754.56502972692,0.8347711014664557,18398.87204594584,7.497145812761556,288.63677661465533,0
-1.2739866783997829,62.61793172199848,3.875426291854656,21.127778835427485,-3.1309593218865808,226.23925404454076,67.8485565060447,-1.2716886299370398,0.8327897126614147,498.0117679172606,1831.4584634982257,21610.521094294985,0.1800065385536185,0.118516378174941,16935.989343278165,23651.01201055473,0.8214755436392918,348.81864745203575,2153.954365251613,22033.107648233352,0.3417424841772152,0.1855599933168536,0.1278138399892227,22076.881586943317,0.8249511607223986,1717.2523785678518,20490.84276414622,0.1769258996364123,18209.268590385574,25819.769623184777,0.8199948040464561,16328.76353328418,6.05150612604075,244.9065095097776,0
0.5835267199933054,101.23591900887249,3.3525445935715923,23.562170176781617,1.541980863446865,200.198648698136,85.85920646095933,-1.91480984605125,0.8732713433144541,257.3972892578441,5834.130384457416,116445.27984865646,0.1377452292603691,0.0998442011528243,27078.468467436986,52377.789089822894,0.8746151461659658,140.01744248388596,6468.3834248746025,122304.82344250772,0.99654492781155,0.1417323256061643,0.1053830233376051,44068.26139897299,0.880807730370107,6066.554076111876,120974.28144276324,0.1401958038060317,29115.64661470273,53503.53532018951,0.8760875752539786,27278.293765095197,7.059087413483722,499.3915778792491,1
0.6264625234033707,64.61923561320326,2.1511931469298826,18.282995529289277,3.89186669257366,231.3124887317107,62.33378569530496,-1.1400323758969195,0.8379651155605172,939.42614023145,2701.9348763331063,35128.6385674306,0.1712129342990192,0.1172544043730605,20450.08691794676,37404.26232887073,0.8282952069039715,492.8980306658565,3175.127953107688,36303.6483434004,0.3486219098883573,0.1768423029854688,0.1254297816958681,30452.213070517173,0.8461598373851816,2739.2820197044334,36359.458538587845,0.1721373002246731,22131.484270040302,33132.58977086132,0.8296685207999596,20115.041921103497,6.691508910616462,490.5168368702783,0
0.2887324561403523,94.15409719223304,1.5930488828095353,25.396977980091464,1.7769146460908645,196.7775511221235,88.71639121001076,-1.9688283557449309,0.8762319394096116,121.71474903961207,5888.023253983249,92927.96814975754,0.1612665010705783,0.1165002316241224,22753.92067741919,28855.68530763902,0.8686890385910534,63.76164150379169,6460.604760115629,93726.1858423365,0.8378970497532895,0.1659853589566821,0.1229944009742688,27766.100585046428,0.8718190904841975,5729.635780652796,90439.9559098687,0.1598104021124817,23861.506084981847,30190.95789288513,0.8678735446026824,22332.038124511168,7.284194150148098,546.5810739704783,1
-1.0682792765048847,103.79692837491515,3.1410496939147543,23.017077471398395,-3.147135885149771,212.77391804221077,78.50687610956591,-1.6135942754437569,0.8680638464175215,424.80456605001626,2649.266703381981,57189.31193831827,0.1180170544475498,0.0851061601371406,32240.131946159938,268432.8623926703,0.8641093468660014,190.53545090856508,2920.418108642213,58908.30006747964,0.6548926767676768,0.1212240479959035,0.0899515525765342,175701.61206439484,0.8680979614763699,2624.4624711970687,56878.79007542276,0.1179750218521949,35184.85380072778,203244.8110149964,0.8668732859736564,32240.15430232277,6.818399441570174,483.43159686111375,1
2.688217977712229,104.13046853051358,4.65435670581414,29.930648649399892,1.5486662536771127,193.75040970173717,87.67113798503422,-2.095886686518831,0.8395349408989425,75.54312325192419,5908.408496255735,95721.17518582522,0.150704411442669,0.1030482217936171,23965.55439326564,57034.82214217799,0.8438555625153051,48.789298624277535,6734.61221289912,102453.7895347998,1.0538509402654868,0.1552394745497042,0.1106838150069883,45126.46094903201,0.8433976658363509,5914.460377594139,96733.1811646996,0.1512996372171109,26859.990730140227,56252.50569305385,0.846666372264299,24305.475270645293,8.047738446411012,479.2081205311542,1
2.154372835225642,102.16817721544412,3.740011868851312,32.03753285852011,1.4818603824856198,203.03200452716297,82.52464317070984,-1.889180981928141,0.8440552013290823,205.4683841449739,3786.208968167342,89884.16207891628,0.1132721551239606,0.0740998465073132,27012.83446930044,62560.1868841674,0.8538885600196645,87.44971856888097,4434.454845630851,99053.5683097414,0.953656462585034,0.1181351052940608,0.0819485348975572,49144.37902641552,0.8484418251565883,3904.305237808549,92600.66512973378,0.113925297406129,30542.78860075476,59897.24174388041,0.8528152321103231,27490.74746724203,8.695596196224969,623.9431301869395,1
1.978999296413652,95.42337808195212,3.99832301867862,28.60016872536323,1.776743558728259,227.50940622164427,64.56426737762415,-1.2773595161036273,0.782581045433812,894.6766275091513,1138.9583702179582,23859.85293202861,0.0827810120001802,0.0554740763903016,29596.681315733716,177916.78362083403,0.7964707885566439,378.5867627175934,1381.1233733310798,28072.80872908569,0.3705536072144288,0.0825401898438536,0.0590637284908495,101672.79928595573,0.7793301072226705,1167.0712961441882,24110.54776935533,0.0827617765314486,37303.97270657811,147905.61364436414,0.7902212307300592,30537.57876926593,6.31788516500313,613.2260547527412,0
-0.2856898583336353,48.58244262975283,1.4425482854659823,11.87500023877155,-6.168371755343373,230.73984280800235,63.80889271182949,-1.1406007608481854,0.7817756967265134,645.4942416974568,5034.544219009961,26467.17181996932,0.2639024202269329,0.1747571755104338,12188.66623841585,14763.679414878676,0.7696556293593562,411.4303754128736,6041.037420446306,27535.772617417224,0.3652601224105461,0.2706622466218015,0.1907189410790437,13628.519757512286,0.783621125754705,4725.807660799292,25975.900431750248,0.259421586279113,12912.102003763976,15553.532314845566,0.7682273930583711,11547.390653060333,7.231448884372341,472.38534998425854,0
-0.193434259259259,44.71333939782685,0.8699500042182731,12.604693674659448,-4.937396125562253,237.112295751634,54.99589766055168,-0.9757657394069664,0.7967757648750208,1129.5954206072672,881.9369835739174,5995.963265306123,0.2297097401655956,0.1501395303742235,13789.571180719056,17405.68551518168,0.7567300020425747,429.0715063520871,1178.093829401089,5915.47332123412,0.1406760620915032,0.2382507483395779,0.1661062244945134,15721.578493647912,0.783419690699884,945.0319843978548,5913.948025353486,0.2316808198124092,14130.54480741102,16962.53603120429,0.7608885707099279,12765.55359821126,6.108796296296297,457.4383913958382,0
2.341351825842698,101.78859341490556,3.8487842282032902,31.85432744201678,1.2971947214934223,204.98478315322407,82.02499871040224,-1.82926733190304,0.8272873948692103,313.71905188256915,5559.263960228076,109108.55533433864,0.1216525999934533,0.0824072885633808,25362.429574429854,72218.56455280147,0.8327782036754124,142.5595911398811,6254.327772123882,117238.0650160997,0.9865311183286516,0.1251536574901425,0.0883392572734327,58624.56712657869,0.8175767351639605,5612.961488980026,103721.9149991242,0.1249168869383963,29152.576064700446,84453.26954089984,0.835838110069981,25949.326875177216,8.028496922636513,466.6112037672913,0
-0.9443344488216764,78.15489242812286,2.448569317969712,23.70489880981236,-2.669184256558781,221.46256524665472,71.90633761822657,-1.3992133043156545,0.8395477164468309,477.5208171522497,2455.4933981178765,36876.436807976446,0.1536713614412295,0.1057356732337038,21717.874145957718,39887.93208460524,0.8339097461176429,251.87070356762695,2834.846547402397,38280.28012224016,0.4144324908925318,0.158425167393535,0.1131179878460754,34155.72214400989,0.8337719027799919,2399.654948203659,35671.00304900448,0.153491898609008,23855.479318198515,42077.67577694512,0.8321000679397876,21516.312719513957,7.577940629662576,464.8751645721125,1
-0.3856421040988997,72.79130478871464,1.8277257613939832,18.718540650488382,-4.358876413631346,224.00908967507428,70.04836468062547,-1.3272648319296496,0.8368526737690257,545.6261239647007,2699.1931445976675,31737.25105876953,0.1831668127044173,0.1243061195958954,21104.842598547628,33381.39037823629,0.8282973784391022,307.6732950039651,3165.3966296590006,32725.598255352896,0.4388223830734966,0.1896686339008943,0.1340986640695942,29961.10802934179,0.8414609016485846,2644.8375350140054,32069.08131610853,0.1814365105444292,22621.035557506584,32534.155085914965,0.8275670452057324,20439.795179090463,7.048484970363034,605.7486867339281,1
-0.1939094677945171,107.6337519897032,1.5980992851933538,27.28269211580654,-0.6036999695936878,195.31263106881664,88.05947674226564,-2.033422334743515,0.8715970325638427,134.6495388544672,3662.016657995554,76257.89540746347,0.1270697456458395,0.0919172415889236,29318.32459577944,48559.361046209146,0.8675161699540611,70.18059217476781,3953.9657795375415,77787.09017666026,0.8767155283505155,0.1300051750878549,0.0952136613299828,44520.6307497267,0.8582571237271078,3518.707504948371,71449.68637564719,0.1253964736067114,31865.856034087697,53938.97147008064,0.8669763483594356,29201.17725808915,8.463675213675213,246.80583544057575,1
-0.3913358147912188,60.83210814153293,1.8453887240877045,12.93970055501131,-5.728176998343888,241.56813587849905,48.22398074563021,-0.8355924115234784,0.8363242609584972,2807.075456830888,1201.1477618100637,17659.711793178492,0.1489743732221666,0.1057712575940492,27559.65232476703,77964.2416794867,0.822298721767355,1716.6637934105077,1411.8653250222617,17992.191878895814,0.1979566222924187,0.1508958466353498,0.1100144216933783,68005.93114870881,0.836626355177442,1157.8266187600336,17328.54812323217,0.1499210612179133,30676.40631450195,89358.49464872717,0.8220693576994146,27124.855701167908,3.741491863492288,528.3598464070215,0
-0.7669066337719291,64.2463364125325,2.01900048190451,22.61524479098293,-2.8916243871431533,214.9665021929825,77.58909795401657,-1.5479042363945328,0.8417722091440586,265.163796319934,3219.338589635332,34111.03915715885,0.1934361304169827,0.1318232252391989,13592.358052232095,17362.74814916639,0.8325712210541582,122.99340725202278,3716.325516931376,34981.20002996704,0.4827835648148148,0.1996427295648051,0.1406092958240314,16309.622640095897,0.8391758893832973,3173.5703166881763,33502.31071180383,0.1939915855634161,14283.2899831232,17858.50340514246,0.833856776303153,13140.780120778076,7.916051413255361,551.4672660859792,0
-0.1975776980329606,65.17122351310219,0.7440600385412299,15.960529369247736,-4.637588966404639,222.33270069112172,72.35325695439576,-1.3544918646634712,0.8288216817124345,449.96135651662007,3803.475537707882,30838.56049870698,0.2251930677721053,0.1557526249668349,16622.0173407069,20969.141370392957,0.8106728806608663,248.962352097526,4483.481972829768,31067.55073503048,0.3961647727272727,0.2329068929716442,0.1663988006350269,19552.512788335127,0.8231624496511778,3777.543754627181,30221.014426229507,0.224589494437802,17331.599111581174,21569.857154944475,0.8097829557582885,15893.83568505072,6.785603402445508,565.9068744106687,0
0.1631889772322198,74.51230525341262,1.074558246229984,20.676581281893508,2.5795378084163,220.41450845461168,73.45001160314008,-1.4126134546686613,0.8402630825587477,388.4409862219,3745.527454677303,46051.12568527919,0.1773812585241695,0.1203826090403672,20292.459576544305,29684.45596809282,0.8330974418015293,230.7003728314554,4452.477568203392,47702.21969540633,0.4708683146766169,0.186529062467465,0.1327337824623426,27016.75888398201,0.842423523990199,3708.494753387376,46121.14038509118,0.1768483128189426,21714.00838293723,29842.68584360583,0.8329441566913526,19685.67938455813,7.323080857395267,591.768944608805,1
-0.5762204567980656,66.46792588544291,1.9660828481453487,16.199277756107595,-3.746108599768628,234.58100036516024,58.3663580504595,-1.0495258047720013,0.8513437673344031,1509.948190244979,1572.707018318252,24924.531118958286,0.1560820807480142,0.1095246248475864,25532.391114054797,40601.80804458177,0.8364348313938763,714.8507142483387,1867.537439171158,25370.29600753493,0.2849326097328244,0.1589772521030715,0.1130632261661631,36115.26304222699,0.8449057486866245,1576.4634483521345,24459.88558947136,0.155653342386328,27443.38796726388,41114.77101305021,0.8372985509722094,25187.875884052813,5.157579683180024,460.5702470794996,0
0.1371266611990106,87.94755774503498,0.6400678105225235,20.68951285098689,2.4705035724642195,224.14206088209767,69.64797399759944,-1.3291674120613723,0.8397680866762743,557.0550293925539,2550.1317766165903,40808.1648922273,0.1405074464990524,0.1011826498625603,27812.66245652009,72614.22792292619,0.8244191827638091,298.92711517252246,2816.517189223255,40699.97756420356,0.4599808673469387,0.1418683566782011,0.1031059797857728,60370.03658421301,0.8305751623829185,2365.97794217919,38148.21283921997,0.13719186418575,30989.64354629756,89787.69425882994,0.8288341308943331,27808.668174128463,7.541576755555909,402.79548030862617,0
-0.6249573275779551,79.7595884537773,1.5430599848655553,21.029198362077928,-2.9541547824848524,205.35829616584675,84.4994532040028,-1.7624387597268505,0.838017019882565,97.61188534717074,5622.214628119595,53724.72710649864,0.206371336758194,0.1439091350065139,17059.214436744882,22671.11518408698,0.829737135616846,61.06798027220562,6361.184853227107,54841.65744297434,0.6921940651260504,0.2138076528620969,0.1546979432100193,21123.172274387063,0.8412305766114365,5380.759184801729,53224.42757702166,0.2054134751282463,18209.919334573053,23214.32131728401,0.8281122900365789,16591.85133462634,8.66727761719722,537.95090082167,0
0.4378290409540213,91.0673623887119,1.4643386776538758,21.889957469674105,2.718287528788596,204.6764343045127,83.99495138421243,-1.797378230459196,0.8506180756939486,127.91082963164122,5141.265842918938,70617.17948519,0.1669812112094606,0.1180052831535859,20556.43145878446,54739.795889666944,0.843123811587183,90.98988200341938,5651.546876313798,71910.25085718023,0.808729750967118,0.1699589308707901,0.1225899998258365,44211.25267898016,0.8465236631679011,4939.063859406625,68591.10390482303,0.1645842360126948,22755.743288739694,58077.49598657254,0.8441903906331065,20585.248385496325,7.50517826954416,464.4375048311046,1
-0.4372807727894267,75.80558414820085,1.2100370331160009,17.5475301519113,-3.701267045639376,206.6032269158021,84.70026962845293,-1.714165962983199,0.8741976872115111,282.78459532862576,6183.695209125475,66995.94924497556,0.2001007577370809,0.1524018704964153,16289.284601198133,20325.067495926127,0.8644382223859229,125.11584240341162,6604.395582712749,67035.619481043,0.7205999266144814,0.2036054195614565,0.1578254787981609,19440.007903167632,0.8769473116236344,6201.498075794143,67431.35340160459,0.2015039336911966,16748.628943534884,20868.442578218423,0.8631720786469231,15979.746104165475,5.696034520875468,433.8674582403878,0
0.8315759877514066,71.24622535042859,2.608018674321226,22.65634326025298,3.405535389337539,212.52223036412164,78.9427432207777,-1.6142498183936262,0.814846342155137,166.76230563443295,7525.011394866831,68354.99722432731,0.2072227150585143,0.1325348312537494,15194.33674706393,22914.37238753504,0.8140173187249508,109.3358059085432,9086.049984190333,72912.48164796569,0.7325282952724359,0.2175838451975431,0.1480141143591145,19867.34111282976,0.8190993853586623,7442.674190831869,68937.74708919156,0.2079364926630902,16239.288270723491,22809.47503844464,0.8135904857126894,14757.937558462185,8.690285125345534,617.4214876033056,1
-1.478401467942591,78.45753334845757,3.438544018034668,25.636591119381603,-2.2426533048607387,216.48103384074255,75.57367118663618,-1.5290629218262244,0.8187940536768856,359.7319697469912,3319.249767399982,41954.49455265764,0.1699084569294917,0.1116201706415049,18677.84710847388,35547.46270896486,0.8159255656478627,168.883765351746,3955.705869036165,44212.12623804403,0.4818117364746946,0.1763147366570537,0.1217844067742466,31169.97891787877,0.8166817607281579,3249.421366157587,41199.892971658686,0.1687356857036064,20898.539518273687,37299.12918471241,0.8189585654767365,18568.15535290836,7.386752625652207,459.2294531011305,0
-1.4826233279024097,76.61456592684243,3.374655005764001,24.35972192876395,-2.293614140738652,209.975289301082,80.97591119943222,-1.6680779517761215,0.8543866688483371,226.28694569485685,4323.678981898285,57786.79065702519,0.1732272301246608,0.1184302337641169,17408.50675896286,26033.309704530217,0.8482214705259469,110.192449323743,4913.102373495773,59468.66943134758,0.6742806311881188,0.1782281522938994,0.1259457644857623,23523.682061694828,0.8527303182882061,4211.140737333882,56920.140543680856,0.1715987075969546,18523.99072886156,26670.0295441892,0.8480088494266047,16962.479130993634,7.668876634498893,258.3971647633829,0
